Quarter,Region,Trust_type,Trust_subtype,Trust_code,Trust_name,Domain,Sub-domain,Metric_ID,Metric_description,Reporting_date,Units,Value,Median_value,Lower_quartile,Upper_quartile,Rank
Q1 2026/27,Midlands,Mental health and community trust,Community,R1A,Herefordshire and Worcestershire Health and Care NHS Trust,Access to services,Elective care,OF0001,Percentage of cases where a patient is waiting less than 18 weeks for community treatment,M3 26/27,%,79.05,85.15,70.25,92.61,27.0
Q1 2026/27,Midlands,Mental health and community trust,Community,R1D,Shropshire Community Health NHS Trust,Access to services,Elective care,OF0001,Percentage of cases where a patient is waiting less than 18 weeks for community treatment,M3 26/27,%,84.62,85.15,70.25,92.61,22.0
Q1 2026/27,East,Mental health and community trust,Mental Health and Learning Disability,R1L,Essex Partnership University NHS Foundation Trust,Access to services,Elective care,OF0001,Percentage of cases where a patient is waiting less than 18 weeks for community treatment,M3 26/27,%,91.53,85.15,70.25,92.61,12.0
Q1 2026/27,London,Mental health and community trust,Mental Health and Learning Disability,RAT,North East London NHS Foundation Trust,Access to services,Elective care,OF0001,Percentage of cases where a patient is waiting less than 18 weeks for community treatment,M3 26/27,%,70.25,85.15,70.25,92.61,31.0
Q1 2026/27,South East,Mental health and community trust,Community,RDR,Sussex Community NHS Foundation Trust,Access to services,Elective care,OF0001,Percentage of cases where a patient is waiting less than 18 weeks for community treatment,M3 26/27,%,56.14,85.15,70.25,92.61,38.0
Q1 2026/27,South West,Mental health and community trust,Mental Health and Learning Disability,RDY,Dorset Healthcare University NHS Foundation Trust,Access to services,Elective care,OF0001,Percentage of cases where a patient is waiting less than 18 weeks for community treatment,M3 26/27,%,86.11,85.15,70.25,92.61,19.0
Q1 2026/27,Midlands,Mental health and community trust,Mental Health and Learning Disability,RHA,Nottinghamshire Healthcare NHS Foundation Trust,Access to services,Elective care,OF0001,Percentage of cases where a patient is waiting less than 18 weeks for community treatment,M3 26/27,%,87.32,85.15,70.25,92.61,16.0
Q1 2026/27,South West,Mental health and community trust,Mental Health and Learning Disability,RJ8,Cornwall Partnership NHS Foundation Trust,Access to services,Elective care,OF0001,Percentage of cases where a patient is waiting less than 18 weeks for community treatment,M3 26/27,%,66.96,85.15,70.25,92.61,32.0
Q1 2026/27,London,Mental health and community trust,Mental Health and Learning Disability,RKL,West London NHS Trust,Access to services,Elective care,OF0001,Percentage of cases where a patient is waiting less than 18 weeks for community treatment,M3 26/27,%,94.03,85.15,70.25,92.61,8.0
Q1 2026/27,South East,Mental health and community trust,Mental Health and Learning Disability,RNU,Oxford Health NHS Foundation Trust,Access to services,Elective care,OF0001,Percentage of cases where a patient is waiting less than 18 weeks for community treatment,M3 26/27,%,59.14,85.15,70.25,92.61,35.0
Q1 2026/27,Midlands,Mental health and community trust,Mental Health and Learning Disability,RP1,Northamptonshire Healthcare NHS Foundation Trust,Access to services,Elective care,OF0001,Percentage of cases where a patient is waiting less than 18 weeks for community treatment,M3 26/27,%,66.16,85.15,70.25,92.61,33.0
Q1 2026/27,London,Mental health and community trust,Mental Health and Learning Disability,RPG,Oxleas NHS Foundation Trust,Access to services,Elective care,OF0001,Percentage of cases where a patient is waiting less than 18 weeks for community treatment,M3 26/27,%,64.41,85.15,70.25,92.61,34.0
Q1 2026/27,Midlands,Mental health and community trust,Mental Health and Learning Disability,RRE,Midlands Partnership University NHS Foundation Trust,Access to services,Elective care,OF0001,Percentage of cases where a patient is waiting less than 18 weeks for community treatment,M3 26/27,%,87.58,85.15,70.25,92.61,15.0
Q1 2026/27,East,Mental health and community trust,Mental Health and Learning Disability,RT1,Cambridgeshire and Peterborough NHS Foundation Trust,Access to services,Elective care,OF0001,Percentage of cases where a patient is waiting less than 18 weeks for community treatment,M3 26/27,%,80.43,85.15,70.25,92.61,25.0
Q1 2026/27,Midlands,Mental health and community trust,Mental Health and Learning Disability,RT5,Leicestershire Partnership NHS Trust,Access to services,Elective care,OF0001,Percentage of cases where a patient is waiting less than 18 weeks for community treatment,M3 26/27,%,55.21,85.15,70.25,92.61,39.0
Q1 2026/27,South West,Mental health and community trust,Mental Health and Learning Disability,RTQ,Gloucestershire Health and Care NHS Foundation Trust,Access to services,Elective care,OF0001,Percentage of cases where a patient is waiting less than 18 weeks for community treatment,M3 26/27,%,77.54,85.15,70.25,92.61,28.0
Q1 2026/27,London,Mental health and community trust,Mental Health and Learning Disability,RV3,Central and North West London NHS Foundation Trust,Access to services,Elective care,OF0001,Percentage of cases where a patient is waiting less than 18 weeks for community treatment,M3 26/27,%,92.61,85.15,70.25,92.61,11.0
Q1 2026/27,North East and Yorkshire,Mental health and community trust,Mental Health and Learning Disability,RV9,Humber Teaching NHS Foundation Trust,Access to services,Elective care,OF0001,Percentage of cases where a patient is waiting less than 18 weeks for community treatment,M3 26/27,%,79.06,85.15,70.25,92.61,26.0
Q1 2026/27,South East,Mental health and community trust,Mental Health and Learning Disability,RW1,Hampshire and Isle of Wight Healthcare NHS Foundation Trust,Access to services,Elective care,OF0001,Percentage of cases where a patient is waiting less than 18 weeks for community treatment,M3 26/27,%,86.27,85.15,70.25,92.61,18.0
Q1 2026/27,North West,Mental health and community trust,Mental Health and Learning Disability,RW4,Mersey Care NHS Foundation Trust,Access to services,Elective care,OF0001,Percentage of cases where a patient is waiting less than 18 weeks for community treatment,M3 26/27,%,94.51,85.15,70.25,92.61,6.0
Q1 2026/27,North West,Mental health and community trust,Mental Health and Learning Disability,RW5,Lancashire & South Cumbria NHS Foundation Trust,Access to services,Elective care,OF0001,Percentage of cases where a patient is waiting less than 18 weeks for community treatment,M3 26/27,%,93.46,85.15,70.25,92.61,10.0
Q1 2026/27,London,Mental health and community trust,Mental Health and Learning Disability,RWK,East London NHS Foundation Trust,Access to services,Elective care,OF0001,Percentage of cases where a patient is waiting less than 18 weeks for community treatment,M3 26/27,%,87.24,85.15,70.25,92.61,17.0
Q1 2026/27,South West,Mental health and community trust,Mental Health and Learning Disability,RWV,Devon Partnership NHS Trust,Access to services,Elective care,OF0001,Percentage of cases where a patient is waiting less than 18 weeks for community treatment,M3 26/27,%,26.65,85.15,70.25,92.61,40.0
Q1 2026/27,South East,Mental health and community trust,Mental Health and Learning Disability,RWX,Berkshire Healthcare NHS Foundation Trust,Access to services,Elective care,OF0001,Percentage of cases where a patient is waiting less than 18 weeks for community treatment,M3 26/27,%,84.26,85.15,70.25,92.61,23.0
Q1 2026/27,North West,Mental health and community trust,Mental Health and Learning Disability,RXA,Cheshire and Wirral Partnership NHS Foundation Trust,Access to services,Elective care,OF0001,Percentage of cases where a patient is waiting less than 18 weeks for community treatment,M3 26/27,%,95.37,85.15,70.25,92.61,4.0
Q1 2026/27,North East and Yorkshire,Mental health and community trust,Mental Health and Learning Disability,RXE,Rotherham Doncaster and South Humber NHS Foundation Trust,Access to services,Elective care,OF0001,Percentage of cases where a patient is waiting less than 18 weeks for community treatment,M3 26/27,%,100.0,85.15,70.25,92.61,1.0
Q1 2026/27,North East and Yorkshire,Mental health and community trust,Mental Health and Learning Disability,RXG,South West Yorkshire Partnership NHS Foundation Trust,Access to services,Elective care,OF0001,Percentage of cases where a patient is waiting less than 18 weeks for community treatment,M3 26/27,%,90.4,85.15,70.25,92.61,14.0
Q1 2026/27,Midlands,Mental health and community trust,Mental Health and Learning Disability,RXM,Derbyshire Healthcare NHS Foundation Trust,Access to services,Elective care,OF0001,Percentage of cases where a patient is waiting less than 18 weeks for community treatment,M3 26/27,%,25.78,85.15,70.25,92.61,41.0
Q1 2026/27,East,Mental health and community trust,Community,RY3,Norfolk Community Health and Care NHS Trust,Access to services,Elective care,OF0001,Percentage of cases where a patient is waiting less than 18 weeks for community treatment,M3 26/27,%,73.03,85.15,70.25,92.61,30.0
Q1 2026/27,East,Mental health and community trust,Community,RY4,Hertfordshire Community NHS Trust,Access to services,Elective care,OF0001,Percentage of cases where a patient is waiting less than 18 weeks for community treatment,M3 26/27,%,85.15,85.15,70.25,92.61,21.0
Q1 2026/27,Midlands,Mental health and community trust,Community,RY5,Lincolnshire Community Health Services NHS Trust,Access to services,Elective care,OF0001,Percentage of cases where a patient is waiting less than 18 weeks for community treatment,M3 26/27,%,93.63,85.15,70.25,92.61,9.0
Q1 2026/27,North East and Yorkshire,Mental health and community trust,Community,RY6,Leeds Community Healthcare NHS Trust,Access to services,Elective care,OF0001,Percentage of cases where a patient is waiting less than 18 weeks for community treatment,M3 26/27,%,81.39,85.15,70.25,92.61,24.0
Q1 2026/27,North West,Mental health and community trust,Community,RY7,Wirral Community Health and Care NHS Foundation Trust,Access to services,Elective care,OF0001,Percentage of cases where a patient is waiting less than 18 weeks for community treatment,M3 26/27,%,85.9,85.15,70.25,92.61,20.0
Q1 2026/27,Midlands,Mental health and community trust,Community,RY8,Derbyshire Community Health Services NHS Foundation Trust,Access to services,Elective care,OF0001,Percentage of cases where a patient is waiting less than 18 weeks for community treatment,M3 26/27,%,90.88,85.15,70.25,92.61,13.0
Q1 2026/27,Midlands,Mental health and community trust,Mental Health and Learning Disability,RYG,Coventry and Warwickshire Partnership NHS Trust,Access to services,Elective care,OF0001,Percentage of cases where a patient is waiting less than 18 weeks for community treatment,M3 26/27,%,57.92,85.15,70.25,92.61,37.0
Q1 2026/27,Midlands,Mental health and community trust,Community,RYW,Birmingham Community Healthcare NHS Foundation Trust,Access to services,Elective care,OF0001,Percentage of cases where a patient is waiting less than 18 weeks for community treatment,M3 26/27,%,58.81,85.15,70.25,92.61,36.0
Q1 2026/27,London,Mental health and community trust,Community,RYX,Central London Community Healthcare NHS Trust,Access to services,Elective care,OF0001,Percentage of cases where a patient is waiting less than 18 weeks for community treatment,M3 26/27,%,97.38,85.15,70.25,92.61,2.0
Q1 2026/27,South East,Mental health and community trust,Community,RYY,Kent Community Health NHS Foundation Trust,Access to services,Elective care,OF0001,Percentage of cases where a patient is waiting less than 18 weeks for community treatment,M3 26/27,%,95.13,85.15,70.25,92.61,5.0
Q1 2026/27,North East and Yorkshire,Mental health and community trust,Care Trust,TAD,Bradford District Care NHS Foundation Trust,Access to services,Elective care,OF0001,Percentage of cases where a patient is waiting less than 18 weeks for community treatment,M3 26/27,%,94.25,85.15,70.25,92.61,7.0
Q1 2026/27,North East and Yorkshire,Mental health and community trust,Care Trust,TAH,Sheffield Health Partnership University NHS Foundation Trust,Access to services,Elective care,OF0001,Percentage of cases where a patient is waiting less than 18 weeks for community treatment,M3 26/27,%,96.0,85.15,70.25,92.61,3.0
Q1 2026/27,Midlands,Mental health and community trust,Mental Health and Learning Disability,TAJ,Black Country Healthcare NHS Foundation Trust,Access to services,Elective care,OF0001,Percentage of cases where a patient is waiting less than 18 weeks for community treatment,M3 26/27,%,73.16,85.15,70.25,92.61,29.0
Q1 2026/27,Midlands,Mental health and community trust,Community,R1A,Herefordshire and Worcestershire Health and Care NHS Trust,Access to services,Elective care,OF0005,Percentage of cases where a patient is waiting more than 52 weeks for community treatment,M3 26/27,%,8.03,0.3,0.0,8.03,31.0
Q1 2026/27,Midlands,Mental health and community trust,Community,R1D,Shropshire Community Health NHS Trust,Access to services,Elective care,OF0005,Percentage of cases where a patient is waiting more than 52 weeks for community treatment,M3 26/27,%,0.01,0.3,0.0,8.03,17.0
Q1 2026/27,East,Mental health and community trust,Mental Health and Learning Disability,R1L,Essex Partnership University NHS Foundation Trust,Access to services,Elective care,OF0005,Percentage of cases where a patient is waiting more than 52 weeks for community treatment,M3 26/27,%,0.0,0.3,0.0,8.03,1.0
Q1 2026/27,London,Mental health and community trust,Mental Health and Learning Disability,RAT,North East London NHS Foundation Trust,Access to services,Elective care,OF0005,Percentage of cases where a patient is waiting more than 52 weeks for community treatment,M3 26/27,%,8.5,0.3,0.0,8.03,32.0
Q1 2026/27,South East,Mental health and community trust,Community,RDR,Sussex Community NHS Foundation Trust,Access to services,Elective care,OF0005,Percentage of cases where a patient is waiting more than 52 weeks for community treatment,M3 26/27,%,3.44,0.3,0.0,8.03,29.0
Q1 2026/27,South West,Mental health and community trust,Mental Health and Learning Disability,RDY,Dorset Healthcare University NHS Foundation Trust,Access to services,Elective care,OF0005,Percentage of cases where a patient is waiting more than 52 weeks for community treatment,M3 26/27,%,0.0,0.3,0.0,8.03,1.0
Q1 2026/27,Midlands,Mental health and community trust,Mental Health and Learning Disability,RHA,Nottinghamshire Healthcare NHS Foundation Trust,Access to services,Elective care,OF0005,Percentage of cases where a patient is waiting more than 52 weeks for community treatment,M3 26/27,%,2.11,0.3,0.0,8.03,28.0
Q1 2026/27,South West,Mental health and community trust,Mental Health and Learning Disability,RJ8,Cornwall Partnership NHS Foundation Trust,Access to services,Elective care,OF0005,Percentage of cases where a patient is waiting more than 52 weeks for community treatment,M3 26/27,%,15.85,0.3,0.0,8.03,36.0
Q1 2026/27,London,Mental health and community trust,Mental Health and Learning Disability,RKL,West London NHS Trust,Access to services,Elective care,OF0005,Percentage of cases where a patient is waiting more than 52 weeks for community treatment,M3 26/27,%,0.5,0.3,0.0,8.03,22.0
Q1 2026/27,South East,Mental health and community trust,Mental Health and Learning Disability,RNU,Oxford Health NHS Foundation Trust,Access to services,Elective care,OF0005,Percentage of cases where a patient is waiting more than 52 weeks for community treatment,M3 26/27,%,13.75,0.3,0.0,8.03,35.0
Q1 2026/27,Midlands,Mental health and community trust,Mental Health and Learning Disability,RP1,Northamptonshire Healthcare NHS Foundation Trust,Access to services,Elective care,OF0005,Percentage of cases where a patient is waiting more than 52 weeks for community treatment,M3 26/27,%,13.02,0.3,0.0,8.03,34.0
Q1 2026/27,London,Mental health and community trust,Mental Health and Learning Disability,RPG,Oxleas NHS Foundation Trust,Access to services,Elective care,OF0005,Percentage of cases where a patient is waiting more than 52 weeks for community treatment,M3 26/27,%,20.84,0.3,0.0,8.03,37.0
Q1 2026/27,Midlands,Mental health and community trust,Mental Health and Learning Disability,RRE,Midlands Partnership University NHS Foundation Trust,Access to services,Elective care,OF0005,Percentage of cases where a patient is waiting more than 52 weeks for community treatment,M3 26/27,%,0.0,0.3,0.0,8.03,1.0
Q1 2026/27,East,Mental health and community trust,Mental Health and Learning Disability,RT1,Cambridgeshire and Peterborough NHS Foundation Trust,Access to services,Elective care,OF0005,Percentage of cases where a patient is waiting more than 52 weeks for community treatment,M3 26/27,%,1.84,0.3,0.0,8.03,27.0
Q1 2026/27,Midlands,Mental health and community trust,Mental Health and Learning Disability,RT5,Leicestershire Partnership NHS Trust,Access to services,Elective care,OF0005,Percentage of cases where a patient is waiting more than 52 weeks for community treatment,M3 26/27,%,37.51,0.3,0.0,8.03,39.0
Q1 2026/27,South West,Mental health and community trust,Mental Health and Learning Disability,RTQ,Gloucestershire Health and Care NHS Foundation Trust,Access to services,Elective care,OF0005,Percentage of cases where a patient is waiting more than 52 weeks for community treatment,M3 26/27,%,0.97,0.3,0.0,8.03,25.0
Q1 2026/27,London,Mental health and community trust,Mental Health and Learning Disability,RV3,Central and North West London NHS Foundation Trust,Access to services,Elective care,OF0005,Percentage of cases where a patient is waiting more than 52 weeks for community treatment,M3 26/27,%,0.0,0.3,0.0,8.03,1.0
Q1 2026/27,North East and Yorkshire,Mental health and community trust,Mental Health and Learning Disability,RV9,Humber Teaching NHS Foundation Trust,Access to services,Elective care,OF0005,Percentage of cases where a patient is waiting more than 52 weeks for community treatment,M3 26/27,%,0.0,0.3,0.0,8.03,1.0
Q1 2026/27,South East,Mental health and community trust,Mental Health and Learning Disability,RW1,Hampshire and Isle of Wight Healthcare NHS Foundation Trust,Access to services,Elective care,OF0005,Percentage of cases where a patient is waiting more than 52 weeks for community treatment,M3 26/27,%,0.1,0.3,0.0,8.03,18.0
Q1 2026/27,North West,Mental health and community trust,Mental Health and Learning Disability,RW4,Mersey Care NHS Foundation Trust,Access to services,Elective care,OF0005,Percentage of cases where a patient is waiting more than 52 weeks for community treatment,M3 26/27,%,0.0,0.3,0.0,8.03,1.0
Q1 2026/27,North West,Mental health and community trust,Mental Health and Learning Disability,RW5,Lancashire & South Cumbria NHS Foundation Trust,Access to services,Elective care,OF0005,Percentage of cases where a patient is waiting more than 52 weeks for community treatment,M3 26/27,%,0.0,0.3,0.0,8.03,1.0
Q1 2026/27,London,Mental health and community trust,Mental Health and Learning Disability,RWK,East London NHS Foundation Trust,Access to services,Elective care,OF0005,Percentage of cases where a patient is waiting more than 52 weeks for community treatment,M3 26/27,%,3.59,0.3,0.0,8.03,30.0
Q1 2026/27,South West,Mental health and community trust,Mental Health and Learning Disability,RWV,Devon Partnership NHS Trust,Access to services,Elective care,OF0005,Percentage of cases where a patient is waiting more than 52 weeks for community treatment,M3 26/27,%,45.92,0.3,0.0,8.03,40.0
Q1 2026/27,South East,Mental health and community trust,Mental Health and Learning Disability,RWX,Berkshire Healthcare NHS Foundation Trust,Access to services,Elective care,OF0005,Percentage of cases where a patient is waiting more than 52 weeks for community treatment,M3 26/27,%,0.3,0.3,0.0,8.03,21.0
Q1 2026/27,North West,Mental health and community trust,Mental Health and Learning Disability,RXA,Cheshire and Wirral Partnership NHS Foundation Trust,Access to services,Elective care,OF0005,Percentage of cases where a patient is waiting more than 52 weeks for community treatment,M3 26/27,%,0.21,0.3,0.0,8.03,20.0
Q1 2026/27,North East and Yorkshire,Mental health and community trust,Mental Health and Learning Disability,RXE,Rotherham Doncaster and South Humber NHS Foundation Trust,Access to services,Elective care,OF0005,Percentage of cases where a patient is waiting more than 52 weeks for community treatment,M3 26/27,%,0.0,0.3,0.0,8.03,1.0
Q1 2026/27,North East and Yorkshire,Mental health and community trust,Mental Health and Learning Disability,RXG,South West Yorkshire Partnership NHS Foundation Trust,Access to services,Elective care,OF0005,Percentage of cases where a patient is waiting more than 52 weeks for community treatment,M3 26/27,%,0.0,0.3,0.0,8.03,1.0
Q1 2026/27,Midlands,Mental health and community trust,Mental Health and Learning Disability,RXM,Derbyshire Healthcare NHS Foundation Trust,Access to services,Elective care,OF0005,Percentage of cases where a patient is waiting more than 52 weeks for community treatment,M3 26/27,%,55.65,0.3,0.0,8.03,41.0
Q1 2026/27,East,Mental health and community trust,Community,RY3,Norfolk Community Health and Care NHS Trust,Access to services,Elective care,OF0005,Percentage of cases where a patient is waiting more than 52 weeks for community treatment,M3 26/27,%,10.92,0.3,0.0,8.03,33.0
Q1 2026/27,East,Mental health and community trust,Community,RY4,Hertfordshire Community NHS Trust,Access to services,Elective care,OF0005,Percentage of cases where a patient is waiting more than 52 weeks for community treatment,M3 26/27,%,0.55,0.3,0.0,8.03,23.0
Q1 2026/27,Midlands,Mental health and community trust,Community,RY5,Lincolnshire Community Health Services NHS Trust,Access to services,Elective care,OF0005,Percentage of cases where a patient is waiting more than 52 weeks for community treatment,M3 26/27,%,0.0,0.3,0.0,8.03,1.0
Q1 2026/27,North East and Yorkshire,Mental health and community trust,Community,RY6,Leeds Community Healthcare NHS Trust,Access to services,Elective care,OF0005,Percentage of cases where a patient is waiting more than 52 weeks for community treatment,M3 26/27,%,1.74,0.3,0.0,8.03,26.0
Q1 2026/27,North West,Mental health and community trust,Community,RY7,Wirral Community Health and Care NHS Foundation Trust,Access to services,Elective care,OF0005,Percentage of cases where a patient is waiting more than 52 weeks for community treatment,M3 26/27,%,0.0,0.3,0.0,8.03,1.0
Q1 2026/27,Midlands,Mental health and community trust,Community,RY8,Derbyshire Community Health Services NHS Foundation Trust,Access to services,Elective care,OF0005,Percentage of cases where a patient is waiting more than 52 weeks for community treatment,M3 26/27,%,0.01,0.3,0.0,8.03,16.0
Q1 2026/27,Midlands,Mental health and community trust,Mental Health and Learning Disability,RYG,Coventry and Warwickshire Partnership NHS Trust,Access to services,Elective care,OF0005,Percentage of cases where a patient is waiting more than 52 weeks for community treatment,M3 26/27,%,0.18,0.3,0.0,8.03,19.0
Q1 2026/27,Midlands,Mental health and community trust,Community,RYW,Birmingham Community Healthcare NHS Foundation Trust,Access to services,Elective care,OF0005,Percentage of cases where a patient is waiting more than 52 weeks for community treatment,M3 26/27,%,24.72,0.3,0.0,8.03,38.0
Q1 2026/27,London,Mental health and community trust,Community,RYX,Central London Community Healthcare NHS Trust,Access to services,Elective care,OF0005,Percentage of cases where a patient is waiting more than 52 weeks for community treatment,M3 26/27,%,0.0,0.3,0.0,8.03,1.0
Q1 2026/27,South East,Mental health and community trust,Community,RYY,Kent Community Health NHS Foundation Trust,Access to services,Elective care,OF0005,Percentage of cases where a patient is waiting more than 52 weeks for community treatment,M3 26/27,%,0.0,0.3,0.0,8.03,1.0
Q1 2026/27,North East and Yorkshire,Mental health and community trust,Care Trust,TAD,Bradford District Care NHS Foundation Trust,Access to services,Elective care,OF0005,Percentage of cases where a patient is waiting more than 52 weeks for community treatment,M3 26/27,%,0.0,0.3,0.0,8.03,1.0
Q1 2026/27,North East and Yorkshire,Mental health and community trust,Care Trust,TAH,Sheffield Health Partnership University NHS Foundation Trust,Access to services,Elective care,OF0005,Percentage of cases where a patient is waiting more than 52 weeks for community treatment,M3 26/27,%,0.0,0.3,0.0,8.03,1.0
Q1 2026/27,Midlands,Mental health and community trust,Mental Health and Learning Disability,TAJ,Black Country Healthcare NHS Foundation Trust,Access to services,Elective care,OF0005,Percentage of cases where a patient is waiting more than 52 weeks for community treatment,M3 26/27,%,0.82,0.3,0.0,8.03,24.0
Q1 2026/27,London,Mental health and community trust,Mental Health and Learning Disability,G6V2S,North London NHS Foundation Trust,Patient safety,High quality care,OF0016,Urgent crisis response within 24 hours    ,Q1 26/27,mins,86.07,76.41,67.59,81.72,8.0
Q1 2026/27,Midlands,Mental health and community trust,Community,R1A,Herefordshire and Worcestershire Health and Care NHS Trust,Patient safety,High quality care,OF0016,Urgent crisis response within 24 hours    ,Q1 26/27,mins,74.53,76.41,67.59,81.72,30.0
Q1 2026/27,East,Mental health and community trust,Mental Health and Learning Disability,R1L,Essex Partnership University NHS Foundation Trust,Patient safety,High quality care,OF0016,Urgent crisis response within 24 hours    ,Q1 26/27,mins,63.5,76.41,67.59,81.72,39.0
Q1 2026/27,London,Mental health and community trust,Mental Health and Learning Disability,RAT,North East London NHS Foundation Trust,Patient safety,High quality care,OF0016,Urgent crisis response within 24 hours    ,Q1 26/27,mins,80.0,76.41,67.59,81.72,16.0
Q1 2026/27,South West,Mental health and community trust,Mental Health and Learning Disability,RDY,Dorset Healthcare University NHS Foundation Trust,Patient safety,High quality care,OF0016,Urgent crisis response within 24 hours    ,Q1 26/27,mins,67.74,76.41,67.59,81.72,35.0
Q1 2026/27,North East and Yorkshire,Mental health and community trust,Mental Health and Learning Disability,RGD,Leeds and York Partnership NHS Foundation Trust,Patient safety,High quality care,OF0016,Urgent crisis response within 24 hours    ,Q1 26/27,mins,79.95,76.41,67.59,81.72,17.0
Q1 2026/27,Midlands,Mental health and community trust,Mental Health and Learning Disability,RHA,Nottinghamshire Healthcare NHS Foundation Trust,Patient safety,High quality care,OF0016,Urgent crisis response within 24 hours    ,Q1 26/27,mins,74.51,76.41,67.59,81.72,31.0
Q1 2026/27,South West,Mental health and community trust,Mental Health and Learning Disability,RJ8,Cornwall Partnership NHS Foundation Trust,Patient safety,High quality care,OF0016,Urgent crisis response within 24 hours    ,Q1 26/27,mins,89.13,76.41,67.59,81.72,7.0
Q1 2026/27,London,Mental health and community trust,Mental Health and Learning Disability,RKL,West London NHS Trust,Patient safety,High quality care,OF0016,Urgent crisis response within 24 hours    ,Q1 26/27,mins,78.02,76.41,67.59,81.72,20.0
Q1 2026/27,Midlands,Mental health and community trust,Mental Health and Learning Disability,RLY,North Staffordshire Combined Healthcare NHS Trust,Patient safety,High quality care,OF0016,Urgent crisis response within 24 hours    ,Q1 26/27,mins,61.62,76.41,67.59,81.72,41.0
Q1 2026/27,East,Mental health and community trust,Mental Health and Learning Disability,RMY,Norfolk and Suffolk NHS Foundation Trust,Patient safety,High quality care,OF0016,Urgent crisis response within 24 hours    ,Q1 26/27,mins,75.05,76.41,67.59,81.72,28.0
Q1 2026/27,South East,Mental health and community trust,Mental Health and Learning Disability,RNU,Oxford Health NHS Foundation Trust,Patient safety,High quality care,OF0016,Urgent crisis response within 24 hours    ,Q1 26/27,mins,81.98,76.41,67.59,81.72,12.0
Q1 2026/27,Midlands,Mental health and community trust,Mental Health and Learning Disability,RP1,Northamptonshire Healthcare NHS Foundation Trust,Patient safety,High quality care,OF0016,Urgent crisis response within 24 hours    ,Q1 26/27,mins,81.36,76.41,67.59,81.72,14.0
Q1 2026/27,Midlands,Mental health and community trust,Mental Health and Learning Disability,RP7,Lincolnshire Partnership NHS Foundation Trust,Patient safety,High quality care,OF0016,Urgent crisis response within 24 hours    ,Q1 26/27,mins,41.44,76.41,67.59,81.72,46.0
Q1 2026/27,London,Mental health and community trust,Mental Health and Learning Disability,RPG,Oxleas NHS Foundation Trust,Patient safety,High quality care,OF0016,Urgent crisis response within 24 hours    ,Q1 26/27,mins,98.2,76.41,67.59,81.72,1.0
Q1 2026/27,London,Mental health and community trust,Mental Health and Learning Disability,RQY,South West London and St George's Mental Health NHS Trust,Patient safety,High quality care,OF0016,Urgent crisis response within 24 hours    ,Q1 26/27,mins,75.42,76.41,67.59,81.72,26.0
Q1 2026/27,Midlands,Mental health and community trust,Mental Health and Learning Disability,RRE,Midlands Partnership University NHS Foundation Trust,Patient safety,High quality care,OF0016,Urgent crisis response within 24 hours    ,Q1 26/27,mins,76.51,76.41,67.59,81.72,23.0
Q1 2026/27,East,Mental health and community trust,Mental Health and Learning Disability,RT1,Cambridgeshire and Peterborough NHS Foundation Trust,Patient safety,High quality care,OF0016,Urgent crisis response within 24 hours    ,Q1 26/27,mins,79.47,76.41,67.59,81.72,19.0
Q1 2026/27,North West,Mental health and community trust,Mental Health and Learning Disability,RT2,Pennine Care NHS Foundation Trust,Patient safety,High quality care,OF0016,Urgent crisis response within 24 hours    ,Q1 26/27,mins,33.87,76.41,67.59,81.72,47.0
Q1 2026/27,Midlands,Mental health and community trust,Mental Health and Learning Disability,RT5,Leicestershire Partnership NHS Trust,Patient safety,High quality care,OF0016,Urgent crisis response within 24 hours    ,Q1 26/27,mins,84.56,76.41,67.59,81.72,11.0
Q1 2026/27,South West,Mental health and community trust,Mental Health and Learning Disability,RTQ,Gloucestershire Health and Care NHS Foundation Trust,Patient safety,High quality care,OF0016,Urgent crisis response within 24 hours    ,Q1 26/27,mins,91.67,76.41,67.59,81.72,5.0
Q1 2026/27,London,Mental health and community trust,Mental Health and Learning Disability,RV3,Central and North West London NHS Foundation Trust,Patient safety,High quality care,OF0016,Urgent crisis response within 24 hours    ,Q1 26/27,mins,98.04,76.41,67.59,81.72,2.0
Q1 2026/27,London,Mental health and community trust,Mental Health and Learning Disability,RV5,South London and Maudsley NHS Foundation Trust,Patient safety,High quality care,OF0016,Urgent crisis response within 24 hours    ,Q1 26/27,mins,93.65,76.41,67.59,81.72,3.0
Q1 2026/27,North East and Yorkshire,Mental health and community trust,Mental Health and Learning Disability,RV9,Humber Teaching NHS Foundation Trust,Patient safety,High quality care,OF0016,Urgent crisis response within 24 hours    ,Q1 26/27,mins,91.9,76.41,67.59,81.72,4.0
Q1 2026/27,South West,Mental health and community trust,Mental Health and Learning Disability,RVN,Avon and Wiltshire Mental Health Partnership NHS Trust,Patient safety,High quality care,OF0016,Urgent crisis response within 24 hours    ,Q1 26/27,mins,76.6,76.41,67.59,81.72,22.0
Q1 2026/27,South East,Mental health and community trust,Mental Health and Learning Disability,RW1,Hampshire and Isle of Wight Healthcare NHS Foundation Trust,Patient safety,High quality care,OF0016,Urgent crisis response within 24 hours    ,Q1 26/27,mins,79.52,76.41,67.59,81.72,18.0
Q1 2026/27,North West,Mental health and community trust,Mental Health and Learning Disability,RW4,Mersey Care NHS Foundation Trust,Patient safety,High quality care,OF0016,Urgent crisis response within 24 hours    ,Q1 26/27,mins,74.98,76.41,67.59,81.72,29.0
Q1 2026/27,North West,Mental health and community trust,Mental Health and Learning Disability,RW5,Lancashire & South Cumbria NHS Foundation Trust,Patient safety,High quality care,OF0016,Urgent crisis response within 24 hours    ,Q1 26/27,mins,42.09,76.41,67.59,81.72,45.0
Q1 2026/27,London,Mental health and community trust,Mental Health and Learning Disability,RWK,East London NHS Foundation Trust,Patient safety,High quality care,OF0016,Urgent crisis response within 24 hours    ,Q1 26/27,mins,75.44,76.41,67.59,81.72,25.0
Q1 2026/27,East,Mental health and community trust,Mental Health and Learning Disability,RWR,Hertfordshire Partnership University NHS Foundation Trust,Patient safety,High quality care,OF0016,Urgent crisis response within 24 hours    ,Q1 26/27,mins,72.42,76.41,67.59,81.72,32.0
Q1 2026/27,South West,Mental health and community trust,Mental Health and Learning Disability,RWV,Devon Partnership NHS Trust,Patient safety,High quality care,OF0016,Urgent crisis response within 24 hours    ,Q1 26/27,mins,80.13,76.41,67.59,81.72,15.0
Q1 2026/27,South East,Mental health and community trust,Mental Health and Learning Disability,RWX,Berkshire Healthcare NHS Foundation Trust,Patient safety,High quality care,OF0016,Urgent crisis response within 24 hours    ,Q1 26/27,mins,63.18,76.41,67.59,81.72,40.0
Q1 2026/27,South East,Mental health and community trust,Mental Health and Learning Disability,RX2,Sussex Partnership NHS Foundation Trust,Patient safety,High quality care,OF0016,Urgent crisis response within 24 hours    ,Q1 26/27,mins,47.77,76.41,67.59,81.72,44.0
Q1 2026/27,North East and Yorkshire,Mental health and community trust,Mental Health and Learning Disability,RX3,"Tees, Esk and Wear Valleys NHS Foundation Trust",Patient safety,High quality care,OF0016,Urgent crisis response within 24 hours    ,Q1 26/27,mins,85.53,76.41,67.59,81.72,9.0
Q1 2026/27,North East and Yorkshire,Mental health and community trust,Mental Health and Learning Disability,RX4,"Cumbria, Northumberland, Tyne and Wear NHS Foundation Trust",Patient safety,High quality care,OF0016,Urgent crisis response within 24 hours    ,Q1 26/27,mins,76.41,76.41,67.59,81.72,24.0
Q1 2026/27,North West,Mental health and community trust,Mental Health and Learning Disability,RXA,Cheshire and Wirral Partnership NHS Foundation Trust,Patient safety,High quality care,OF0016,Urgent crisis response within 24 hours    ,Q1 26/27,mins,75.1,76.41,67.59,81.72,27.0
Q1 2026/27,North East and Yorkshire,Mental health and community trust,Mental Health and Learning Disability,RXE,Rotherham Doncaster and South Humber NHS Foundation Trust,Patient safety,High quality care,OF0016,Urgent crisis response within 24 hours    ,Q1 26/27,mins,67.44,76.41,67.59,81.72,36.0
Q1 2026/27,North East and Yorkshire,Mental health and community trust,Mental Health and Learning Disability,RXG,South West Yorkshire Partnership NHS Foundation Trust,Patient safety,High quality care,OF0016,Urgent crisis response within 24 hours    ,Q1 26/27,mins,85.2,76.41,67.59,81.72,10.0
Q1 2026/27,Midlands,Mental health and community trust,Mental Health and Learning Disability,RXM,Derbyshire Healthcare NHS Foundation Trust,Patient safety,High quality care,OF0016,Urgent crisis response within 24 hours    ,Q1 26/27,mins,71.18,76.41,67.59,81.72,33.0
Q1 2026/27,Midlands,Mental health and community trust,Mental Health and Learning Disability,RXT,Birmingham and Solihull Mental Health NHS Foundation Trust,Patient safety,High quality care,OF0016,Urgent crisis response within 24 hours    ,Q1 26/27,mins,65.88,76.41,67.59,81.72,37.0
Q1 2026/27,North West,Mental health and community trust,Mental Health and Learning Disability,RXV,Greater Manchester Mental Health NHS Foundation Trust,Patient safety,High quality care,OF0016,Urgent crisis response within 24 hours    ,Q1 26/27,mins,58.05,76.41,67.59,81.72,43.0
Q1 2026/27,South East,Mental health and community trust,Mental Health and Learning Disability,RXX,Surrey and Borders Partnership NHS Foundation Trust,Patient safety,High quality care,OF0016,Urgent crisis response within 24 hours    ,Q1 26/27,mins,69.6,76.41,67.59,81.72,34.0
Q1 2026/27,South East,Mental health and community trust,Mental Health and Learning Disability,RXY,Kent and Medway Mental Health NHS Trust,Patient safety,High quality care,OF0016,Urgent crisis response within 24 hours    ,Q1 26/27,mins,81.46,76.41,67.59,81.72,13.0
Q1 2026/27,Midlands,Mental health and community trust,Mental Health and Learning Disability,RYG,Coventry and Warwickshire Partnership NHS Trust,Patient safety,High quality care,OF0016,Urgent crisis response within 24 hours    ,Q1 26/27,mins,60.65,76.41,67.59,81.72,42.0
Q1 2026/27,North East and Yorkshire,Mental health and community trust,Care Trust,TAD,Bradford District Care NHS Foundation Trust,Patient safety,High quality care,OF0016,Urgent crisis response within 24 hours    ,Q1 26/27,mins,91.41,76.41,67.59,81.72,6.0
Q1 2026/27,North East and Yorkshire,Mental health and community trust,Care Trust,TAH,Sheffield Health Partnership University NHS Foundation Trust,Patient safety,High quality care,OF0016,Urgent crisis response within 24 hours    ,Q1 26/27,mins,77.09,76.41,67.59,81.72,21.0
Q1 2026/27,Midlands,Mental health and community trust,Mental Health and Learning Disability,TAJ,Black Country Healthcare NHS Foundation Trust,Patient safety,High quality care,OF0016,Urgent crisis response within 24 hours    ,Q1 26/27,mins,64.98,76.41,67.59,81.72,38.0
Q1 2026/27,London,Mental health and community trust,Mental Health and Learning Disability,G6V2S,North London NHS Foundation Trust,Access to services,Mental health care,OF0029,Percentage of people discharged from community mental health services with a paired outcome score recorded (children and young people),Jun-26,%,14.05,21.18,16.33,29.36,
Q1 2026/27,Midlands,Mental health and community trust,Community,R1A,Herefordshire and Worcestershire Health and Care NHS Trust,Access to services,Mental health care,OF0029,Percentage of people discharged from community mental health services with a paired outcome score recorded (children and young people),Jun-26,%,28.45,21.18,16.33,29.36,
Q1 2026/27,London,Mental health and community trust,Mental Health and Learning Disability,RAT,North East London NHS Foundation Trust,Access to services,Mental health care,OF0029,Percentage of people discharged from community mental health services with a paired outcome score recorded (children and young people),Jun-26,%,30.26,21.18,16.33,29.36,
Q1 2026/27,South West,Mental health and community trust,Mental Health and Learning Disability,RDY,Dorset Healthcare University NHS Foundation Trust,Access to services,Mental health care,OF0029,Percentage of people discharged from community mental health services with a paired outcome score recorded (children and young people),Jun-26,%,22.89,21.18,16.33,29.36,
Q1 2026/27,North East and Yorkshire,Mental health and community trust,Mental Health and Learning Disability,RGD,Leeds and York Partnership NHS Foundation Trust,Access to services,Mental health care,OF0029,Percentage of people discharged from community mental health services with a paired outcome score recorded (children and young people),Jun-26,%,54.84,21.18,16.33,29.36,
Q1 2026/27,Midlands,Mental health and community trust,Mental Health and Learning Disability,RHA,Nottinghamshire Healthcare NHS Foundation Trust,Access to services,Mental health care,OF0029,Percentage of people discharged from community mental health services with a paired outcome score recorded (children and young people),Jun-26,%,44.47,21.18,16.33,29.36,
Q1 2026/27,South West,Mental health and community trust,Mental Health and Learning Disability,RJ8,Cornwall Partnership NHS Foundation Trust,Access to services,Mental health care,OF0029,Percentage of people discharged from community mental health services with a paired outcome score recorded (children and young people),Jun-26,%,27.24,21.18,16.33,29.36,
Q1 2026/27,London,Mental health and community trust,Mental Health and Learning Disability,RKL,West London NHS Trust,Access to services,Mental health care,OF0029,Percentage of people discharged from community mental health services with a paired outcome score recorded (children and young people),Jun-26,%,45.29,21.18,16.33,29.36,
Q1 2026/27,Midlands,Mental health and community trust,Mental Health and Learning Disability,RLY,North Staffordshire Combined Healthcare NHS Trust,Access to services,Mental health care,OF0029,Percentage of people discharged from community mental health services with a paired outcome score recorded (children and young people),Jun-26,%,21.77,21.18,16.33,29.36,
Q1 2026/27,East,Mental health and community trust,Mental Health and Learning Disability,RMY,Norfolk and Suffolk NHS Foundation Trust,Access to services,Mental health care,OF0029,Percentage of people discharged from community mental health services with a paired outcome score recorded (children and young people),Jun-26,%,8.94,21.18,16.33,29.36,
Q1 2026/27,South East,Mental health and community trust,Mental Health and Learning Disability,RNU,Oxford Health NHS Foundation Trust,Access to services,Mental health care,OF0029,Percentage of people discharged from community mental health services with a paired outcome score recorded (children and young people),Jun-26,%,20.37,21.18,16.33,29.36,
Q1 2026/27,Midlands,Mental health and community trust,Mental Health and Learning Disability,RP1,Northamptonshire Healthcare NHS Foundation Trust,Access to services,Mental health care,OF0029,Percentage of people discharged from community mental health services with a paired outcome score recorded (children and young people),Jun-26,%,24.72,21.18,16.33,29.36,
Q1 2026/27,Midlands,Mental health and community trust,Mental Health and Learning Disability,RP7,Lincolnshire Partnership NHS Foundation Trust,Access to services,Mental health care,OF0029,Percentage of people discharged from community mental health services with a paired outcome score recorded (children and young people),Jun-26,%,27.35,21.18,16.33,29.36,
Q1 2026/27,London,Mental health and community trust,Mental Health and Learning Disability,RPG,Oxleas NHS Foundation Trust,Access to services,Mental health care,OF0029,Percentage of people discharged from community mental health services with a paired outcome score recorded (children and young people),Jun-26,%,15.33,21.18,16.33,29.36,
Q1 2026/27,London,Mental health and community trust,Mental Health and Learning Disability,RQY,South West London and St George's Mental Health NHS Trust,Access to services,Mental health care,OF0029,Percentage of people discharged from community mental health services with a paired outcome score recorded (children and young people),Jun-26,%,15.13,21.18,16.33,29.36,
Q1 2026/27,Midlands,Mental health and community trust,Mental Health and Learning Disability,RRE,Midlands Partnership University NHS Foundation Trust,Access to services,Mental health care,OF0029,Percentage of people discharged from community mental health services with a paired outcome score recorded (children and young people),Jun-26,%,20.2,21.18,16.33,29.36,
Q1 2026/27,East,Mental health and community trust,Mental Health and Learning Disability,RT1,Cambridgeshire and Peterborough NHS Foundation Trust,Access to services,Mental health care,OF0029,Percentage of people discharged from community mental health services with a paired outcome score recorded (children and young people),Jun-26,%,25.8,21.18,16.33,29.36,
Q1 2026/27,North West,Mental health and community trust,Mental Health and Learning Disability,RT2,Pennine Care NHS Foundation Trust,Access to services,Mental health care,OF0029,Percentage of people discharged from community mental health services with a paired outcome score recorded (children and young people),Jun-26,%,16.25,21.18,16.33,29.36,
Q1 2026/27,Midlands,Mental health and community trust,Mental Health and Learning Disability,RT5,Leicestershire Partnership NHS Trust,Access to services,Mental health care,OF0029,Percentage of people discharged from community mental health services with a paired outcome score recorded (children and young people),Jun-26,%,32.13,21.18,16.33,29.36,
Q1 2026/27,South West,Mental health and community trust,Mental Health and Learning Disability,RTQ,Gloucestershire Health and Care NHS Foundation Trust,Access to services,Mental health care,OF0029,Percentage of people discharged from community mental health services with a paired outcome score recorded (children and young people),Jun-26,%,32.86,21.18,16.33,29.36,
Q1 2026/27,London,Mental health and community trust,Mental Health and Learning Disability,RV3,Central and North West London NHS Foundation Trust,Access to services,Mental health care,OF0029,Percentage of people discharged from community mental health services with a paired outcome score recorded (children and young people),Jun-26,%,32.14,21.18,16.33,29.36,
Q1 2026/27,London,Mental health and community trust,Mental Health and Learning Disability,RV5,South London and Maudsley NHS Foundation Trust,Access to services,Mental health care,OF0029,Percentage of people discharged from community mental health services with a paired outcome score recorded (children and young people),Jun-26,%,21.19,21.18,16.33,29.36,
Q1 2026/27,North East and Yorkshire,Mental health and community trust,Mental Health and Learning Disability,RV9,Humber Teaching NHS Foundation Trust,Access to services,Mental health care,OF0029,Percentage of people discharged from community mental health services with a paired outcome score recorded (children and young people),Jun-26,%,8.26,21.18,16.33,29.36,
Q1 2026/27,South West,Mental health and community trust,Mental Health and Learning Disability,RVN,Avon and Wiltshire Mental Health Partnership NHS Trust,Access to services,Mental health care,OF0029,Percentage of people discharged from community mental health services with a paired outcome score recorded (children and young people),Jun-26,%,23.24,21.18,16.33,29.36,
Q1 2026/27,South East,Mental health and community trust,Mental Health and Learning Disability,RW1,Hampshire and Isle of Wight Healthcare NHS Foundation Trust,Access to services,Mental health care,OF0029,Percentage of people discharged from community mental health services with a paired outcome score recorded (children and young people),Jun-26,%,19.18,21.18,16.33,29.36,
Q1 2026/27,North West,Mental health and community trust,Mental Health and Learning Disability,RW4,Mersey Care NHS Foundation Trust,Access to services,Mental health care,OF0029,Percentage of people discharged from community mental health services with a paired outcome score recorded (children and young people),Jun-26,%,32.45,21.18,16.33,29.36,
Q1 2026/27,North West,Mental health and community trust,Mental Health and Learning Disability,RW5,Lancashire & South Cumbria NHS Foundation Trust,Access to services,Mental health care,OF0029,Percentage of people discharged from community mental health services with a paired outcome score recorded (children and young people),Jun-26,%,20.86,21.18,16.33,29.36,
Q1 2026/27,London,Mental health and community trust,Mental Health and Learning Disability,RWK,East London NHS Foundation Trust,Access to services,Mental health care,OF0029,Percentage of people discharged from community mental health services with a paired outcome score recorded (children and young people),Jun-26,%,56.59,21.18,16.33,29.36,
Q1 2026/27,East,Mental health and community trust,Mental Health and Learning Disability,RWR,Hertfordshire Partnership University NHS Foundation Trust,Access to services,Mental health care,OF0029,Percentage of people discharged from community mental health services with a paired outcome score recorded (children and young people),Jun-26,%,27.85,21.18,16.33,29.36,
Q1 2026/27,South West,Mental health and community trust,Mental Health and Learning Disability,RWV,Devon Partnership NHS Trust,Access to services,Mental health care,OF0029,Percentage of people discharged from community mental health services with a paired outcome score recorded (children and young people),Jun-26,%,37.16,21.18,16.33,29.36,
Q1 2026/27,South East,Mental health and community trust,Mental Health and Learning Disability,RWX,Berkshire Healthcare NHS Foundation Trust,Access to services,Mental health care,OF0029,Percentage of people discharged from community mental health services with a paired outcome score recorded (children and young people),Jun-26,%,16.91,21.18,16.33,29.36,
Q1 2026/27,South East,Mental health and community trust,Mental Health and Learning Disability,RX2,Sussex Partnership NHS Foundation Trust,Access to services,Mental health care,OF0029,Percentage of people discharged from community mental health services with a paired outcome score recorded (children and young people),Jun-26,%,13.51,21.18,16.33,29.36,
Q1 2026/27,North East and Yorkshire,Mental health and community trust,Mental Health and Learning Disability,RX3,"Tees, Esk and Wear Valleys NHS Foundation Trust",Access to services,Mental health care,OF0029,Percentage of people discharged from community mental health services with a paired outcome score recorded (children and young people),Jun-26,%,21.04,21.18,16.33,29.36,
Q1 2026/27,North East and Yorkshire,Mental health and community trust,Mental Health and Learning Disability,RX4,"Cumbria, Northumberland, Tyne and Wear NHS Foundation Trust",Access to services,Mental health care,OF0029,Percentage of people discharged from community mental health services with a paired outcome score recorded (children and young people),Jun-26,%,39.97,21.18,16.33,29.36,
Q1 2026/27,North West,Mental health and community trust,Mental Health and Learning Disability,RXA,Cheshire and Wirral Partnership NHS Foundation Trust,Access to services,Mental health care,OF0029,Percentage of people discharged from community mental health services with a paired outcome score recorded (children and young people),Jun-26,%,20.72,21.18,16.33,29.36,
Q1 2026/27,North East and Yorkshire,Mental health and community trust,Mental Health and Learning Disability,RXE,Rotherham Doncaster and South Humber NHS Foundation Trust,Access to services,Mental health care,OF0029,Percentage of people discharged from community mental health services with a paired outcome score recorded (children and young people),Jun-26,%,13.59,21.18,16.33,29.36,
Q1 2026/27,North East and Yorkshire,Mental health and community trust,Mental Health and Learning Disability,RXG,South West Yorkshire Partnership NHS Foundation Trust,Access to services,Mental health care,OF0029,Percentage of people discharged from community mental health services with a paired outcome score recorded (children and young people),Jun-26,%,16.42,21.18,16.33,29.36,
Q1 2026/27,Midlands,Mental health and community trust,Mental Health and Learning Disability,RXM,Derbyshire Healthcare NHS Foundation Trust,Access to services,Mental health care,OF0029,Percentage of people discharged from community mental health services with a paired outcome score recorded (children and young people),Jun-26,%,8.66,21.18,16.33,29.36,
Q1 2026/27,Midlands,Mental health and community trust,Mental Health and Learning Disability,RXT,Birmingham and Solihull Mental Health NHS Foundation Trust,Access to services,Mental health care,OF0029,Percentage of people discharged from community mental health services with a paired outcome score recorded (children and young people),Jun-26,%,20.19,21.18,16.33,29.36,
Q1 2026/27,North West,Mental health and community trust,Mental Health and Learning Disability,RXV,Greater Manchester Mental Health NHS Foundation Trust,Access to services,Mental health care,OF0029,Percentage of people discharged from community mental health services with a paired outcome score recorded (children and young people),Jun-26,%,19.33,21.18,16.33,29.36,
Q1 2026/27,South East,Mental health and community trust,Mental Health and Learning Disability,RXX,Surrey and Borders Partnership NHS Foundation Trust,Access to services,Mental health care,OF0029,Percentage of people discharged from community mental health services with a paired outcome score recorded (children and young people),Jun-26,%,26.12,21.18,16.33,29.36,
Q1 2026/27,South East,Mental health and community trust,Mental Health and Learning Disability,RXY,Kent and Medway Mental Health NHS Trust,Access to services,Mental health care,OF0029,Percentage of people discharged from community mental health services with a paired outcome score recorded (children and young people),Jun-26,%,21.18,21.18,16.33,29.36,
Q1 2026/27,East,Mental health and community trust,Community,RY4,Hertfordshire Community NHS Trust,Access to services,Mental health care,OF0029,Percentage of people discharged from community mental health services with a paired outcome score recorded (children and young people),Jun-26,%,45.0,21.18,16.33,29.36,
Q1 2026/27,North East and Yorkshire,Mental health and community trust,Community,RY6,Leeds Community Healthcare NHS Trust,Access to services,Mental health care,OF0029,Percentage of people discharged from community mental health services with a paired outcome score recorded (children and young people),Jun-26,%,14.71,21.18,16.33,29.36,
Q1 2026/27,Midlands,Mental health and community trust,Mental Health and Learning Disability,RYG,Coventry and Warwickshire Partnership NHS Trust,Access to services,Mental health care,OF0029,Percentage of people discharged from community mental health services with a paired outcome score recorded (children and young people),Jun-26,%,16.07,21.18,16.33,29.36,
Q1 2026/27,North East and Yorkshire,Mental health and community trust,Care Trust,TAD,Bradford District Care NHS Foundation Trust,Access to services,Mental health care,OF0029,Percentage of people discharged from community mental health services with a paired outcome score recorded (children and young people),Jun-26,%,9.93,21.18,16.33,29.36,
Q1 2026/27,Midlands,Mental health and community trust,Mental Health and Learning Disability,TAJ,Black Country Healthcare NHS Foundation Trust,Access to services,Mental health care,OF0029,Percentage of people discharged from community mental health services with a paired outcome score recorded (children and young people),Jun-26,%,20.16,21.18,16.33,29.36,
Q1 2026/27,London,Mental health and community trust,Mental Health and Learning Disability,G6V2S,North London NHS Foundation Trust,Access to services,Mental health care,OF0030,Percentage of people discharged from community mental health services with a paired outcome score recorded (adult and older adult),Jun-26,%,10.53,10.37,5.14,15.69,
Q1 2026/27,Midlands,Mental health and community trust,Community,R1A,Herefordshire and Worcestershire Health and Care NHS Trust,Access to services,Mental health care,OF0030,Percentage of people discharged from community mental health services with a paired outcome score recorded (adult and older adult),Jun-26,%,24.19,10.37,5.14,15.69,
Q1 2026/27,East,Mental health and community trust,Mental Health and Learning Disability,R1L,Essex Partnership University NHS Foundation Trust,Access to services,Mental health care,OF0030,Percentage of people discharged from community mental health services with a paired outcome score recorded (adult and older adult),Jun-26,%,2.75,10.37,5.14,15.69,
Q1 2026/27,London,Mental health and community trust,Mental Health and Learning Disability,RAT,North East London NHS Foundation Trust,Access to services,Mental health care,OF0030,Percentage of people discharged from community mental health services with a paired outcome score recorded (adult and older adult),Jun-26,%,10.43,10.37,5.14,15.69,
Q1 2026/27,South West,Mental health and community trust,Mental Health and Learning Disability,RDY,Dorset Healthcare University NHS Foundation Trust,Access to services,Mental health care,OF0030,Percentage of people discharged from community mental health services with a paired outcome score recorded (adult and older adult),Jun-26,%,0.83,10.37,5.14,15.69,
Q1 2026/27,North East and Yorkshire,Mental health and community trust,Mental Health and Learning Disability,RGD,Leeds and York Partnership NHS Foundation Trust,Access to services,Mental health care,OF0030,Percentage of people discharged from community mental health services with a paired outcome score recorded (adult and older adult),Jun-26,%,9.08,10.37,5.14,15.69,
Q1 2026/27,Midlands,Mental health and community trust,Mental Health and Learning Disability,RHA,Nottinghamshire Healthcare NHS Foundation Trust,Access to services,Mental health care,OF0030,Percentage of people discharged from community mental health services with a paired outcome score recorded (adult and older adult),Jun-26,%,14.61,10.37,5.14,15.69,
Q1 2026/27,South West,Mental health and community trust,Mental Health and Learning Disability,RJ8,Cornwall Partnership NHS Foundation Trust,Access to services,Mental health care,OF0030,Percentage of people discharged from community mental health services with a paired outcome score recorded (adult and older adult),Jun-26,%,10.27,10.37,5.14,15.69,
Q1 2026/27,London,Mental health and community trust,Mental Health and Learning Disability,RKL,West London NHS Trust,Access to services,Mental health care,OF0030,Percentage of people discharged from community mental health services with a paired outcome score recorded (adult and older adult),Jun-26,%,10.37,10.37,5.14,15.69,
Q1 2026/27,Midlands,Mental health and community trust,Mental Health and Learning Disability,RLY,North Staffordshire Combined Healthcare NHS Trust,Access to services,Mental health care,OF0030,Percentage of people discharged from community mental health services with a paired outcome score recorded (adult and older adult),Jun-26,%,35.02,10.37,5.14,15.69,
Q1 2026/27,East,Mental health and community trust,Mental Health and Learning Disability,RMY,Norfolk and Suffolk NHS Foundation Trust,Access to services,Mental health care,OF0030,Percentage of people discharged from community mental health services with a paired outcome score recorded (adult and older adult),Jun-26,%,14.39,10.37,5.14,15.69,
Q1 2026/27,South East,Mental health and community trust,Mental Health and Learning Disability,RNU,Oxford Health NHS Foundation Trust,Access to services,Mental health care,OF0030,Percentage of people discharged from community mental health services with a paired outcome score recorded (adult and older adult),Jun-26,%,10.74,10.37,5.14,15.69,
Q1 2026/27,Midlands,Mental health and community trust,Mental Health and Learning Disability,RP1,Northamptonshire Healthcare NHS Foundation Trust,Access to services,Mental health care,OF0030,Percentage of people discharged from community mental health services with a paired outcome score recorded (adult and older adult),Jun-26,%,1.65,10.37,5.14,15.69,
Q1 2026/27,Midlands,Mental health and community trust,Mental Health and Learning Disability,RP7,Lincolnshire Partnership NHS Foundation Trust,Access to services,Mental health care,OF0030,Percentage of people discharged from community mental health services with a paired outcome score recorded (adult and older adult),Jun-26,%,19.37,10.37,5.14,15.69,
Q1 2026/27,London,Mental health and community trust,Mental Health and Learning Disability,RPG,Oxleas NHS Foundation Trust,Access to services,Mental health care,OF0030,Percentage of people discharged from community mental health services with a paired outcome score recorded (adult and older adult),Jun-26,%,11.04,10.37,5.14,15.69,
Q1 2026/27,London,Mental health and community trust,Mental Health and Learning Disability,RQY,South West London and St George's Mental Health NHS Trust,Access to services,Mental health care,OF0030,Percentage of people discharged from community mental health services with a paired outcome score recorded (adult and older adult),Jun-26,%,30.24,10.37,5.14,15.69,
Q1 2026/27,Midlands,Mental health and community trust,Mental Health and Learning Disability,RRE,Midlands Partnership University NHS Foundation Trust,Access to services,Mental health care,OF0030,Percentage of people discharged from community mental health services with a paired outcome score recorded (adult and older adult),Jun-26,%,12.41,10.37,5.14,15.69,
Q1 2026/27,East,Mental health and community trust,Mental Health and Learning Disability,RT1,Cambridgeshire and Peterborough NHS Foundation Trust,Access to services,Mental health care,OF0030,Percentage of people discharged from community mental health services with a paired outcome score recorded (adult and older adult),Jun-26,%,2.13,10.37,5.14,15.69,
Q1 2026/27,North West,Mental health and community trust,Mental Health and Learning Disability,RT2,Pennine Care NHS Foundation Trust,Access to services,Mental health care,OF0030,Percentage of people discharged from community mental health services with a paired outcome score recorded (adult and older adult),Jun-26,%,2.53,10.37,5.14,15.69,
Q1 2026/27,Midlands,Mental health and community trust,Mental Health and Learning Disability,RT5,Leicestershire Partnership NHS Trust,Access to services,Mental health care,OF0030,Percentage of people discharged from community mental health services with a paired outcome score recorded (adult and older adult),Jun-26,%,4.42,10.37,5.14,15.69,
Q1 2026/27,South West,Mental health and community trust,Mental Health and Learning Disability,RTQ,Gloucestershire Health and Care NHS Foundation Trust,Access to services,Mental health care,OF0030,Percentage of people discharged from community mental health services with a paired outcome score recorded (adult and older adult),Jun-26,%,7.67,10.37,5.14,15.69,
Q1 2026/27,London,Mental health and community trust,Mental Health and Learning Disability,RV3,Central and North West London NHS Foundation Trust,Access to services,Mental health care,OF0030,Percentage of people discharged from community mental health services with a paired outcome score recorded (adult and older adult),Jun-26,%,16.22,10.37,5.14,15.69,
Q1 2026/27,London,Mental health and community trust,Mental Health and Learning Disability,RV5,South London and Maudsley NHS Foundation Trust,Access to services,Mental health care,OF0030,Percentage of people discharged from community mental health services with a paired outcome score recorded (adult and older adult),Jun-26,%,10.52,10.37,5.14,15.69,
Q1 2026/27,South West,Mental health and community trust,Mental Health and Learning Disability,RVN,Avon and Wiltshire Mental Health Partnership NHS Trust,Access to services,Mental health care,OF0030,Percentage of people discharged from community mental health services with a paired outcome score recorded (adult and older adult),Jun-26,%,4.68,10.37,5.14,15.69,
Q1 2026/27,South East,Mental health and community trust,Mental Health and Learning Disability,RW1,Hampshire and Isle of Wight Healthcare NHS Foundation Trust,Access to services,Mental health care,OF0030,Percentage of people discharged from community mental health services with a paired outcome score recorded (adult and older adult),Jun-26,%,7.74,10.37,5.14,15.69,
Q1 2026/27,North West,Mental health and community trust,Mental Health and Learning Disability,RW4,Mersey Care NHS Foundation Trust,Access to services,Mental health care,OF0030,Percentage of people discharged from community mental health services with a paired outcome score recorded (adult and older adult),Jun-26,%,15.4,10.37,5.14,15.69,
Q1 2026/27,North West,Mental health and community trust,Mental Health and Learning Disability,RW5,Lancashire & South Cumbria NHS Foundation Trust,Access to services,Mental health care,OF0030,Percentage of people discharged from community mental health services with a paired outcome score recorded (adult and older adult),Jun-26,%,9.99,10.37,5.14,15.69,
Q1 2026/27,London,Mental health and community trust,Mental Health and Learning Disability,RWK,East London NHS Foundation Trust,Access to services,Mental health care,OF0030,Percentage of people discharged from community mental health services with a paired outcome score recorded (adult and older adult),Jun-26,%,27.52,10.37,5.14,15.69,
Q1 2026/27,East,Mental health and community trust,Mental Health and Learning Disability,RWR,Hertfordshire Partnership University NHS Foundation Trust,Access to services,Mental health care,OF0030,Percentage of people discharged from community mental health services with a paired outcome score recorded (adult and older adult),Jun-26,%,37.8,10.37,5.14,15.69,
Q1 2026/27,South West,Mental health and community trust,Mental Health and Learning Disability,RWV,Devon Partnership NHS Trust,Access to services,Mental health care,OF0030,Percentage of people discharged from community mental health services with a paired outcome score recorded (adult and older adult),Jun-26,%,9.85,10.37,5.14,15.69,
Q1 2026/27,South East,Mental health and community trust,Mental Health and Learning Disability,RWX,Berkshire Healthcare NHS Foundation Trust,Access to services,Mental health care,OF0030,Percentage of people discharged from community mental health services with a paired outcome score recorded (adult and older adult),Jun-26,%,15.98,10.37,5.14,15.69,
Q1 2026/27,South East,Mental health and community trust,Mental Health and Learning Disability,RX2,Sussex Partnership NHS Foundation Trust,Access to services,Mental health care,OF0030,Percentage of people discharged from community mental health services with a paired outcome score recorded (adult and older adult),Jun-26,%,11.69,10.37,5.14,15.69,
Q1 2026/27,North East and Yorkshire,Mental health and community trust,Mental Health and Learning Disability,RX3,"Tees, Esk and Wear Valleys NHS Foundation Trust",Access to services,Mental health care,OF0030,Percentage of people discharged from community mental health services with a paired outcome score recorded (adult and older adult),Jun-26,%,16.16,10.37,5.14,15.69,
Q1 2026/27,North East and Yorkshire,Mental health and community trust,Mental Health and Learning Disability,RX4,"Cumbria, Northumberland, Tyne and Wear NHS Foundation Trust",Access to services,Mental health care,OF0030,Percentage of people discharged from community mental health services with a paired outcome score recorded (adult and older adult),Jun-26,%,33.36,10.37,5.14,15.69,
Q1 2026/27,North West,Mental health and community trust,Mental Health and Learning Disability,RXA,Cheshire and Wirral Partnership NHS Foundation Trust,Access to services,Mental health care,OF0030,Percentage of people discharged from community mental health services with a paired outcome score recorded (adult and older adult),Jun-26,%,5.83,10.37,5.14,15.69,
Q1 2026/27,North East and Yorkshire,Mental health and community trust,Mental Health and Learning Disability,RXE,Rotherham Doncaster and South Humber NHS Foundation Trust,Access to services,Mental health care,OF0030,Percentage of people discharged from community mental health services with a paired outcome score recorded (adult and older adult),Jun-26,%,8.2,10.37,5.14,15.69,
Q1 2026/27,North East and Yorkshire,Mental health and community trust,Mental Health and Learning Disability,RXG,South West Yorkshire Partnership NHS Foundation Trust,Access to services,Mental health care,OF0030,Percentage of people discharged from community mental health services with a paired outcome score recorded (adult and older adult),Jun-26,%,3.36,10.37,5.14,15.69,
Q1 2026/27,Midlands,Mental health and community trust,Mental Health and Learning Disability,RXM,Derbyshire Healthcare NHS Foundation Trust,Access to services,Mental health care,OF0030,Percentage of people discharged from community mental health services with a paired outcome score recorded (adult and older adult),Jun-26,%,12.56,10.37,5.14,15.69,
Q1 2026/27,Midlands,Mental health and community trust,Mental Health and Learning Disability,RXT,Birmingham and Solihull Mental Health NHS Foundation Trust,Access to services,Mental health care,OF0030,Percentage of people discharged from community mental health services with a paired outcome score recorded (adult and older adult),Jun-26,%,2.29,10.37,5.14,15.69,
Q1 2026/27,North West,Mental health and community trust,Mental Health and Learning Disability,RXV,Greater Manchester Mental Health NHS Foundation Trust,Access to services,Mental health care,OF0030,Percentage of people discharged from community mental health services with a paired outcome score recorded (adult and older adult),Jun-26,%,9.85,10.37,5.14,15.69,
Q1 2026/27,South East,Mental health and community trust,Mental Health and Learning Disability,RXX,Surrey and Borders Partnership NHS Foundation Trust,Access to services,Mental health care,OF0030,Percentage of people discharged from community mental health services with a paired outcome score recorded (adult and older adult),Jun-26,%,17.58,10.37,5.14,15.69,
Q1 2026/27,South East,Mental health and community trust,Mental Health and Learning Disability,RXY,Kent and Medway Mental Health NHS Trust,Access to services,Mental health care,OF0030,Percentage of people discharged from community mental health services with a paired outcome score recorded (adult and older adult),Jun-26,%,1.49,10.37,5.14,15.69,
Q1 2026/27,North East and Yorkshire,Mental health and community trust,Community,RY6,Leeds Community Healthcare NHS Trust,Access to services,Mental health care,OF0030,Percentage of people discharged from community mental health services with a paired outcome score recorded (adult and older adult),Jun-26,%,2.48,10.37,5.14,15.69,
Q1 2026/27,Midlands,Mental health and community trust,Mental Health and Learning Disability,RYG,Coventry and Warwickshire Partnership NHS Trust,Access to services,Mental health care,OF0030,Percentage of people discharged from community mental health services with a paired outcome score recorded (adult and older adult),Jun-26,%,3.73,10.37,5.14,15.69,
Q1 2026/27,North East and Yorkshire,Mental health and community trust,Care Trust,TAD,Bradford District Care NHS Foundation Trust,Access to services,Mental health care,OF0030,Percentage of people discharged from community mental health services with a paired outcome score recorded (adult and older adult),Jun-26,%,6.78,10.37,5.14,15.69,
Q1 2026/27,North East and Yorkshire,Mental health and community trust,Care Trust,TAH,Sheffield Health Partnership University NHS Foundation Trust,Access to services,Mental health care,OF0030,Percentage of people discharged from community mental health services with a paired outcome score recorded (adult and older adult),Jun-26,%,27.51,10.37,5.14,15.69,
Q1 2026/27,Midlands,Mental health and community trust,Mental Health and Learning Disability,TAJ,Black Country Healthcare NHS Foundation Trust,Access to services,Mental health care,OF0030,Percentage of people discharged from community mental health services with a paired outcome score recorded (adult and older adult),Jun-26,%,5.6,10.37,5.14,15.69,
Q1 2026/27,London,Mental health and community trust,Mental Health and Learning Disability,G6V2S,North London NHS Foundation Trust,Access to services,Mental health care,OF0036,Percentage of total Children and Young People’s mental health waits for help that are over 104 weeks,Jun-26,%,26.14,26.14,15.42,35.7,25.0
Q1 2026/27,Midlands,Mental health and community trust,Community,R1A,Herefordshire and Worcestershire Health and Care NHS Trust,Access to services,Mental health care,OF0036,Percentage of total Children and Young People’s mental health waits for help that are over 104 weeks,Jun-26,%,43.84,26.14,15.42,35.7,43.0
Q1 2026/27,London,Mental health and community trust,Mental Health and Learning Disability,RAT,North East London NHS Foundation Trust,Access to services,Mental health care,OF0036,Percentage of total Children and Young People’s mental health waits for help that are over 104 weeks,Jun-26,%,15.21,26.14,15.42,35.7,12.0
Q1 2026/27,South West,Mental health and community trust,Mental Health and Learning Disability,RDY,Dorset Healthcare University NHS Foundation Trust,Access to services,Mental health care,OF0036,Percentage of total Children and Young People’s mental health waits for help that are over 104 weeks,Jun-26,%,25.55,26.14,15.42,35.7,22.0
Q1 2026/27,North East and Yorkshire,Mental health and community trust,Mental Health and Learning Disability,RGD,Leeds and York Partnership NHS Foundation Trust,Access to services,Mental health care,OF0036,Percentage of total Children and Young People’s mental health waits for help that are over 104 weeks,Jun-26,%,26.99,26.14,15.42,35.7,26.0
Q1 2026/27,Midlands,Mental health and community trust,Mental Health and Learning Disability,RHA,Nottinghamshire Healthcare NHS Foundation Trust,Access to services,Mental health care,OF0036,Percentage of total Children and Young People’s mental health waits for help that are over 104 weeks,Jun-26,%,3.92,26.14,15.42,35.7,3.0
Q1 2026/27,South West,Mental health and community trust,Mental Health and Learning Disability,RJ8,Cornwall Partnership NHS Foundation Trust,Access to services,Mental health care,OF0036,Percentage of total Children and Young People’s mental health waits for help that are over 104 weeks,Jun-26,%,47.48,26.14,15.42,35.7,45.0
Q1 2026/27,London,Mental health and community trust,Mental Health and Learning Disability,RKL,West London NHS Trust,Access to services,Mental health care,OF0036,Percentage of total Children and Young People’s mental health waits for help that are over 104 weeks,Jun-26,%,11.01,26.14,15.42,35.7,7.0
Q1 2026/27,Midlands,Mental health and community trust,Mental Health and Learning Disability,RLY,North Staffordshire Combined Healthcare NHS Trust,Access to services,Mental health care,OF0036,Percentage of total Children and Young People’s mental health waits for help that are over 104 weeks,Jun-26,%,38.54,26.14,15.42,35.7,40.0
Q1 2026/27,East,Mental health and community trust,Mental Health and Learning Disability,RMY,Norfolk and Suffolk NHS Foundation Trust,Access to services,Mental health care,OF0036,Percentage of total Children and Young People’s mental health waits for help that are over 104 weeks,Jun-26,%,17.42,26.14,15.42,35.7,17.0
Q1 2026/27,South East,Mental health and community trust,Mental Health and Learning Disability,RNU,Oxford Health NHS Foundation Trust,Access to services,Mental health care,OF0036,Percentage of total Children and Young People’s mental health waits for help that are over 104 weeks,Jun-26,%,48.33,26.14,15.42,35.7,46.0
Q1 2026/27,Midlands,Mental health and community trust,Mental Health and Learning Disability,RP1,Northamptonshire Healthcare NHS Foundation Trust,Access to services,Mental health care,OF0036,Percentage of total Children and Young People’s mental health waits for help that are over 104 weeks,Jun-26,%,42.06,26.14,15.42,35.7,41.0
Q1 2026/27,Midlands,Mental health and community trust,Mental Health and Learning Disability,RP7,Lincolnshire Partnership NHS Foundation Trust,Access to services,Mental health care,OF0036,Percentage of total Children and Young People’s mental health waits for help that are over 104 weeks,Jun-26,%,1.96,26.14,15.42,35.7,2.0
Q1 2026/27,London,Mental health and community trust,Mental Health and Learning Disability,RPG,Oxleas NHS Foundation Trust,Access to services,Mental health care,OF0036,Percentage of total Children and Young People’s mental health waits for help that are over 104 weeks,Jun-26,%,13.61,26.14,15.42,35.7,10.0
Q1 2026/27,London,Mental health and community trust,Mental Health and Learning Disability,RQY,South West London and St George's Mental Health NHS Trust,Access to services,Mental health care,OF0036,Percentage of total Children and Young People’s mental health waits for help that are over 104 weeks,Jun-26,%,14.51,26.14,15.42,35.7,11.0
Q1 2026/27,Midlands,Mental health and community trust,Mental Health and Learning Disability,RRE,Midlands Partnership University NHS Foundation Trust,Access to services,Mental health care,OF0036,Percentage of total Children and Young People’s mental health waits for help that are over 104 weeks,Jun-26,%,22.6,26.14,15.42,35.7,19.0
Q1 2026/27,East,Mental health and community trust,Mental Health and Learning Disability,RT1,Cambridgeshire and Peterborough NHS Foundation Trust,Access to services,Mental health care,OF0036,Percentage of total Children and Young People’s mental health waits for help that are over 104 weeks,Jun-26,%,19.48,26.14,15.42,35.7,18.0
Q1 2026/27,North West,Mental health and community trust,Mental Health and Learning Disability,RT2,Pennine Care NHS Foundation Trust,Access to services,Mental health care,OF0036,Percentage of total Children and Young People’s mental health waits for help that are over 104 weeks,Jun-26,%,36.37,26.14,15.42,35.7,38.0
Q1 2026/27,Midlands,Mental health and community trust,Mental Health and Learning Disability,RT5,Leicestershire Partnership NHS Trust,Access to services,Mental health care,OF0036,Percentage of total Children and Young People’s mental health waits for help that are over 104 weeks,Jun-26,%,23.11,26.14,15.42,35.7,20.0
Q1 2026/27,South West,Mental health and community trust,Mental Health and Learning Disability,RTQ,Gloucestershire Health and Care NHS Foundation Trust,Access to services,Mental health care,OF0036,Percentage of total Children and Young People’s mental health waits for help that are over 104 weeks,Jun-26,%,35.7,26.14,15.42,35.7,37.0
Q1 2026/27,London,Mental health and community trust,Mental Health and Learning Disability,RV3,Central and North West London NHS Foundation Trust,Access to services,Mental health care,OF0036,Percentage of total Children and Young People’s mental health waits for help that are over 104 weeks,Jun-26,%,4.35,26.14,15.42,35.7,4.0
Q1 2026/27,London,Mental health and community trust,Mental Health and Learning Disability,RV5,South London and Maudsley NHS Foundation Trust,Access to services,Mental health care,OF0036,Percentage of total Children and Young People’s mental health waits for help that are over 104 weeks,Jun-26,%,32.15,26.14,15.42,35.7,35.0
Q1 2026/27,North East and Yorkshire,Mental health and community trust,Mental Health and Learning Disability,RV9,Humber Teaching NHS Foundation Trust,Access to services,Mental health care,OF0036,Percentage of total Children and Young People’s mental health waits for help that are over 104 weeks,Jun-26,%,44.29,26.14,15.42,35.7,44.0
Q1 2026/27,South West,Mental health and community trust,Mental Health and Learning Disability,RVN,Avon and Wiltshire Mental Health Partnership NHS Trust,Access to services,Mental health care,OF0036,Percentage of total Children and Young People’s mental health waits for help that are over 104 weeks,Jun-26,%,11.18,26.14,15.42,35.7,8.0
Q1 2026/27,South East,Mental health and community trust,Mental Health and Learning Disability,RW1,Hampshire and Isle of Wight Healthcare NHS Foundation Trust,Access to services,Mental health care,OF0036,Percentage of total Children and Young People’s mental health waits for help that are over 104 weeks,Jun-26,%,51.02,26.14,15.42,35.7,48.0
Q1 2026/27,North West,Mental health and community trust,Mental Health and Learning Disability,RW4,Mersey Care NHS Foundation Trust,Access to services,Mental health care,OF0036,Percentage of total Children and Young People’s mental health waits for help that are over 104 weeks,Jun-26,%,7.25,26.14,15.42,35.7,5.0
Q1 2026/27,North West,Mental health and community trust,Mental Health and Learning Disability,RW5,Lancashire & South Cumbria NHS Foundation Trust,Access to services,Mental health care,OF0036,Percentage of total Children and Young People’s mental health waits for help that are over 104 weeks,Jun-26,%,29.5,26.14,15.42,35.7,31.0
Q1 2026/27,London,Mental health and community trust,Mental Health and Learning Disability,RWK,East London NHS Foundation Trust,Access to services,Mental health care,OF0036,Percentage of total Children and Young People’s mental health waits for help that are over 104 weeks,Jun-26,%,15.76,26.14,15.42,35.7,14.0
Q1 2026/27,East,Mental health and community trust,Mental Health and Learning Disability,RWR,Hertfordshire Partnership University NHS Foundation Trust,Access to services,Mental health care,OF0036,Percentage of total Children and Young People’s mental health waits for help that are over 104 weeks,Jun-26,%,7.99,26.14,15.42,35.7,6.0
Q1 2026/27,South West,Mental health and community trust,Mental Health and Learning Disability,RWV,Devon Partnership NHS Trust,Access to services,Mental health care,OF0036,Percentage of total Children and Young People’s mental health waits for help that are over 104 weeks,Jun-26,%,28.39,26.14,15.42,35.7,28.0
Q1 2026/27,South East,Mental health and community trust,Mental Health and Learning Disability,RWX,Berkshire Healthcare NHS Foundation Trust,Access to services,Mental health care,OF0036,Percentage of total Children and Young People’s mental health waits for help that are over 104 weeks,Jun-26,%,42.34,26.14,15.42,35.7,42.0
Q1 2026/27,South East,Mental health and community trust,Mental Health and Learning Disability,RX2,Sussex Partnership NHS Foundation Trust,Access to services,Mental health care,OF0036,Percentage of total Children and Young People’s mental health waits for help that are over 104 weeks,Jun-26,%,53.06,26.14,15.42,35.7,49.0
Q1 2026/27,North East and Yorkshire,Mental health and community trust,Mental Health and Learning Disability,RX3,"Tees, Esk and Wear Valleys NHS Foundation Trust",Access to services,Mental health care,OF0036,Percentage of total Children and Young People’s mental health waits for help that are over 104 weeks,Jun-26,%,16.14,26.14,15.42,35.7,16.0
Q1 2026/27,North East and Yorkshire,Mental health and community trust,Mental Health and Learning Disability,RX4,"Cumbria, Northumberland, Tyne and Wear NHS Foundation Trust",Access to services,Mental health care,OF0036,Percentage of total Children and Young People’s mental health waits for help that are over 104 weeks,Jun-26,%,34.65,26.14,15.42,35.7,36.0
Q1 2026/27,North West,Mental health and community trust,Mental Health and Learning Disability,RXA,Cheshire and Wirral Partnership NHS Foundation Trust,Access to services,Mental health care,OF0036,Percentage of total Children and Young People’s mental health waits for help that are over 104 weeks,Jun-26,%,25.69,26.14,15.42,35.7,23.0
Q1 2026/27,North East and Yorkshire,Mental health and community trust,Mental Health and Learning Disability,RXE,Rotherham Doncaster and South Humber NHS Foundation Trust,Access to services,Mental health care,OF0036,Percentage of total Children and Young People’s mental health waits for help that are over 104 weeks,Jun-26,%,32.04,26.14,15.42,35.7,34.0
Q1 2026/27,North East and Yorkshire,Mental health and community trust,Mental Health and Learning Disability,RXG,South West Yorkshire Partnership NHS Foundation Trust,Access to services,Mental health care,OF0036,Percentage of total Children and Young People’s mental health waits for help that are over 104 weeks,Jun-26,%,15.98,26.14,15.42,35.7,15.0
Q1 2026/27,Midlands,Mental health and community trust,Mental Health and Learning Disability,RXM,Derbyshire Healthcare NHS Foundation Trust,Access to services,Mental health care,OF0036,Percentage of total Children and Young People’s mental health waits for help that are over 104 weeks,Jun-26,%,13.09,26.14,15.42,35.7,9.0
Q1 2026/27,Midlands,Mental health and community trust,Mental Health and Learning Disability,RXT,Birmingham and Solihull Mental Health NHS Foundation Trust,Access to services,Mental health care,OF0036,Percentage of total Children and Young People’s mental health waits for help that are over 104 weeks,Jun-26,%,25.92,26.14,15.42,35.7,24.0
Q1 2026/27,North West,Mental health and community trust,Mental Health and Learning Disability,RXV,Greater Manchester Mental Health NHS Foundation Trust,Access to services,Mental health care,OF0036,Percentage of total Children and Young People’s mental health waits for help that are over 104 weeks,Jun-26,%,15.42,26.14,15.42,35.7,13.0
Q1 2026/27,South East,Mental health and community trust,Mental Health and Learning Disability,RXX,Surrey and Borders Partnership NHS Foundation Trust,Access to services,Mental health care,OF0036,Percentage of total Children and Young People’s mental health waits for help that are over 104 weeks,Jun-26,%,31.66,26.14,15.42,35.7,33.0
Q1 2026/27,South East,Mental health and community trust,Mental Health and Learning Disability,RXY,Kent and Medway Mental Health NHS Trust,Access to services,Mental health care,OF0036,Percentage of total Children and Young People’s mental health waits for help that are over 104 weeks,Jun-26,%,24.37,26.14,15.42,35.7,21.0
Q1 2026/27,East,Mental health and community trust,Community,RY4,Hertfordshire Community NHS Trust,Access to services,Mental health care,OF0036,Percentage of total Children and Young People’s mental health waits for help that are over 104 weeks,Jun-26,%,0.86,26.14,15.42,35.7,1.0
Q1 2026/27,North East and Yorkshire,Mental health and community trust,Community,RY6,Leeds Community Healthcare NHS Trust,Access to services,Mental health care,OF0036,Percentage of total Children and Young People’s mental health waits for help that are over 104 weeks,Jun-26,%,28.45,26.14,15.42,35.7,29.0
Q1 2026/27,Midlands,Mental health and community trust,Mental Health and Learning Disability,RYG,Coventry and Warwickshire Partnership NHS Trust,Access to services,Mental health care,OF0036,Percentage of total Children and Young People’s mental health waits for help that are over 104 weeks,Jun-26,%,38.13,26.14,15.42,35.7,39.0
Q1 2026/27,South East,Mental health and community trust,Community,RYY,Kent Community Health NHS Foundation Trust,Access to services,Mental health care,OF0036,Percentage of total Children and Young People’s mental health waits for help that are over 104 weeks,Jun-26,%,29.17,26.14,15.42,35.7,30.0
Q1 2026/27,North East and Yorkshire,Mental health and community trust,Care Trust,TAD,Bradford District Care NHS Foundation Trust,Access to services,Mental health care,OF0036,Percentage of total Children and Young People’s mental health waits for help that are over 104 weeks,Jun-26,%,48.48,26.14,15.42,35.7,47.0
Q1 2026/27,North East and Yorkshire,Mental health and community trust,Care Trust,TAH,Sheffield Health Partnership University NHS Foundation Trust,Access to services,Mental health care,OF0036,Percentage of total Children and Young People’s mental health waits for help that are over 104 weeks,Jun-26,%,30.77,26.14,15.42,35.7,32.0
Q1 2026/27,Midlands,Mental health and community trust,Mental Health and Learning Disability,TAJ,Black Country Healthcare NHS Foundation Trust,Access to services,Mental health care,OF0036,Percentage of total Children and Young People’s mental health waits for help that are over 104 weeks,Jun-26,%,27.1,26.14,15.42,35.7,27.0
Q1 2026/27,London,Mental health and community trust,Mental Health and Learning Disability,G6V2S,North London NHS Foundation Trust,Effectiveness of care and population health,Effective discharge,OF0043,Mental health 14-day readmission rate,Q1 26/27,rate,5.75,5.69,4.49,6.85,22.0
Q1 2026/27,Midlands,Mental health and community trust,Community,R1A,Herefordshire and Worcestershire Health and Care NHS Trust,Effectiveness of care and population health,Effective discharge,OF0043,Mental health 14-day readmission rate,Q1 26/27,rate,6.99,5.69,4.49,6.85,33.0
Q1 2026/27,East,Mental health and community trust,Mental Health and Learning Disability,R1L,Essex Partnership University NHS Foundation Trust,Effectiveness of care and population health,Effective discharge,OF0043,Mental health 14-day readmission rate,Q1 26/27,rate,5.3,5.69,4.49,6.85,17.0
Q1 2026/27,London,Mental health and community trust,Mental Health and Learning Disability,RAT,North East London NHS Foundation Trust,Effectiveness of care and population health,Effective discharge,OF0043,Mental health 14-day readmission rate,Q1 26/27,rate,6.69,5.69,4.49,6.85,29.0
Q1 2026/27,Midlands,Mental health and community trust,Mental Health and Learning Disability,RHA,Nottinghamshire Healthcare NHS Foundation Trust,Effectiveness of care and population health,Effective discharge,OF0043,Mental health 14-day readmission rate,Q1 26/27,rate,2.23,5.69,4.49,6.85,1.0
Q1 2026/27,South West,Mental health and community trust,Mental Health and Learning Disability,RJ8,Cornwall Partnership NHS Foundation Trust,Effectiveness of care and population health,Effective discharge,OF0043,Mental health 14-day readmission rate,Q1 26/27,rate,5.45,5.69,4.49,6.85,18.0
Q1 2026/27,London,Mental health and community trust,Mental Health and Learning Disability,RKL,West London NHS Trust,Effectiveness of care and population health,Effective discharge,OF0043,Mental health 14-day readmission rate,Q1 26/27,rate,5.54,5.69,4.49,6.85,20.0
Q1 2026/27,Midlands,Mental health and community trust,Mental Health and Learning Disability,RLY,North Staffordshire Combined Healthcare NHS Trust,Effectiveness of care and population health,Effective discharge,OF0043,Mental health 14-day readmission rate,Q1 26/27,rate,7.0,5.69,4.49,6.85,34.0
Q1 2026/27,East,Mental health and community trust,Mental Health and Learning Disability,RMY,Norfolk and Suffolk NHS Foundation Trust,Effectiveness of care and population health,Effective discharge,OF0043,Mental health 14-day readmission rate,Q1 26/27,rate,3.51,5.69,4.49,6.85,6.0
Q1 2026/27,South East,Mental health and community trust,Mental Health and Learning Disability,RNU,Oxford Health NHS Foundation Trust,Effectiveness of care and population health,Effective discharge,OF0043,Mental health 14-day readmission rate,Q1 26/27,rate,3.0,5.69,4.49,6.85,3.0
Q1 2026/27,Midlands,Mental health and community trust,Mental Health and Learning Disability,RP1,Northamptonshire Healthcare NHS Foundation Trust,Effectiveness of care and population health,Effective discharge,OF0043,Mental health 14-day readmission rate,Q1 26/27,rate,19.31,5.69,4.49,6.85,41.0
Q1 2026/27,Midlands,Mental health and community trust,Mental Health and Learning Disability,RP7,Lincolnshire Partnership NHS Foundation Trust,Effectiveness of care and population health,Effective discharge,OF0043,Mental health 14-day readmission rate,Q1 26/27,rate,18.88,5.69,4.49,6.85,40.0
Q1 2026/27,London,Mental health and community trust,Mental Health and Learning Disability,RPG,Oxleas NHS Foundation Trust,Effectiveness of care and population health,Effective discharge,OF0043,Mental health 14-day readmission rate,Q1 26/27,rate,7.8,5.69,4.49,6.85,36.0
Q1 2026/27,London,Mental health and community trust,Mental Health and Learning Disability,RQY,South West London and St George's Mental Health NHS Trust,Effectiveness of care and population health,Effective discharge,OF0043,Mental health 14-day readmission rate,Q1 26/27,rate,2.97,5.69,4.49,6.85,2.0
Q1 2026/27,Midlands,Mental health and community trust,Mental Health and Learning Disability,RRE,Midlands Partnership University NHS Foundation Trust,Effectiveness of care and population health,Effective discharge,OF0043,Mental health 14-day readmission rate,Q1 26/27,rate,6.23,5.69,4.49,6.85,25.0
Q1 2026/27,East,Mental health and community trust,Mental Health and Learning Disability,RT1,Cambridgeshire and Peterborough NHS Foundation Trust,Effectiveness of care and population health,Effective discharge,OF0043,Mental health 14-day readmission rate,Q1 26/27,rate,5.69,5.69,4.49,6.85,21.0
Q1 2026/27,North West,Mental health and community trust,Mental Health and Learning Disability,RT2,Pennine Care NHS Foundation Trust,Effectiveness of care and population health,Effective discharge,OF0043,Mental health 14-day readmission rate,Q1 26/27,rate,4.83,5.69,4.49,6.85,14.0
Q1 2026/27,Midlands,Mental health and community trust,Mental Health and Learning Disability,RT5,Leicestershire Partnership NHS Trust,Effectiveness of care and population health,Effective discharge,OF0043,Mental health 14-day readmission rate,Q1 26/27,rate,3.49,5.69,4.49,6.85,5.0
Q1 2026/27,London,Mental health and community trust,Mental Health and Learning Disability,RV3,Central and North West London NHS Foundation Trust,Effectiveness of care and population health,Effective discharge,OF0043,Mental health 14-day readmission rate,Q1 26/27,rate,6.62,5.69,4.49,6.85,28.0
Q1 2026/27,London,Mental health and community trust,Mental Health and Learning Disability,RV5,South London and Maudsley NHS Foundation Trust,Effectiveness of care and population health,Effective discharge,OF0043,Mental health 14-day readmission rate,Q1 26/27,rate,4.91,5.69,4.49,6.85,16.0
Q1 2026/27,North East and Yorkshire,Mental health and community trust,Mental Health and Learning Disability,RV9,Humber Teaching NHS Foundation Trust,Effectiveness of care and population health,Effective discharge,OF0043,Mental health 14-day readmission rate,Q1 26/27,rate,6.45,5.69,4.49,6.85,27.0
Q1 2026/27,South West,Mental health and community trust,Mental Health and Learning Disability,RVN,Avon and Wiltshire Mental Health Partnership NHS Trust,Effectiveness of care and population health,Effective discharge,OF0043,Mental health 14-day readmission rate,Q1 26/27,rate,3.22,5.69,4.49,6.85,4.0
Q1 2026/27,South East,Mental health and community trust,Mental Health and Learning Disability,RW1,Hampshire and Isle of Wight Healthcare NHS Foundation Trust,Effectiveness of care and population health,Effective discharge,OF0043,Mental health 14-day readmission rate,Q1 26/27,rate,6.69,5.69,4.49,6.85,30.0
Q1 2026/27,North West,Mental health and community trust,Mental Health and Learning Disability,RW4,Mersey Care NHS Foundation Trust,Effectiveness of care and population health,Effective discharge,OF0043,Mental health 14-day readmission rate,Q1 26/27,rate,3.85,5.69,4.49,6.85,7.0
Q1 2026/27,North West,Mental health and community trust,Mental Health and Learning Disability,RW5,Lancashire & South Cumbria NHS Foundation Trust,Effectiveness of care and population health,Effective discharge,OF0043,Mental health 14-day readmission rate,Q1 26/27,rate,4.48,5.69,4.49,6.85,10.0
Q1 2026/27,London,Mental health and community trust,Mental Health and Learning Disability,RWK,East London NHS Foundation Trust,Effectiveness of care and population health,Effective discharge,OF0043,Mental health 14-day readmission rate,Q1 26/27,rate,4.64,5.69,4.49,6.85,12.0
Q1 2026/27,East,Mental health and community trust,Mental Health and Learning Disability,RWR,Hertfordshire Partnership University NHS Foundation Trust,Effectiveness of care and population health,Effective discharge,OF0043,Mental health 14-day readmission rate,Q1 26/27,rate,7.69,5.69,4.49,6.85,35.0
Q1 2026/27,South East,Mental health and community trust,Mental Health and Learning Disability,RWX,Berkshire Healthcare NHS Foundation Trust,Effectiveness of care and population health,Effective discharge,OF0043,Mental health 14-day readmission rate,Q1 26/27,rate,4.89,5.69,4.49,6.85,15.0
Q1 2026/27,South East,Mental health and community trust,Mental Health and Learning Disability,RX2,Sussex Partnership NHS Foundation Trust,Effectiveness of care and population health,Effective discharge,OF0043,Mental health 14-day readmission rate,Q1 26/27,rate,7.82,5.69,4.49,6.85,37.0
Q1 2026/27,North East and Yorkshire,Mental health and community trust,Mental Health and Learning Disability,RX3,"Tees, Esk and Wear Valleys NHS Foundation Trust",Effectiveness of care and population health,Effective discharge,OF0043,Mental health 14-day readmission rate,Q1 26/27,rate,6.97,5.69,4.49,6.85,32.0
Q1 2026/27,North East and Yorkshire,Mental health and community trust,Mental Health and Learning Disability,RX4,"Cumbria, Northumberland, Tyne and Wear NHS Foundation Trust",Effectiveness of care and population health,Effective discharge,OF0043,Mental health 14-day readmission rate,Q1 26/27,rate,4.24,5.69,4.49,6.85,8.0
Q1 2026/27,North West,Mental health and community trust,Mental Health and Learning Disability,RXA,Cheshire and Wirral Partnership NHS Foundation Trust,Effectiveness of care and population health,Effective discharge,OF0043,Mental health 14-day readmission rate,Q1 26/27,rate,6.29,5.69,4.49,6.85,26.0
Q1 2026/27,North East and Yorkshire,Mental health and community trust,Mental Health and Learning Disability,RXE,Rotherham Doncaster and South Humber NHS Foundation Trust,Effectiveness of care and population health,Effective discharge,OF0043,Mental health 14-day readmission rate,Q1 26/27,rate,5.76,5.69,4.49,6.85,23.0
Q1 2026/27,North East and Yorkshire,Mental health and community trust,Mental Health and Learning Disability,RXG,South West Yorkshire Partnership NHS Foundation Trust,Effectiveness of care and population health,Effective discharge,OF0043,Mental health 14-day readmission rate,Q1 26/27,rate,4.73,5.69,4.49,6.85,13.0
Q1 2026/27,Midlands,Mental health and community trust,Mental Health and Learning Disability,RXM,Derbyshire Healthcare NHS Foundation Trust,Effectiveness of care and population health,Effective discharge,OF0043,Mental health 14-day readmission rate,Q1 26/27,rate,5.8,5.69,4.49,6.85,24.0
Q1 2026/27,North West,Mental health and community trust,Mental Health and Learning Disability,RXV,Greater Manchester Mental Health NHS Foundation Trust,Effectiveness of care and population health,Effective discharge,OF0043,Mental health 14-day readmission rate,Q1 26/27,rate,4.49,5.69,4.49,6.85,11.0
Q1 2026/27,South East,Mental health and community trust,Mental Health and Learning Disability,RXX,Surrey and Borders Partnership NHS Foundation Trust,Effectiveness of care and population health,Effective discharge,OF0043,Mental health 14-day readmission rate,Q1 26/27,rate,4.27,5.69,4.49,6.85,9.0
Q1 2026/27,South East,Mental health and community trust,Mental Health and Learning Disability,RXY,Kent and Medway Mental Health NHS Trust,Effectiveness of care and population health,Effective discharge,OF0043,Mental health 14-day readmission rate,Q1 26/27,rate,8.93,5.69,4.49,6.85,38.0
Q1 2026/27,Midlands,Mental health and community trust,Mental Health and Learning Disability,RYG,Coventry and Warwickshire Partnership NHS Trust,Effectiveness of care and population health,Effective discharge,OF0043,Mental health 14-day readmission rate,Q1 26/27,rate,11.11,5.69,4.49,6.85,39.0
Q1 2026/27,North East and Yorkshire,Mental health and community trust,Care Trust,TAH,Sheffield Health Partnership University NHS Foundation Trust,Effectiveness of care and population health,Effective discharge,OF0043,Mental health 14-day readmission rate,Q1 26/27,rate,6.85,5.69,4.49,6.85,31.0
Q1 2026/27,Midlands,Mental health and community trust,Mental Health and Learning Disability,TAJ,Black Country Healthcare NHS Foundation Trust,Effectiveness of care and population health,Effective discharge,OF0043,Mental health 14-day readmission rate,Q1 26/27,rate,5.48,5.69,4.49,6.85,19.0
Q1 2026/27,London,Mental health and community trust,Mental Health and Learning Disability,G6V2S,North London NHS Foundation Trust,Experience of care,Experience,OF0047,NHS staff survey advocacy sub-score,Dec-25,rate,6.21,6.9,6.69,7.25,55.0
Q1 2026/27,Midlands,Mental health and community trust,Community,R1A,Herefordshire and Worcestershire Health and Care NHS Trust,Experience of care,Experience,OF0047,NHS staff survey advocacy sub-score,Dec-25,rate,6.97,6.9,6.69,7.25,27.0
Q1 2026/27,Midlands,Mental health and community trust,Community,R1D,Shropshire Community Health NHS Trust,Experience of care,Experience,OF0047,NHS staff survey advocacy sub-score,Dec-25,rate,6.81,6.9,6.69,7.25,37.0
Q1 2026/27,East,Mental health and community trust,Mental Health and Learning Disability,R1L,Essex Partnership University NHS Foundation Trust,Experience of care,Experience,OF0047,NHS staff survey advocacy sub-score,Dec-25,rate,6.8,6.9,6.69,7.25,40.0
Q1 2026/27,London,Mental health and community trust,Mental Health and Learning Disability,RAT,North East London NHS Foundation Trust,Experience of care,Experience,OF0047,NHS staff survey advocacy sub-score,Dec-25,rate,7.05,6.9,6.69,7.25,24.0
Q1 2026/27,South East,Mental health and community trust,Community,RDR,Sussex Community NHS Foundation Trust,Experience of care,Experience,OF0047,NHS staff survey advocacy sub-score,Dec-25,rate,7.36,6.9,6.69,7.25,9.0
Q1 2026/27,South West,Mental health and community trust,Mental Health and Learning Disability,RDY,Dorset Healthcare University NHS Foundation Trust,Experience of care,Experience,OF0047,NHS staff survey advocacy sub-score,Dec-25,rate,7.22,6.9,6.69,7.25,16.0
Q1 2026/27,North East and Yorkshire,Mental health and community trust,Mental Health and Learning Disability,RGD,Leeds and York Partnership NHS Foundation Trust,Experience of care,Experience,OF0047,NHS staff survey advocacy sub-score,Dec-25,rate,6.9,6.9,6.69,7.25,31.0
Q1 2026/27,Midlands,Mental health and community trust,Mental Health and Learning Disability,RHA,Nottinghamshire Healthcare NHS Foundation Trust,Experience of care,Experience,OF0047,NHS staff survey advocacy sub-score,Dec-25,rate,5.94,6.9,6.69,7.25,57.0
Q1 2026/27,South West,Mental health and community trust,Mental Health and Learning Disability,RJ8,Cornwall Partnership NHS Foundation Trust,Experience of care,Experience,OF0047,NHS staff survey advocacy sub-score,Dec-25,rate,6.8,6.9,6.69,7.25,38.0
Q1 2026/27,London,Mental health and community trust,Mental Health and Learning Disability,RKL,West London NHS Trust,Experience of care,Experience,OF0047,NHS staff survey advocacy sub-score,Dec-25,rate,7.28,6.9,6.69,7.25,13.0
Q1 2026/27,Midlands,Mental health and community trust,Mental Health and Learning Disability,RLY,North Staffordshire Combined Healthcare NHS Trust,Experience of care,Experience,OF0047,NHS staff survey advocacy sub-score,Dec-25,rate,7.44,6.9,6.69,7.25,5.0
Q1 2026/27,East,Mental health and community trust,Mental Health and Learning Disability,RMY,Norfolk and Suffolk NHS Foundation Trust,Experience of care,Experience,OF0047,NHS staff survey advocacy sub-score,Dec-25,rate,5.82,6.9,6.69,7.25,58.0
Q1 2026/27,South East,Mental health and community trust,Mental Health and Learning Disability,RNU,Oxford Health NHS Foundation Trust,Experience of care,Experience,OF0047,NHS staff survey advocacy sub-score,Dec-25,rate,7.36,6.9,6.69,7.25,10.0
Q1 2026/27,Midlands,Mental health and community trust,Mental Health and Learning Disability,RP1,Northamptonshire Healthcare NHS Foundation Trust,Experience of care,Experience,OF0047,NHS staff survey advocacy sub-score,Dec-25,rate,7.16,6.9,6.69,7.25,18.0
Q1 2026/27,Midlands,Mental health and community trust,Mental Health and Learning Disability,RP7,Lincolnshire Partnership NHS Foundation Trust,Experience of care,Experience,OF0047,NHS staff survey advocacy sub-score,Dec-25,rate,6.89,6.9,6.69,7.25,32.0
Q1 2026/27,London,Mental health and community trust,Mental Health and Learning Disability,RPG,Oxleas NHS Foundation Trust,Experience of care,Experience,OF0047,NHS staff survey advocacy sub-score,Dec-25,rate,7.45,6.9,6.69,7.25,4.0
Q1 2026/27,London,Mental health and community trust,Mental Health and Learning Disability,RQY,South West London and St George's Mental Health NHS Trust,Experience of care,Experience,OF0047,NHS staff survey advocacy sub-score,Dec-25,rate,7.13,6.9,6.69,7.25,20.0
Q1 2026/27,Midlands,Mental health and community trust,Mental Health and Learning Disability,RRE,Midlands Partnership University NHS Foundation Trust,Experience of care,Experience,OF0047,NHS staff survey advocacy sub-score,Dec-25,rate,7.5,6.9,6.69,7.25,3.0
Q1 2026/27,East,Mental health and community trust,Mental Health and Learning Disability,RT1,Cambridgeshire and Peterborough NHS Foundation Trust,Experience of care,Experience,OF0047,NHS staff survey advocacy sub-score,Dec-25,rate,6.69,6.9,6.69,7.25,44.0
Q1 2026/27,North West,Mental health and community trust,Mental Health and Learning Disability,RT2,Pennine Care NHS Foundation Trust,Experience of care,Experience,OF0047,NHS staff survey advocacy sub-score,Dec-25,rate,6.73,6.9,6.69,7.25,42.0
Q1 2026/27,Midlands,Mental health and community trust,Mental Health and Learning Disability,RT5,Leicestershire Partnership NHS Trust,Experience of care,Experience,OF0047,NHS staff survey advocacy sub-score,Dec-25,rate,7.07,6.9,6.69,7.25,21.0
Q1 2026/27,South West,Mental health and community trust,Mental Health and Learning Disability,RTQ,Gloucestershire Health and Care NHS Foundation Trust,Experience of care,Experience,OF0047,NHS staff survey advocacy sub-score,Dec-25,rate,7.2,6.9,6.69,7.25,17.0
Q1 2026/27,London,Mental health and community trust,Mental Health and Learning Disability,RV3,Central and North West London NHS Foundation Trust,Experience of care,Experience,OF0047,NHS staff survey advocacy sub-score,Dec-25,rate,7.13,6.9,6.69,7.25,19.0
Q1 2026/27,London,Mental health and community trust,Mental Health and Learning Disability,RV5,South London and Maudsley NHS Foundation Trust,Experience of care,Experience,OF0047,NHS staff survey advocacy sub-score,Dec-25,rate,6.8,6.9,6.69,7.25,39.0
Q1 2026/27,North East and Yorkshire,Mental health and community trust,Mental Health and Learning Disability,RV9,Humber Teaching NHS Foundation Trust,Experience of care,Experience,OF0047,NHS staff survey advocacy sub-score,Dec-25,rate,7.31,6.9,6.69,7.25,12.0
Q1 2026/27,South West,Mental health and community trust,Mental Health and Learning Disability,RVN,Avon and Wiltshire Mental Health Partnership NHS Trust,Experience of care,Experience,OF0047,NHS staff survey advocacy sub-score,Dec-25,rate,6.86,6.9,6.69,7.25,34.0
Q1 2026/27,South East,Mental health and community trust,Mental Health and Learning Disability,RW1,Hampshire and Isle of Wight Healthcare NHS Foundation Trust,Experience of care,Experience,OF0047,NHS staff survey advocacy sub-score,Dec-25,rate,6.75,6.9,6.69,7.25,41.0
Q1 2026/27,North West,Mental health and community trust,Mental Health and Learning Disability,RW4,Mersey Care NHS Foundation Trust,Experience of care,Experience,OF0047,NHS staff survey advocacy sub-score,Dec-25,rate,6.83,6.9,6.69,7.25,35.0
Q1 2026/27,North West,Mental health and community trust,Mental Health and Learning Disability,RW5,Lancashire & South Cumbria NHS Foundation Trust,Experience of care,Experience,OF0047,NHS staff survey advocacy sub-score,Dec-25,rate,6.63,6.9,6.69,7.25,46.0
Q1 2026/27,London,Mental health and community trust,Mental Health and Learning Disability,RWK,East London NHS Foundation Trust,Experience of care,Experience,OF0047,NHS staff survey advocacy sub-score,Dec-25,rate,7.07,6.9,6.69,7.25,22.0
Q1 2026/27,East,Mental health and community trust,Mental Health and Learning Disability,RWR,Hertfordshire Partnership University NHS Foundation Trust,Experience of care,Experience,OF0047,NHS staff survey advocacy sub-score,Dec-25,rate,7.33,6.9,6.69,7.25,11.0
Q1 2026/27,South West,Mental health and community trust,Mental Health and Learning Disability,RWV,Devon Partnership NHS Trust,Experience of care,Experience,OF0047,NHS staff survey advocacy sub-score,Dec-25,rate,6.55,6.9,6.69,7.25,49.0
Q1 2026/27,South East,Mental health and community trust,Mental Health and Learning Disability,RWX,Berkshire Healthcare NHS Foundation Trust,Experience of care,Experience,OF0047,NHS staff survey advocacy sub-score,Dec-25,rate,7.75,6.9,6.69,7.25,1.0
Q1 2026/27,South East,Mental health and community trust,Mental Health and Learning Disability,RX2,Sussex Partnership NHS Foundation Trust,Experience of care,Experience,OF0047,NHS staff survey advocacy sub-score,Dec-25,rate,5.96,6.9,6.69,7.25,56.0
Q1 2026/27,North East and Yorkshire,Mental health and community trust,Mental Health and Learning Disability,RX3,"Tees, Esk and Wear Valleys NHS Foundation Trust",Experience of care,Experience,OF0047,NHS staff survey advocacy sub-score,Dec-25,rate,6.68,6.9,6.69,7.25,45.0
Q1 2026/27,North East and Yorkshire,Mental health and community trust,Mental Health and Learning Disability,RX4,"Cumbria, Northumberland, Tyne and Wear NHS Foundation Trust",Experience of care,Experience,OF0047,NHS staff survey advocacy sub-score,Dec-25,rate,6.7,6.9,6.69,7.25,43.0
Q1 2026/27,North West,Mental health and community trust,Mental Health and Learning Disability,RXA,Cheshire and Wirral Partnership NHS Foundation Trust,Experience of care,Experience,OF0047,NHS staff survey advocacy sub-score,Dec-25,rate,7.07,6.9,6.69,7.25,23.0
Q1 2026/27,North East and Yorkshire,Mental health and community trust,Mental Health and Learning Disability,RXE,Rotherham Doncaster and South Humber NHS Foundation Trust,Experience of care,Experience,OF0047,NHS staff survey advocacy sub-score,Dec-25,rate,6.59,6.9,6.69,7.25,48.0
Q1 2026/27,North East and Yorkshire,Mental health and community trust,Mental Health and Learning Disability,RXG,South West Yorkshire Partnership NHS Foundation Trust,Experience of care,Experience,OF0047,NHS staff survey advocacy sub-score,Dec-25,rate,7.27,6.9,6.69,7.25,14.0
Q1 2026/27,Midlands,Mental health and community trust,Mental Health and Learning Disability,RXM,Derbyshire Healthcare NHS Foundation Trust,Experience of care,Experience,OF0047,NHS staff survey advocacy sub-score,Dec-25,rate,6.82,6.9,6.69,7.25,36.0
Q1 2026/27,Midlands,Mental health and community trust,Mental Health and Learning Disability,RXT,Birmingham and Solihull Mental Health NHS Foundation Trust,Experience of care,Experience,OF0047,NHS staff survey advocacy sub-score,Dec-25,rate,6.9,6.9,6.69,7.25,30.0
Q1 2026/27,North West,Mental health and community trust,Mental Health and Learning Disability,RXV,Greater Manchester Mental Health NHS Foundation Trust,Experience of care,Experience,OF0047,NHS staff survey advocacy sub-score,Dec-25,rate,6.27,6.9,6.69,7.25,52.0
Q1 2026/27,South East,Mental health and community trust,Mental Health and Learning Disability,RXX,Surrey and Borders Partnership NHS Foundation Trust,Experience of care,Experience,OF0047,NHS staff survey advocacy sub-score,Dec-25,rate,7.01,6.9,6.69,7.25,25.0
Q1 2026/27,South East,Mental health and community trust,Mental Health and Learning Disability,RXY,Kent and Medway Mental Health NHS Trust,Experience of care,Experience,OF0047,NHS staff survey advocacy sub-score,Dec-25,rate,6.25,6.9,6.69,7.25,54.0
Q1 2026/27,East,Mental health and community trust,Community,RY3,Norfolk Community Health and Care NHS Trust,Experience of care,Experience,OF0047,NHS staff survey advocacy sub-score,Dec-25,rate,7.4,6.9,6.69,7.25,7.0
Q1 2026/27,East,Mental health and community trust,Community,RY4,Hertfordshire Community NHS Trust,Experience of care,Experience,OF0047,NHS staff survey advocacy sub-score,Dec-25,rate,7.42,6.9,6.69,7.25,6.0
Q1 2026/27,Midlands,Mental health and community trust,Community,RY5,Lincolnshire Community Health Services NHS Trust,Experience of care,Experience,OF0047,NHS staff survey advocacy sub-score,Dec-25,rate,6.62,6.9,6.69,7.25,47.0
Q1 2026/27,North East and Yorkshire,Mental health and community trust,Community,RY6,Leeds Community Healthcare NHS Trust,Experience of care,Experience,OF0047,NHS staff survey advocacy sub-score,Dec-25,rate,6.95,6.9,6.69,7.25,28.0
Q1 2026/27,North West,Mental health and community trust,Community,RY7,Wirral Community Health and Care NHS Foundation Trust,Experience of care,Experience,OF0047,NHS staff survey advocacy sub-score,Dec-25,rate,6.91,6.9,6.69,7.25,29.0
Q1 2026/27,Midlands,Mental health and community trust,Community,RY8,Derbyshire Community Health Services NHS Foundation Trust,Experience of care,Experience,OF0047,NHS staff survey advocacy sub-score,Dec-25,rate,7.39,6.9,6.69,7.25,8.0
Q1 2026/27,Midlands,Mental health and community trust,Mental Health and Learning Disability,RYG,Coventry and Warwickshire Partnership NHS Trust,Experience of care,Experience,OF0047,NHS staff survey advocacy sub-score,Dec-25,rate,6.51,6.9,6.69,7.25,50.0
Q1 2026/27,Midlands,Mental health and community trust,Community,RYW,Birmingham Community Healthcare NHS Foundation Trust,Experience of care,Experience,OF0047,NHS staff survey advocacy sub-score,Dec-25,rate,6.87,6.9,6.69,7.25,33.0
Q1 2026/27,London,Mental health and community trust,Community,RYX,Central London Community Healthcare NHS Trust,Experience of care,Experience,OF0047,NHS staff survey advocacy sub-score,Dec-25,rate,7.26,6.9,6.69,7.25,15.0
Q1 2026/27,South East,Mental health and community trust,Community,RYY,Kent Community Health NHS Foundation Trust,Experience of care,Experience,OF0047,NHS staff survey advocacy sub-score,Dec-25,rate,7.53,6.9,6.69,7.25,2.0
Q1 2026/27,North East and Yorkshire,Mental health and community trust,Care Trust,TAD,Bradford District Care NHS Foundation Trust,Experience of care,Experience,OF0047,NHS staff survey advocacy sub-score,Dec-25,rate,7.0,6.9,6.69,7.25,26.0
Q1 2026/27,North East and Yorkshire,Mental health and community trust,Care Trust,TAH,Sheffield Health Partnership University NHS Foundation Trust,Experience of care,Experience,OF0047,NHS staff survey advocacy sub-score,Dec-25,rate,6.32,6.9,6.69,7.25,51.0
Q1 2026/27,Midlands,Mental health and community trust,Mental Health and Learning Disability,TAJ,Black Country Healthcare NHS Foundation Trust,Experience of care,Experience,OF0047,NHS staff survey advocacy sub-score,Dec-25,rate,6.25,6.9,6.69,7.25,53.0
Q1 2026/27,London,Mental health and community trust,Mental Health and Learning Disability,G6V2S,North London NHS Foundation Trust,Effectiveness of care and population health,Preventing ill health,OF0060,Percentage of inpatients referred to and seen by an in-house tobacco treatment services who make a supported attempt to stop smoking,Q4 25/26,%,0.0,0.94,0.0,20.56,26.0
Q1 2026/27,Midlands,Mental health and community trust,Community,R1A,Herefordshire and Worcestershire Health and Care NHS Trust,Effectiveness of care and population health,Preventing ill health,OF0060,Percentage of inpatients referred to and seen by an in-house tobacco treatment services who make a supported attempt to stop smoking,Q4 25/26,%,0.0,0.94,0.0,20.56,26.0
Q1 2026/27,East,Mental health and community trust,Mental Health and Learning Disability,R1L,Essex Partnership University NHS Foundation Trust,Effectiveness of care and population health,Preventing ill health,OF0060,Percentage of inpatients referred to and seen by an in-house tobacco treatment services who make a supported attempt to stop smoking,Q4 25/26,%,0.0,0.94,0.0,20.56,26.0
Q1 2026/27,London,Mental health and community trust,Mental Health and Learning Disability,RAT,North East London NHS Foundation Trust,Effectiveness of care and population health,Preventing ill health,OF0060,Percentage of inpatients referred to and seen by an in-house tobacco treatment services who make a supported attempt to stop smoking,Q4 25/26,%,96.15,0.94,0.0,20.56,2.0
Q1 2026/27,South West,Mental health and community trust,Mental Health and Learning Disability,RDY,Dorset Healthcare University NHS Foundation Trust,Effectiveness of care and population health,Preventing ill health,OF0060,Percentage of inpatients referred to and seen by an in-house tobacco treatment services who make a supported attempt to stop smoking,Q4 25/26,%,0.0,0.94,0.0,20.56,26.0
Q1 2026/27,North East and Yorkshire,Mental health and community trust,Mental Health and Learning Disability,RGD,Leeds and York Partnership NHS Foundation Trust,Effectiveness of care and population health,Preventing ill health,OF0060,Percentage of inpatients referred to and seen by an in-house tobacco treatment services who make a supported attempt to stop smoking,Q4 25/26,%,5.0,0.94,0.0,20.56,21.0
Q1 2026/27,Midlands,Mental health and community trust,Mental Health and Learning Disability,RHA,Nottinghamshire Healthcare NHS Foundation Trust,Effectiveness of care and population health,Preventing ill health,OF0060,Percentage of inpatients referred to and seen by an in-house tobacco treatment services who make a supported attempt to stop smoking,Q4 25/26,%,0.0,0.94,0.0,20.56,26.0
Q1 2026/27,South West,Mental health and community trust,Mental Health and Learning Disability,RJ8,Cornwall Partnership NHS Foundation Trust,Effectiveness of care and population health,Preventing ill health,OF0060,Percentage of inpatients referred to and seen by an in-house tobacco treatment services who make a supported attempt to stop smoking,Q4 25/26,%,0.0,0.94,0.0,20.56,26.0
Q1 2026/27,London,Mental health and community trust,Mental Health and Learning Disability,RKL,West London NHS Trust,Effectiveness of care and population health,Preventing ill health,OF0060,Percentage of inpatients referred to and seen by an in-house tobacco treatment services who make a supported attempt to stop smoking,Q4 25/26,%,100.0,0.94,0.0,20.56,1.0
Q1 2026/27,Midlands,Mental health and community trust,Mental Health and Learning Disability,RLY,North Staffordshire Combined Healthcare NHS Trust,Effectiveness of care and population health,Preventing ill health,OF0060,Percentage of inpatients referred to and seen by an in-house tobacco treatment services who make a supported attempt to stop smoking,Q4 25/26,%,0.0,0.94,0.0,20.56,26.0
Q1 2026/27,East,Mental health and community trust,Mental Health and Learning Disability,RMY,Norfolk and Suffolk NHS Foundation Trust,Effectiveness of care and population health,Preventing ill health,OF0060,Percentage of inpatients referred to and seen by an in-house tobacco treatment services who make a supported attempt to stop smoking,Q4 25/26,%,0.0,0.94,0.0,20.56,26.0
Q1 2026/27,South East,Mental health and community trust,Mental Health and Learning Disability,RNU,Oxford Health NHS Foundation Trust,Effectiveness of care and population health,Preventing ill health,OF0060,Percentage of inpatients referred to and seen by an in-house tobacco treatment services who make a supported attempt to stop smoking,Q4 25/26,%,21.05,0.94,0.0,20.56,12.0
Q1 2026/27,Midlands,Mental health and community trust,Mental Health and Learning Disability,RP1,Northamptonshire Healthcare NHS Foundation Trust,Effectiveness of care and population health,Preventing ill health,OF0060,Percentage of inpatients referred to and seen by an in-house tobacco treatment services who make a supported attempt to stop smoking,Q4 25/26,%,0.0,0.94,0.0,20.56,26.0
Q1 2026/27,Midlands,Mental health and community trust,Mental Health and Learning Disability,RP7,Lincolnshire Partnership NHS Foundation Trust,Effectiveness of care and population health,Preventing ill health,OF0060,Percentage of inpatients referred to and seen by an in-house tobacco treatment services who make a supported attempt to stop smoking,Q4 25/26,%,3.23,0.94,0.0,20.56,23.0
Q1 2026/27,London,Mental health and community trust,Mental Health and Learning Disability,RPG,Oxleas NHS Foundation Trust,Effectiveness of care and population health,Preventing ill health,OF0060,Percentage of inpatients referred to and seen by an in-house tobacco treatment services who make a supported attempt to stop smoking,Q4 25/26,%,57.69,0.94,0.0,20.56,5.0
Q1 2026/27,London,Mental health and community trust,Mental Health and Learning Disability,RQY,South West London and St George's Mental Health NHS Trust,Effectiveness of care and population health,Preventing ill health,OF0060,Percentage of inpatients referred to and seen by an in-house tobacco treatment services who make a supported attempt to stop smoking,Q4 25/26,%,22.22,0.94,0.0,20.56,11.0
Q1 2026/27,Midlands,Mental health and community trust,Mental Health and Learning Disability,RRE,Midlands Partnership University NHS Foundation Trust,Effectiveness of care and population health,Preventing ill health,OF0060,Percentage of inpatients referred to and seen by an in-house tobacco treatment services who make a supported attempt to stop smoking,Q4 25/26,%,5.26,0.94,0.0,20.56,20.0
Q1 2026/27,East,Mental health and community trust,Mental Health and Learning Disability,RT1,Cambridgeshire and Peterborough NHS Foundation Trust,Effectiveness of care and population health,Preventing ill health,OF0060,Percentage of inpatients referred to and seen by an in-house tobacco treatment services who make a supported attempt to stop smoking,Q4 25/26,%,20.0,0.94,0.0,20.56,14.0
Q1 2026/27,North West,Mental health and community trust,Mental Health and Learning Disability,RT2,Pennine Care NHS Foundation Trust,Effectiveness of care and population health,Preventing ill health,OF0060,Percentage of inpatients referred to and seen by an in-house tobacco treatment services who make a supported attempt to stop smoking,Q4 25/26,%,0.0,0.94,0.0,20.56,26.0
Q1 2026/27,Midlands,Mental health and community trust,Mental Health and Learning Disability,RT5,Leicestershire Partnership NHS Trust,Effectiveness of care and population health,Preventing ill health,OF0060,Percentage of inpatients referred to and seen by an in-house tobacco treatment services who make a supported attempt to stop smoking,Q4 25/26,%,15.63,0.94,0.0,20.56,15.0
Q1 2026/27,South West,Mental health and community trust,Mental Health and Learning Disability,RTQ,Gloucestershire Health and Care NHS Foundation Trust,Effectiveness of care and population health,Preventing ill health,OF0060,Percentage of inpatients referred to and seen by an in-house tobacco treatment services who make a supported attempt to stop smoking,Q4 25/26,%,0.0,0.94,0.0,20.56,26.0
Q1 2026/27,London,Mental health and community trust,Mental Health and Learning Disability,RV3,Central and North West London NHS Foundation Trust,Effectiveness of care and population health,Preventing ill health,OF0060,Percentage of inpatients referred to and seen by an in-house tobacco treatment services who make a supported attempt to stop smoking,Q4 25/26,%,0.0,0.94,0.0,20.56,26.0
Q1 2026/27,London,Mental health and community trust,Mental Health and Learning Disability,RV5,South London and Maudsley NHS Foundation Trust,Effectiveness of care and population health,Preventing ill health,OF0060,Percentage of inpatients referred to and seen by an in-house tobacco treatment services who make a supported attempt to stop smoking,Q4 25/26,%,14.75,0.94,0.0,20.56,16.0
Q1 2026/27,North East and Yorkshire,Mental health and community trust,Mental Health and Learning Disability,RV9,Humber Teaching NHS Foundation Trust,Effectiveness of care and population health,Preventing ill health,OF0060,Percentage of inpatients referred to and seen by an in-house tobacco treatment services who make a supported attempt to stop smoking,Q4 25/26,%,3.06,0.94,0.0,20.56,24.0
Q1 2026/27,South West,Mental health and community trust,Mental Health and Learning Disability,RVN,Avon and Wiltshire Mental Health Partnership NHS Trust,Effectiveness of care and population health,Preventing ill health,OF0060,Percentage of inpatients referred to and seen by an in-house tobacco treatment services who make a supported attempt to stop smoking,Q4 25/26,%,23.91,0.94,0.0,20.56,9.0
Q1 2026/27,South East,Mental health and community trust,Mental Health and Learning Disability,RW1,Hampshire and Isle of Wight Healthcare NHS Foundation Trust,Effectiveness of care and population health,Preventing ill health,OF0060,Percentage of inpatients referred to and seen by an in-house tobacco treatment services who make a supported attempt to stop smoking,Q4 25/26,%,0.0,0.94,0.0,20.56,26.0
Q1 2026/27,North West,Mental health and community trust,Mental Health and Learning Disability,RW4,Mersey Care NHS Foundation Trust,Effectiveness of care and population health,Preventing ill health,OF0060,Percentage of inpatients referred to and seen by an in-house tobacco treatment services who make a supported attempt to stop smoking,Q4 25/26,%,0.0,0.94,0.0,20.56,26.0
Q1 2026/27,North West,Mental health and community trust,Mental Health and Learning Disability,RW5,Lancashire & South Cumbria NHS Foundation Trust,Effectiveness of care and population health,Preventing ill health,OF0060,Percentage of inpatients referred to and seen by an in-house tobacco treatment services who make a supported attempt to stop smoking,Q4 25/26,%,20.56,0.94,0.0,20.56,13.0
Q1 2026/27,London,Mental health and community trust,Mental Health and Learning Disability,RWK,East London NHS Foundation Trust,Effectiveness of care and population health,Preventing ill health,OF0060,Percentage of inpatients referred to and seen by an in-house tobacco treatment services who make a supported attempt to stop smoking,Q4 25/26,%,23.16,0.94,0.0,20.56,10.0
Q1 2026/27,East,Mental health and community trust,Mental Health and Learning Disability,RWR,Hertfordshire Partnership University NHS Foundation Trust,Effectiveness of care and population health,Preventing ill health,OF0060,Percentage of inpatients referred to and seen by an in-house tobacco treatment services who make a supported attempt to stop smoking,Q4 25/26,%,7.89,0.94,0.0,20.56,19.0
Q1 2026/27,South West,Mental health and community trust,Mental Health and Learning Disability,RWV,Devon Partnership NHS Trust,Effectiveness of care and population health,Preventing ill health,OF0060,Percentage of inpatients referred to and seen by an in-house tobacco treatment services who make a supported attempt to stop smoking,Q4 25/26,%,0.0,0.94,0.0,20.56,26.0
Q1 2026/27,South East,Mental health and community trust,Mental Health and Learning Disability,RWX,Berkshire Healthcare NHS Foundation Trust,Effectiveness of care and population health,Preventing ill health,OF0060,Percentage of inpatients referred to and seen by an in-house tobacco treatment services who make a supported attempt to stop smoking,Q4 25/26,%,25.0,0.94,0.0,20.56,8.0
Q1 2026/27,South East,Mental health and community trust,Mental Health and Learning Disability,RX2,Sussex Partnership NHS Foundation Trust,Effectiveness of care and population health,Preventing ill health,OF0060,Percentage of inpatients referred to and seen by an in-house tobacco treatment services who make a supported attempt to stop smoking,Q4 25/26,%,45.9,0.94,0.0,20.56,6.0
Q1 2026/27,North East and Yorkshire,Mental health and community trust,Mental Health and Learning Disability,RX3,"Tees, Esk and Wear Valleys NHS Foundation Trust",Effectiveness of care and population health,Preventing ill health,OF0060,Percentage of inpatients referred to and seen by an in-house tobacco treatment services who make a supported attempt to stop smoking,Q4 25/26,%,0.0,0.94,0.0,20.56,26.0
Q1 2026/27,North East and Yorkshire,Mental health and community trust,Mental Health and Learning Disability,RX4,"Cumbria, Northumberland, Tyne and Wear NHS Foundation Trust",Effectiveness of care and population health,Preventing ill health,OF0060,Percentage of inpatients referred to and seen by an in-house tobacco treatment services who make a supported attempt to stop smoking,Q4 25/26,%,0.0,0.94,0.0,20.56,26.0
Q1 2026/27,North West,Mental health and community trust,Mental Health and Learning Disability,RXA,Cheshire and Wirral Partnership NHS Foundation Trust,Effectiveness of care and population health,Preventing ill health,OF0060,Percentage of inpatients referred to and seen by an in-house tobacco treatment services who make a supported attempt to stop smoking,Q4 25/26,%,0.0,0.94,0.0,20.56,26.0
Q1 2026/27,North East and Yorkshire,Mental health and community trust,Mental Health and Learning Disability,RXE,Rotherham Doncaster and South Humber NHS Foundation Trust,Effectiveness of care and population health,Preventing ill health,OF0060,Percentage of inpatients referred to and seen by an in-house tobacco treatment services who make a supported attempt to stop smoking,Q4 25/26,%,0.94,0.94,0.0,20.56,25.0
Q1 2026/27,North East and Yorkshire,Mental health and community trust,Mental Health and Learning Disability,RXG,South West Yorkshire Partnership NHS Foundation Trust,Effectiveness of care and population health,Preventing ill health,OF0060,Percentage of inpatients referred to and seen by an in-house tobacco treatment services who make a supported attempt to stop smoking,Q4 25/26,%,69.23,0.94,0.0,20.56,3.0
Q1 2026/27,Midlands,Mental health and community trust,Mental Health and Learning Disability,RXM,Derbyshire Healthcare NHS Foundation Trust,Effectiveness of care and population health,Preventing ill health,OF0060,Percentage of inpatients referred to and seen by an in-house tobacco treatment services who make a supported attempt to stop smoking,Q4 25/26,%,0.0,0.94,0.0,20.56,26.0
Q1 2026/27,Midlands,Mental health and community trust,Mental Health and Learning Disability,RXT,Birmingham and Solihull Mental Health NHS Foundation Trust,Effectiveness of care and population health,Preventing ill health,OF0060,Percentage of inpatients referred to and seen by an in-house tobacco treatment services who make a supported attempt to stop smoking,Q4 25/26,%,32.53,0.94,0.0,20.56,7.0
Q1 2026/27,North West,Mental health and community trust,Mental Health and Learning Disability,RXV,Greater Manchester Mental Health NHS Foundation Trust,Effectiveness of care and population health,Preventing ill health,OF0060,Percentage of inpatients referred to and seen by an in-house tobacco treatment services who make a supported attempt to stop smoking,Q4 25/26,%,63.11,0.94,0.0,20.56,4.0
Q1 2026/27,South East,Mental health and community trust,Mental Health and Learning Disability,RXX,Surrey and Borders Partnership NHS Foundation Trust,Effectiveness of care and population health,Preventing ill health,OF0060,Percentage of inpatients referred to and seen by an in-house tobacco treatment services who make a supported attempt to stop smoking,Q4 25/26,%,8.2,0.94,0.0,20.56,18.0
Q1 2026/27,South East,Mental health and community trust,Mental Health and Learning Disability,RXY,Kent and Medway Mental Health NHS Trust,Effectiveness of care and population health,Preventing ill health,OF0060,Percentage of inpatients referred to and seen by an in-house tobacco treatment services who make a supported attempt to stop smoking,Q4 25/26,%,0.0,0.94,0.0,20.56,26.0
Q1 2026/27,Midlands,Mental health and community trust,Community,RY5,Lincolnshire Community Health Services NHS Trust,Effectiveness of care and population health,Preventing ill health,OF0060,Percentage of inpatients referred to and seen by an in-house tobacco treatment services who make a supported attempt to stop smoking,Q4 25/26,%,0.0,0.94,0.0,20.56,26.0
Q1 2026/27,Midlands,Mental health and community trust,Mental Health and Learning Disability,RYG,Coventry and Warwickshire Partnership NHS Trust,Effectiveness of care and population health,Preventing ill health,OF0060,Percentage of inpatients referred to and seen by an in-house tobacco treatment services who make a supported attempt to stop smoking,Q4 25/26,%,5.0,0.94,0.0,20.56,21.0
Q1 2026/27,Midlands,Mental health and community trust,Community,RYW,Birmingham Community Healthcare NHS Foundation Trust,Effectiveness of care and population health,Preventing ill health,OF0060,Percentage of inpatients referred to and seen by an in-house tobacco treatment services who make a supported attempt to stop smoking,Q4 25/26,%,0.0,0.94,0.0,20.56,26.0
Q1 2026/27,North East and Yorkshire,Mental health and community trust,Care Trust,TAD,Bradford District Care NHS Foundation Trust,Effectiveness of care and population health,Preventing ill health,OF0060,Percentage of inpatients referred to and seen by an in-house tobacco treatment services who make a supported attempt to stop smoking,Q4 25/26,%,0.0,0.94,0.0,20.56,26.0
Q1 2026/27,North East and Yorkshire,Mental health and community trust,Care Trust,TAH,Sheffield Health Partnership University NHS Foundation Trust,Effectiveness of care and population health,Preventing ill health,OF0060,Percentage of inpatients referred to and seen by an in-house tobacco treatment services who make a supported attempt to stop smoking,Q4 25/26,%,14.29,0.94,0.0,20.56,17.0
Q1 2026/27,Midlands,Mental health and community trust,Mental Health and Learning Disability,TAJ,Black Country Healthcare NHS Foundation Trust,Effectiveness of care and population health,Preventing ill health,OF0060,Percentage of inpatients referred to and seen by an in-house tobacco treatment services who make a supported attempt to stop smoking,Q4 25/26,%,0.0,0.94,0.0,20.56,26.0
Q1 2026/27,London,Mental health and community trust,Mental Health and Learning Disability,G6V2S,North London NHS Foundation Trust,Patient safety,Safe culture,OF0061,NHS Staff survey - raising concerns sub-score,2025,%,5.99,6.66,6.52,6.86,57.0
Q1 2026/27,Midlands,Mental health and community trust,Community,R1A,Herefordshire and Worcestershire Health and Care NHS Trust,Patient safety,Safe culture,OF0061,NHS Staff survey - raising concerns sub-score,2025,%,6.63,6.66,6.52,6.86,34.0
Q1 2026/27,Midlands,Mental health and community trust,Community,R1D,Shropshire Community Health NHS Trust,Patient safety,Safe culture,OF0061,NHS Staff survey - raising concerns sub-score,2025,%,6.48,6.66,6.52,6.86,46.0
Q1 2026/27,East,Mental health and community trust,Mental Health and Learning Disability,R1L,Essex Partnership University NHS Foundation Trust,Patient safety,Safe culture,OF0061,NHS Staff survey - raising concerns sub-score,2025,%,6.56,6.66,6.52,6.86,39.0
Q1 2026/27,London,Mental health and community trust,Mental Health and Learning Disability,RAT,North East London NHS Foundation Trust,Patient safety,Safe culture,OF0061,NHS Staff survey - raising concerns sub-score,2025,%,6.73,6.66,6.52,6.86,24.0
Q1 2026/27,South East,Mental health and community trust,Community,RDR,Sussex Community NHS Foundation Trust,Patient safety,Safe culture,OF0061,NHS Staff survey - raising concerns sub-score,2025,%,7.07,6.66,6.52,6.86,6.0
Q1 2026/27,South West,Mental health and community trust,Mental Health and Learning Disability,RDY,Dorset Healthcare University NHS Foundation Trust,Patient safety,Safe culture,OF0061,NHS Staff survey - raising concerns sub-score,2025,%,6.85,6.66,6.52,6.86,16.0
Q1 2026/27,North East and Yorkshire,Mental health and community trust,Mental Health and Learning Disability,RGD,Leeds and York Partnership NHS Foundation Trust,Patient safety,Safe culture,OF0061,NHS Staff survey - raising concerns sub-score,2025,%,6.65,6.66,6.52,6.86,32.0
Q1 2026/27,Midlands,Mental health and community trust,Mental Health and Learning Disability,RHA,Nottinghamshire Healthcare NHS Foundation Trust,Patient safety,Safe culture,OF0061,NHS Staff survey - raising concerns sub-score,2025,%,6.06,6.66,6.52,6.86,56.0
Q1 2026/27,South West,Mental health and community trust,Mental Health and Learning Disability,RJ8,Cornwall Partnership NHS Foundation Trust,Patient safety,Safe culture,OF0061,NHS Staff survey - raising concerns sub-score,2025,%,6.54,6.66,6.52,6.86,41.0
Q1 2026/27,London,Mental health and community trust,Mental Health and Learning Disability,RKL,West London NHS Trust,Patient safety,Safe culture,OF0061,NHS Staff survey - raising concerns sub-score,2025,%,6.77,6.66,6.52,6.86,23.0
Q1 2026/27,Midlands,Mental health and community trust,Mental Health and Learning Disability,RLY,North Staffordshire Combined Healthcare NHS Trust,Patient safety,Safe culture,OF0061,NHS Staff survey - raising concerns sub-score,2025,%,6.93,6.66,6.52,6.86,11.0
Q1 2026/27,East,Mental health and community trust,Mental Health and Learning Disability,RMY,Norfolk and Suffolk NHS Foundation Trust,Patient safety,Safe culture,OF0061,NHS Staff survey - raising concerns sub-score,2025,%,5.83,6.66,6.52,6.86,58.0
Q1 2026/27,South East,Mental health and community trust,Mental Health and Learning Disability,RNU,Oxford Health NHS Foundation Trust,Patient safety,Safe culture,OF0061,NHS Staff survey - raising concerns sub-score,2025,%,6.96,6.66,6.52,6.86,9.0
Q1 2026/27,Midlands,Mental health and community trust,Mental Health and Learning Disability,RP1,Northamptonshire Healthcare NHS Foundation Trust,Patient safety,Safe culture,OF0061,NHS Staff survey - raising concerns sub-score,2025,%,6.85,6.66,6.52,6.86,17.0
Q1 2026/27,Midlands,Mental health and community trust,Mental Health and Learning Disability,RP7,Lincolnshire Partnership NHS Foundation Trust,Patient safety,Safe culture,OF0061,NHS Staff survey - raising concerns sub-score,2025,%,6.62,6.66,6.52,6.86,35.0
Q1 2026/27,London,Mental health and community trust,Mental Health and Learning Disability,RPG,Oxleas NHS Foundation Trust,Patient safety,Safe culture,OF0061,NHS Staff survey - raising concerns sub-score,2025,%,6.87,6.66,6.52,6.86,14.0
Q1 2026/27,London,Mental health and community trust,Mental Health and Learning Disability,RQY,South West London and St George's Mental Health NHS Trust,Patient safety,Safe culture,OF0061,NHS Staff survey - raising concerns sub-score,2025,%,6.66,6.66,6.52,6.86,30.0
Q1 2026/27,Midlands,Mental health and community trust,Mental Health and Learning Disability,RRE,Midlands Partnership University NHS Foundation Trust,Patient safety,Safe culture,OF0061,NHS Staff survey - raising concerns sub-score,2025,%,7.13,6.66,6.52,6.86,4.0
Q1 2026/27,East,Mental health and community trust,Mental Health and Learning Disability,RT1,Cambridgeshire and Peterborough NHS Foundation Trust,Patient safety,Safe culture,OF0061,NHS Staff survey - raising concerns sub-score,2025,%,6.56,6.66,6.52,6.86,40.0
Q1 2026/27,North West,Mental health and community trust,Mental Health and Learning Disability,RT2,Pennine Care NHS Foundation Trust,Patient safety,Safe culture,OF0061,NHS Staff survey - raising concerns sub-score,2025,%,6.52,6.66,6.52,6.86,44.0
Q1 2026/27,Midlands,Mental health and community trust,Mental Health and Learning Disability,RT5,Leicestershire Partnership NHS Trust,Patient safety,Safe culture,OF0061,NHS Staff survey - raising concerns sub-score,2025,%,6.93,6.66,6.52,6.86,12.0
Q1 2026/27,South West,Mental health and community trust,Mental Health and Learning Disability,RTQ,Gloucestershire Health and Care NHS Foundation Trust,Patient safety,Safe culture,OF0061,NHS Staff survey - raising concerns sub-score,2025,%,6.69,6.66,6.52,6.86,25.0
Q1 2026/27,London,Mental health and community trust,Mental Health and Learning Disability,RV3,Central and North West London NHS Foundation Trust,Patient safety,Safe culture,OF0061,NHS Staff survey - raising concerns sub-score,2025,%,6.68,6.66,6.52,6.86,28.0
Q1 2026/27,London,Mental health and community trust,Mental Health and Learning Disability,RV5,South London and Maudsley NHS Foundation Trust,Patient safety,Safe culture,OF0061,NHS Staff survey - raising concerns sub-score,2025,%,6.45,6.66,6.52,6.86,49.0
Q1 2026/27,North East and Yorkshire,Mental health and community trust,Mental Health and Learning Disability,RV9,Humber Teaching NHS Foundation Trust,Patient safety,Safe culture,OF0061,NHS Staff survey - raising concerns sub-score,2025,%,6.94,6.66,6.52,6.86,10.0
Q1 2026/27,South West,Mental health and community trust,Mental Health and Learning Disability,RVN,Avon and Wiltshire Mental Health Partnership NHS Trust,Patient safety,Safe culture,OF0061,NHS Staff survey - raising concerns sub-score,2025,%,6.59,6.66,6.52,6.86,37.0
Q1 2026/27,South East,Mental health and community trust,Mental Health and Learning Disability,RW1,Hampshire and Isle of Wight Healthcare NHS Foundation Trust,Patient safety,Safe culture,OF0061,NHS Staff survey - raising concerns sub-score,2025,%,6.68,6.66,6.52,6.86,27.0
Q1 2026/27,North West,Mental health and community trust,Mental Health and Learning Disability,RW4,Mersey Care NHS Foundation Trust,Patient safety,Safe culture,OF0061,NHS Staff survey - raising concerns sub-score,2025,%,6.83,6.66,6.52,6.86,19.0
Q1 2026/27,North West,Mental health and community trust,Mental Health and Learning Disability,RW5,Lancashire & South Cumbria NHS Foundation Trust,Patient safety,Safe culture,OF0061,NHS Staff survey - raising concerns sub-score,2025,%,6.5,6.66,6.52,6.86,45.0
Q1 2026/27,London,Mental health and community trust,Mental Health and Learning Disability,RWK,East London NHS Foundation Trust,Patient safety,Safe culture,OF0061,NHS Staff survey - raising concerns sub-score,2025,%,6.69,6.66,6.52,6.86,26.0
Q1 2026/27,East,Mental health and community trust,Mental Health and Learning Disability,RWR,Hertfordshire Partnership University NHS Foundation Trust,Patient safety,Safe culture,OF0061,NHS Staff survey - raising concerns sub-score,2025,%,6.85,6.66,6.52,6.86,18.0
Q1 2026/27,South West,Mental health and community trust,Mental Health and Learning Disability,RWV,Devon Partnership NHS Trust,Patient safety,Safe culture,OF0061,NHS Staff survey - raising concerns sub-score,2025,%,6.52,6.66,6.52,6.86,43.0
Q1 2026/27,South East,Mental health and community trust,Mental Health and Learning Disability,RWX,Berkshire Healthcare NHS Foundation Trust,Patient safety,Safe culture,OF0061,NHS Staff survey - raising concerns sub-score,2025,%,7.26,6.66,6.52,6.86,1.0
Q1 2026/27,South East,Mental health and community trust,Mental Health and Learning Disability,RX2,Sussex Partnership NHS Foundation Trust,Patient safety,Safe culture,OF0061,NHS Staff survey - raising concerns sub-score,2025,%,6.11,6.66,6.52,6.86,55.0
Q1 2026/27,North East and Yorkshire,Mental health and community trust,Mental Health and Learning Disability,RX3,"Tees, Esk and Wear Valleys NHS Foundation Trust",Patient safety,Safe culture,OF0061,NHS Staff survey - raising concerns sub-score,2025,%,6.65,6.66,6.52,6.86,31.0
Q1 2026/27,North East and Yorkshire,Mental health and community trust,Mental Health and Learning Disability,RX4,"Cumbria, Northumberland, Tyne and Wear NHS Foundation Trust",Patient safety,Safe culture,OF0061,NHS Staff survey - raising concerns sub-score,2025,%,6.54,6.66,6.52,6.86,42.0
Q1 2026/27,North West,Mental health and community trust,Mental Health and Learning Disability,RXA,Cheshire and Wirral Partnership NHS Foundation Trust,Patient safety,Safe culture,OF0061,NHS Staff survey - raising concerns sub-score,2025,%,6.81,6.66,6.52,6.86,21.0
Q1 2026/27,North East and Yorkshire,Mental health and community trust,Mental Health and Learning Disability,RXE,Rotherham Doncaster and South Humber NHS Foundation Trust,Patient safety,Safe culture,OF0061,NHS Staff survey - raising concerns sub-score,2025,%,6.47,6.66,6.52,6.86,47.0
Q1 2026/27,North East and Yorkshire,Mental health and community trust,Mental Health and Learning Disability,RXG,South West Yorkshire Partnership NHS Foundation Trust,Patient safety,Safe culture,OF0061,NHS Staff survey - raising concerns sub-score,2025,%,6.86,6.66,6.52,6.86,15.0
Q1 2026/27,Midlands,Mental health and community trust,Mental Health and Learning Disability,RXM,Derbyshire Healthcare NHS Foundation Trust,Patient safety,Safe culture,OF0061,NHS Staff survey - raising concerns sub-score,2025,%,6.64,6.66,6.52,6.86,33.0
Q1 2026/27,Midlands,Mental health and community trust,Mental Health and Learning Disability,RXT,Birmingham and Solihull Mental Health NHS Foundation Trust,Patient safety,Safe culture,OF0061,NHS Staff survey - raising concerns sub-score,2025,%,6.46,6.66,6.52,6.86,48.0
Q1 2026/27,North West,Mental health and community trust,Mental Health and Learning Disability,RXV,Greater Manchester Mental Health NHS Foundation Trust,Patient safety,Safe culture,OF0061,NHS Staff survey - raising concerns sub-score,2025,%,6.35,6.66,6.52,6.86,51.0
Q1 2026/27,South East,Mental health and community trust,Mental Health and Learning Disability,RXX,Surrey and Borders Partnership NHS Foundation Trust,Patient safety,Safe culture,OF0061,NHS Staff survey - raising concerns sub-score,2025,%,6.66,6.66,6.52,6.86,29.0
Q1 2026/27,South East,Mental health and community trust,Mental Health and Learning Disability,RXY,Kent and Medway Mental Health NHS Trust,Patient safety,Safe culture,OF0061,NHS Staff survey - raising concerns sub-score,2025,%,6.31,6.66,6.52,6.86,53.0
Q1 2026/27,East,Mental health and community trust,Community,RY3,Norfolk Community Health and Care NHS Trust,Patient safety,Safe culture,OF0061,NHS Staff survey - raising concerns sub-score,2025,%,7.11,6.66,6.52,6.86,5.0
Q1 2026/27,East,Mental health and community trust,Community,RY4,Hertfordshire Community NHS Trust,Patient safety,Safe culture,OF0061,NHS Staff survey - raising concerns sub-score,2025,%,7.14,6.66,6.52,6.86,3.0
Q1 2026/27,Midlands,Mental health and community trust,Community,RY5,Lincolnshire Community Health Services NHS Trust,Patient safety,Safe culture,OF0061,NHS Staff survey - raising concerns sub-score,2025,%,6.56,6.66,6.52,6.86,38.0
Q1 2026/27,North East and Yorkshire,Mental health and community trust,Community,RY6,Leeds Community Healthcare NHS Trust,Patient safety,Safe culture,OF0061,NHS Staff survey - raising concerns sub-score,2025,%,7.01,6.66,6.52,6.86,8.0
Q1 2026/27,North West,Mental health and community trust,Community,RY7,Wirral Community Health and Care NHS Foundation Trust,Patient safety,Safe culture,OF0061,NHS Staff survey - raising concerns sub-score,2025,%,6.9,6.66,6.52,6.86,13.0
Q1 2026/27,Midlands,Mental health and community trust,Community,RY8,Derbyshire Community Health Services NHS Foundation Trust,Patient safety,Safe culture,OF0061,NHS Staff survey - raising concerns sub-score,2025,%,7.06,6.66,6.52,6.86,7.0
Q1 2026/27,Midlands,Mental health and community trust,Mental Health and Learning Disability,RYG,Coventry and Warwickshire Partnership NHS Trust,Patient safety,Safe culture,OF0061,NHS Staff survey - raising concerns sub-score,2025,%,6.44,6.66,6.52,6.86,50.0
Q1 2026/27,Midlands,Mental health and community trust,Community,RYW,Birmingham Community Healthcare NHS Foundation Trust,Patient safety,Safe culture,OF0061,NHS Staff survey - raising concerns sub-score,2025,%,6.6,6.66,6.52,6.86,36.0
Q1 2026/27,London,Mental health and community trust,Community,RYX,Central London Community Healthcare NHS Trust,Patient safety,Safe culture,OF0061,NHS Staff survey - raising concerns sub-score,2025,%,6.81,6.66,6.52,6.86,20.0
Q1 2026/27,South East,Mental health and community trust,Community,RYY,Kent Community Health NHS Foundation Trust,Patient safety,Safe culture,OF0061,NHS Staff survey - raising concerns sub-score,2025,%,7.23,6.66,6.52,6.86,2.0
Q1 2026/27,North East and Yorkshire,Mental health and community trust,Care Trust,TAD,Bradford District Care NHS Foundation Trust,Patient safety,Safe culture,OF0061,NHS Staff survey - raising concerns sub-score,2025,%,6.8,6.66,6.52,6.86,22.0
Q1 2026/27,North East and Yorkshire,Mental health and community trust,Care Trust,TAH,Sheffield Health Partnership University NHS Foundation Trust,Patient safety,Safe culture,OF0061,NHS Staff survey - raising concerns sub-score,2025,%,6.32,6.66,6.52,6.86,52.0
Q1 2026/27,Midlands,Mental health and community trust,Mental Health and Learning Disability,TAJ,Black Country Healthcare NHS Foundation Trust,Patient safety,Safe culture,OF0061,NHS Staff survey - raising concerns sub-score,2025,%,6.15,6.66,6.52,6.86,54.0
Q1 2026/27,Midlands,Mental health and community trust,Community,R1A,Herefordshire and Worcestershire Health and Care NHS Trust,Experience of care,Patient flow,OF0077,Percentage of intermediate care beds occupied by patients without criteria to reside,Q1 26/27,%,35.57,21.13,12.16,27.64,31.0
Q1 2026/27,Midlands,Mental health and community trust,Community,R1D,Shropshire Community Health NHS Trust,Experience of care,Patient flow,OF0077,Percentage of intermediate care beds occupied by patients without criteria to reside,Q1 26/27,%,25.8,21.13,12.16,27.64,25.0
Q1 2026/27,East,Mental health and community trust,Mental Health and Learning Disability,R1L,Essex Partnership University NHS Foundation Trust,Experience of care,Patient flow,OF0077,Percentage of intermediate care beds occupied by patients without criteria to reside,Q1 26/27,%,21.35,21.13,12.16,27.64,19.0
Q1 2026/27,London,Mental health and community trust,Mental Health and Learning Disability,RAT,North East London NHS Foundation Trust,Experience of care,Patient flow,OF0077,Percentage of intermediate care beds occupied by patients without criteria to reside,Q1 26/27,%,0.84,21.13,12.16,27.64,5.0
Q1 2026/27,South East,Mental health and community trust,Community,RDR,Sussex Community NHS Foundation Trust,Experience of care,Patient flow,OF0077,Percentage of intermediate care beds occupied by patients without criteria to reside,Q1 26/27,%,40.79,21.13,12.16,27.64,34.0
Q1 2026/27,South West,Mental health and community trust,Mental Health and Learning Disability,RDY,Dorset Healthcare University NHS Foundation Trust,Experience of care,Patient flow,OF0077,Percentage of intermediate care beds occupied by patients without criteria to reside,Q1 26/27,%,36.77,21.13,12.16,27.64,32.0
Q1 2026/27,Midlands,Mental health and community trust,Mental Health and Learning Disability,RHA,Nottinghamshire Healthcare NHS Foundation Trust,Experience of care,Patient flow,OF0077,Percentage of intermediate care beds occupied by patients without criteria to reside,Q1 26/27,%,13.92,21.13,12.16,27.64,12.0
Q1 2026/27,South West,Mental health and community trust,Mental Health and Learning Disability,RJ8,Cornwall Partnership NHS Foundation Trust,Experience of care,Patient flow,OF0077,Percentage of intermediate care beds occupied by patients without criteria to reside,Q1 26/27,%,25.77,21.13,12.16,27.64,24.0
Q1 2026/27,London,Mental health and community trust,Mental Health and Learning Disability,RKL,West London NHS Trust,Experience of care,Patient flow,OF0077,Percentage of intermediate care beds occupied by patients without criteria to reside,Q1 26/27,%,21.13,21.13,12.16,27.64,18.0
Q1 2026/27,South East,Mental health and community trust,Mental Health and Learning Disability,RNU,Oxford Health NHS Foundation Trust,Experience of care,Patient flow,OF0077,Percentage of intermediate care beds occupied by patients without criteria to reside,Q1 26/27,%,18.42,21.13,12.16,27.64,17.0
Q1 2026/27,Midlands,Mental health and community trust,Mental Health and Learning Disability,RP1,Northamptonshire Healthcare NHS Foundation Trust,Experience of care,Patient flow,OF0077,Percentage of intermediate care beds occupied by patients without criteria to reside,Q1 26/27,%,11.84,21.13,12.16,27.64,9.0
Q1 2026/27,London,Mental health and community trust,Mental Health and Learning Disability,RPG,Oxleas NHS Foundation Trust,Experience of care,Patient flow,OF0077,Percentage of intermediate care beds occupied by patients without criteria to reside,Q1 26/27,%,0.08,21.13,12.16,27.64,3.0
Q1 2026/27,Midlands,Mental health and community trust,Mental Health and Learning Disability,RRE,Midlands Partnership University NHS Foundation Trust,Experience of care,Patient flow,OF0077,Percentage of intermediate care beds occupied by patients without criteria to reside,Q1 26/27,%,14.13,21.13,12.16,27.64,14.0
Q1 2026/27,East,Mental health and community trust,Mental Health and Learning Disability,RT1,Cambridgeshire and Peterborough NHS Foundation Trust,Experience of care,Patient flow,OF0077,Percentage of intermediate care beds occupied by patients without criteria to reside,Q1 26/27,%,38.99,21.13,12.16,27.64,33.0
Q1 2026/27,North West,Mental health and community trust,Mental Health and Learning Disability,RT2,Pennine Care NHS Foundation Trust,Experience of care,Patient flow,OF0077,Percentage of intermediate care beds occupied by patients without criteria to reside,Q1 26/27,%,0.0,21.13,12.16,27.64,1.0
Q1 2026/27,Midlands,Mental health and community trust,Mental Health and Learning Disability,RT5,Leicestershire Partnership NHS Trust,Experience of care,Patient flow,OF0077,Percentage of intermediate care beds occupied by patients without criteria to reside,Q1 26/27,%,12.48,21.13,12.16,27.64,10.0
Q1 2026/27,South West,Mental health and community trust,Mental Health and Learning Disability,RTQ,Gloucestershire Health and Care NHS Foundation Trust,Experience of care,Patient flow,OF0077,Percentage of intermediate care beds occupied by patients without criteria to reside,Q1 26/27,%,45.37,21.13,12.16,27.64,35.0
Q1 2026/27,London,Mental health and community trust,Mental Health and Learning Disability,RV3,Central and North West London NHS Foundation Trust,Experience of care,Patient flow,OF0077,Percentage of intermediate care beds occupied by patients without criteria to reside,Q1 26/27,%,14.84,21.13,12.16,27.64,15.0
Q1 2026/27,North East and Yorkshire,Mental health and community trust,Mental Health and Learning Disability,RV9,Humber Teaching NHS Foundation Trust,Experience of care,Patient flow,OF0077,Percentage of intermediate care beds occupied by patients without criteria to reside,Q1 26/27,%,25.24,21.13,12.16,27.64,22.0
Q1 2026/27,South East,Mental health and community trust,Mental Health and Learning Disability,RW1,Hampshire and Isle of Wight Healthcare NHS Foundation Trust,Experience of care,Patient flow,OF0077,Percentage of intermediate care beds occupied by patients without criteria to reside,Q1 26/27,%,18.13,21.13,12.16,27.64,16.0
Q1 2026/27,North West,Mental health and community trust,Mental Health and Learning Disability,RW4,Mersey Care NHS Foundation Trust,Experience of care,Patient flow,OF0077,Percentage of intermediate care beds occupied by patients without criteria to reside,Q1 26/27,%,12.8,21.13,12.16,27.64,11.0
Q1 2026/27,North West,Mental health and community trust,Mental Health and Learning Disability,RW5,Lancashire & South Cumbria NHS Foundation Trust,Experience of care,Patient flow,OF0077,Percentage of intermediate care beds occupied by patients without criteria to reside,Q1 26/27,%,0.72,21.13,12.16,27.64,4.0
Q1 2026/27,London,Mental health and community trust,Mental Health and Learning Disability,RWK,East London NHS Foundation Trust,Experience of care,Patient flow,OF0077,Percentage of intermediate care beds occupied by patients without criteria to reside,Q1 26/27,%,33.05,21.13,12.16,27.64,30.0
Q1 2026/27,South East,Mental health and community trust,Mental Health and Learning Disability,RWX,Berkshire Healthcare NHS Foundation Trust,Experience of care,Patient flow,OF0077,Percentage of intermediate care beds occupied by patients without criteria to reside,Q1 26/27,%,22.19,21.13,12.16,27.64,20.0
Q1 2026/27,North East and Yorkshire,Mental health and community trust,Mental Health and Learning Disability,RXE,Rotherham Doncaster and South Humber NHS Foundation Trust,Experience of care,Patient flow,OF0077,Percentage of intermediate care beds occupied by patients without criteria to reside,Q1 26/27,%,2.89,21.13,12.16,27.64,6.0
Q1 2026/27,North East and Yorkshire,Mental health and community trust,Mental Health and Learning Disability,RXG,South West Yorkshire Partnership NHS Foundation Trust,Experience of care,Patient flow,OF0077,Percentage of intermediate care beds occupied by patients without criteria to reside,Q1 26/27,%,0.0,21.13,12.16,27.64,1.0
Q1 2026/27,East,Mental health and community trust,Community,RY3,Norfolk Community Health and Care NHS Trust,Experience of care,Patient flow,OF0077,Percentage of intermediate care beds occupied by patients without criteria to reside,Q1 26/27,%,32.63,21.13,12.16,27.64,29.0
Q1 2026/27,East,Mental health and community trust,Community,RY4,Hertfordshire Community NHS Trust,Experience of care,Patient flow,OF0077,Percentage of intermediate care beds occupied by patients without criteria to reside,Q1 26/27,%,5.51,21.13,12.16,27.64,8.0
Q1 2026/27,Midlands,Mental health and community trust,Community,RY5,Lincolnshire Community Health Services NHS Trust,Experience of care,Patient flow,OF0077,Percentage of intermediate care beds occupied by patients without criteria to reside,Q1 26/27,%,14.08,21.13,12.16,27.64,13.0
Q1 2026/27,North East and Yorkshire,Mental health and community trust,Community,RY6,Leeds Community Healthcare NHS Trust,Experience of care,Patient flow,OF0077,Percentage of intermediate care beds occupied by patients without criteria to reside,Q1 26/27,%,25.25,21.13,12.16,27.64,23.0
Q1 2026/27,North West,Mental health and community trust,Community,RY7,Wirral Community Health and Care NHS Foundation Trust,Experience of care,Patient flow,OF0077,Percentage of intermediate care beds occupied by patients without criteria to reside,Q1 26/27,%,27.65,21.13,12.16,27.64,27.0
Q1 2026/27,Midlands,Mental health and community trust,Community,RY8,Derbyshire Community Health Services NHS Foundation Trust,Experience of care,Patient flow,OF0077,Percentage of intermediate care beds occupied by patients without criteria to reside,Q1 26/27,%,23.42,21.13,12.16,27.64,21.0
Q1 2026/27,Midlands,Mental health and community trust,Community,RYW,Birmingham Community Healthcare NHS Foundation Trust,Experience of care,Patient flow,OF0077,Percentage of intermediate care beds occupied by patients without criteria to reside,Q1 26/27,%,27.62,21.13,12.16,27.64,26.0
Q1 2026/27,London,Mental health and community trust,Community,RYX,Central London Community Healthcare NHS Trust,Experience of care,Patient flow,OF0077,Percentage of intermediate care beds occupied by patients without criteria to reside,Q1 26/27,%,3.89,21.13,12.16,27.64,7.0
Q1 2026/27,South East,Mental health and community trust,Community,RYY,Kent Community Health NHS Foundation Trust,Experience of care,Patient flow,OF0077,Percentage of intermediate care beds occupied by patients without criteria to reside,Q1 26/27,%,29.36,21.13,12.16,27.64,28.0
Q1 2026/27,London,Mental health and community trust,Mental Health and Learning Disability,G6V2S,North London NHS Foundation Trust,"Finance, productivity and innovation",Finance,OF0079,Planned surplus/deficit,Jun-26,%,0.0,0.0,0.0,0.0,9.0
Q1 2026/27,Midlands,Mental health and community trust,Community,R1A,Herefordshire and Worcestershire Health and Care NHS Trust,"Finance, productivity and innovation",Finance,OF0079,Planned surplus/deficit,Jun-26,%,0.0,0.0,0.0,0.0,9.0
Q1 2026/27,Midlands,Mental health and community trust,Community,R1D,Shropshire Community Health NHS Trust,"Finance, productivity and innovation",Finance,OF0079,Planned surplus/deficit,Jun-26,%,0.0,0.0,0.0,0.0,9.0
Q1 2026/27,East,Mental health and community trust,Mental Health and Learning Disability,R1L,Essex Partnership University NHS Foundation Trust,"Finance, productivity and innovation",Finance,OF0079,Planned surplus/deficit,Jun-26,%,-0.97,0.0,0.0,0.0,57.0
Q1 2026/27,London,Mental health and community trust,Mental Health and Learning Disability,RAT,North East London NHS Foundation Trust,"Finance, productivity and innovation",Finance,OF0079,Planned surplus/deficit,Jun-26,%,0.0,0.0,0.0,0.0,9.0
Q1 2026/27,South East,Mental health and community trust,Community,RDR,Sussex Community NHS Foundation Trust,"Finance, productivity and innovation",Finance,OF0079,Planned surplus/deficit,Jun-26,%,0.0,0.0,0.0,0.0,9.0
Q1 2026/27,South West,Mental health and community trust,Mental Health and Learning Disability,RDY,Dorset Healthcare University NHS Foundation Trust,"Finance, productivity and innovation",Finance,OF0079,Planned surplus/deficit,Jun-26,%,0.12,0.0,0.0,0.0,3.0
Q1 2026/27,North East and Yorkshire,Mental health and community trust,Mental Health and Learning Disability,RGD,Leeds and York Partnership NHS Foundation Trust,"Finance, productivity and innovation",Finance,OF0079,Planned surplus/deficit,Jun-26,%,0.0,0.0,0.0,0.0,9.0
Q1 2026/27,Midlands,Mental health and community trust,Mental Health and Learning Disability,RHA,Nottinghamshire Healthcare NHS Foundation Trust,"Finance, productivity and innovation",Finance,OF0079,Planned surplus/deficit,Jun-26,%,-5.38,0.0,0.0,0.0,58.0
Q1 2026/27,South West,Mental health and community trust,Mental Health and Learning Disability,RJ8,Cornwall Partnership NHS Foundation Trust,"Finance, productivity and innovation",Finance,OF0079,Planned surplus/deficit,Jun-26,%,0.0,0.0,0.0,0.0,9.0
Q1 2026/27,London,Mental health and community trust,Mental Health and Learning Disability,RKL,West London NHS Trust,"Finance, productivity and innovation",Finance,OF0079,Planned surplus/deficit,Jun-26,%,0.0,0.0,0.0,0.0,9.0
Q1 2026/27,Midlands,Mental health and community trust,Mental Health and Learning Disability,RLY,North Staffordshire Combined Healthcare NHS Trust,"Finance, productivity and innovation",Finance,OF0079,Planned surplus/deficit,Jun-26,%,0.09,0.0,0.0,0.0,5.0
Q1 2026/27,East,Mental health and community trust,Mental Health and Learning Disability,RMY,Norfolk and Suffolk NHS Foundation Trust,"Finance, productivity and innovation",Finance,OF0079,Planned surplus/deficit,Jun-26,%,-0.07,0.0,0.0,0.0,53.0
Q1 2026/27,South East,Mental health and community trust,Mental Health and Learning Disability,RNU,Oxford Health NHS Foundation Trust,"Finance, productivity and innovation",Finance,OF0079,Planned surplus/deficit,Jun-26,%,0.0,0.0,0.0,0.0,9.0
Q1 2026/27,Midlands,Mental health and community trust,Mental Health and Learning Disability,RP1,Northamptonshire Healthcare NHS Foundation Trust,"Finance, productivity and innovation",Finance,OF0079,Planned surplus/deficit,Jun-26,%,0.12,0.0,0.0,0.0,3.0
Q1 2026/27,Midlands,Mental health and community trust,Mental Health and Learning Disability,RP7,Lincolnshire Partnership NHS Foundation Trust,"Finance, productivity and innovation",Finance,OF0079,Planned surplus/deficit,Jun-26,%,-0.53,0.0,0.0,0.0,55.0
Q1 2026/27,London,Mental health and community trust,Mental Health and Learning Disability,RPG,Oxleas NHS Foundation Trust,"Finance, productivity and innovation",Finance,OF0079,Planned surplus/deficit,Jun-26,%,0.03,0.0,0.0,0.0,6.0
Q1 2026/27,London,Mental health and community trust,Mental Health and Learning Disability,RQY,South West London and St George's Mental Health NHS Trust,"Finance, productivity and innovation",Finance,OF0079,Planned surplus/deficit,Jun-26,%,0.01,0.0,0.0,0.0,8.0
Q1 2026/27,Midlands,Mental health and community trust,Mental Health and Learning Disability,RRE,Midlands Partnership University NHS Foundation Trust,"Finance, productivity and innovation",Finance,OF0079,Planned surplus/deficit,Jun-26,%,0.0,0.0,0.0,0.0,9.0
Q1 2026/27,East,Mental health and community trust,Mental Health and Learning Disability,RT1,Cambridgeshire and Peterborough NHS Foundation Trust,"Finance, productivity and innovation",Finance,OF0079,Planned surplus/deficit,Jun-26,%,0.0,0.0,0.0,0.0,9.0
Q1 2026/27,North West,Mental health and community trust,Mental Health and Learning Disability,RT2,Pennine Care NHS Foundation Trust,"Finance, productivity and innovation",Finance,OF0079,Planned surplus/deficit,Jun-26,%,0.0,0.0,0.0,0.0,9.0
Q1 2026/27,Midlands,Mental health and community trust,Mental Health and Learning Disability,RT5,Leicestershire Partnership NHS Trust,"Finance, productivity and innovation",Finance,OF0079,Planned surplus/deficit,Jun-26,%,0.0,0.0,0.0,0.0,9.0
Q1 2026/27,South West,Mental health and community trust,Mental Health and Learning Disability,RTQ,Gloucestershire Health and Care NHS Foundation Trust,"Finance, productivity and innovation",Finance,OF0079,Planned surplus/deficit,Jun-26,%,0.02,0.0,0.0,0.0,7.0
Q1 2026/27,London,Mental health and community trust,Mental Health and Learning Disability,RV3,Central and North West London NHS Foundation Trust,"Finance, productivity and innovation",Finance,OF0079,Planned surplus/deficit,Jun-26,%,0.0,0.0,0.0,0.0,9.0
Q1 2026/27,London,Mental health and community trust,Mental Health and Learning Disability,RV5,South London and Maudsley NHS Foundation Trust,"Finance, productivity and innovation",Finance,OF0079,Planned surplus/deficit,Jun-26,%,0.0,0.0,0.0,0.0,9.0
Q1 2026/27,North East and Yorkshire,Mental health and community trust,Mental Health and Learning Disability,RV9,Humber Teaching NHS Foundation Trust,"Finance, productivity and innovation",Finance,OF0079,Planned surplus/deficit,Jun-26,%,0.0,0.0,0.0,0.0,9.0
Q1 2026/27,South West,Mental health and community trust,Mental Health and Learning Disability,RVN,Avon and Wiltshire Mental Health Partnership NHS Trust,"Finance, productivity and innovation",Finance,OF0079,Planned surplus/deficit,Jun-26,%,0.0,0.0,0.0,0.0,9.0
Q1 2026/27,South East,Mental health and community trust,Mental Health and Learning Disability,RW1,Hampshire and Isle of Wight Healthcare NHS Foundation Trust,"Finance, productivity and innovation",Finance,OF0079,Planned surplus/deficit,Jun-26,%,0.0,0.0,0.0,0.0,9.0
Q1 2026/27,North West,Mental health and community trust,Mental Health and Learning Disability,RW4,Mersey Care NHS Foundation Trust,"Finance, productivity and innovation",Finance,OF0079,Planned surplus/deficit,Jun-26,%,0.13,0.0,0.0,0.0,2.0
Q1 2026/27,North West,Mental health and community trust,Mental Health and Learning Disability,RW5,Lancashire & South Cumbria NHS Foundation Trust,"Finance, productivity and innovation",Finance,OF0079,Planned surplus/deficit,Jun-26,%,0.0,0.0,0.0,0.0,9.0
Q1 2026/27,London,Mental health and community trust,Mental Health and Learning Disability,RWK,East London NHS Foundation Trust,"Finance, productivity and innovation",Finance,OF0079,Planned surplus/deficit,Jun-26,%,0.0,0.0,0.0,0.0,9.0
Q1 2026/27,East,Mental health and community trust,Mental Health and Learning Disability,RWR,Hertfordshire Partnership University NHS Foundation Trust,"Finance, productivity and innovation",Finance,OF0079,Planned surplus/deficit,Jun-26,%,0.0,0.0,0.0,0.0,9.0
Q1 2026/27,South West,Mental health and community trust,Mental Health and Learning Disability,RWV,Devon Partnership NHS Trust,"Finance, productivity and innovation",Finance,OF0079,Planned surplus/deficit,Jun-26,%,0.0,0.0,0.0,0.0,9.0
Q1 2026/27,South East,Mental health and community trust,Mental Health and Learning Disability,RWX,Berkshire Healthcare NHS Foundation Trust,"Finance, productivity and innovation",Finance,OF0079,Planned surplus/deficit,Jun-26,%,0.0,0.0,0.0,0.0,9.0
Q1 2026/27,South East,Mental health and community trust,Mental Health and Learning Disability,RX2,Sussex Partnership NHS Foundation Trust,"Finance, productivity and innovation",Finance,OF0079,Planned surplus/deficit,Jun-26,%,0.0,0.0,0.0,0.0,9.0
Q1 2026/27,North East and Yorkshire,Mental health and community trust,Mental Health and Learning Disability,RX3,"Tees, Esk and Wear Valleys NHS Foundation Trust","Finance, productivity and innovation",Finance,OF0079,Planned surplus/deficit,Jun-26,%,0.0,0.0,0.0,0.0,9.0
Q1 2026/27,North East and Yorkshire,Mental health and community trust,Mental Health and Learning Disability,RX4,"Cumbria, Northumberland, Tyne and Wear NHS Foundation Trust","Finance, productivity and innovation",Finance,OF0079,Planned surplus/deficit,Jun-26,%,0.0,0.0,0.0,0.0,9.0
Q1 2026/27,North West,Mental health and community trust,Mental Health and Learning Disability,RXA,Cheshire and Wirral Partnership NHS Foundation Trust,"Finance, productivity and innovation",Finance,OF0079,Planned surplus/deficit,Jun-26,%,0.0,0.0,0.0,0.0,9.0
Q1 2026/27,North East and Yorkshire,Mental health and community trust,Mental Health and Learning Disability,RXE,Rotherham Doncaster and South Humber NHS Foundation Trust,"Finance, productivity and innovation",Finance,OF0079,Planned surplus/deficit,Jun-26,%,0.0,0.0,0.0,0.0,9.0
Q1 2026/27,North East and Yorkshire,Mental health and community trust,Mental Health and Learning Disability,RXG,South West Yorkshire Partnership NHS Foundation Trust,"Finance, productivity and innovation",Finance,OF0079,Planned surplus/deficit,Jun-26,%,0.0,0.0,0.0,0.0,9.0
Q1 2026/27,Midlands,Mental health and community trust,Mental Health and Learning Disability,RXM,Derbyshire Healthcare NHS Foundation Trust,"Finance, productivity and innovation",Finance,OF0079,Planned surplus/deficit,Jun-26,%,0.0,0.0,0.0,0.0,9.0
Q1 2026/27,Midlands,Mental health and community trust,Mental Health and Learning Disability,RXT,Birmingham and Solihull Mental Health NHS Foundation Trust,"Finance, productivity and innovation",Finance,OF0079,Planned surplus/deficit,Jun-26,%,0.0,0.0,0.0,0.0,9.0
Q1 2026/27,North West,Mental health and community trust,Mental Health and Learning Disability,RXV,Greater Manchester Mental Health NHS Foundation Trust,"Finance, productivity and innovation",Finance,OF0079,Planned surplus/deficit,Jun-26,%,-0.09,0.0,0.0,0.0,54.0
Q1 2026/27,South East,Mental health and community trust,Mental Health and Learning Disability,RXX,Surrey and Borders Partnership NHS Foundation Trust,"Finance, productivity and innovation",Finance,OF0079,Planned surplus/deficit,Jun-26,%,0.0,0.0,0.0,0.0,9.0
Q1 2026/27,South East,Mental health and community trust,Mental Health and Learning Disability,RXY,Kent and Medway Mental Health NHS Trust,"Finance, productivity and innovation",Finance,OF0079,Planned surplus/deficit,Jun-26,%,0.0,0.0,0.0,0.0,9.0
Q1 2026/27,East,Mental health and community trust,Community,RY3,Norfolk Community Health and Care NHS Trust,"Finance, productivity and innovation",Finance,OF0079,Planned surplus/deficit,Jun-26,%,0.0,0.0,0.0,0.0,9.0
Q1 2026/27,East,Mental health and community trust,Community,RY4,Hertfordshire Community NHS Trust,"Finance, productivity and innovation",Finance,OF0079,Planned surplus/deficit,Jun-26,%,0.0,0.0,0.0,0.0,9.0
Q1 2026/27,Midlands,Mental health and community trust,Community,RY5,Lincolnshire Community Health Services NHS Trust,"Finance, productivity and innovation",Finance,OF0079,Planned surplus/deficit,Jun-26,%,0.0,0.0,0.0,0.0,9.0
Q1 2026/27,North East and Yorkshire,Mental health and community trust,Community,RY6,Leeds Community Healthcare NHS Trust,"Finance, productivity and innovation",Finance,OF0079,Planned surplus/deficit,Jun-26,%,0.0,0.0,0.0,0.0,9.0
Q1 2026/27,North West,Mental health and community trust,Community,RY7,Wirral Community Health and Care NHS Foundation Trust,"Finance, productivity and innovation",Finance,OF0079,Planned surplus/deficit,Jun-26,%,1.75,0.0,0.0,0.0,1.0
Q1 2026/27,Midlands,Mental health and community trust,Community,RY8,Derbyshire Community Health Services NHS Foundation Trust,"Finance, productivity and innovation",Finance,OF0079,Planned surplus/deficit,Jun-26,%,0.0,0.0,0.0,0.0,9.0
Q1 2026/27,Midlands,Mental health and community trust,Mental Health and Learning Disability,RYG,Coventry and Warwickshire Partnership NHS Trust,"Finance, productivity and innovation",Finance,OF0079,Planned surplus/deficit,Jun-26,%,0.0,0.0,0.0,0.0,9.0
Q1 2026/27,Midlands,Mental health and community trust,Community,RYW,Birmingham Community Healthcare NHS Foundation Trust,"Finance, productivity and innovation",Finance,OF0079,Planned surplus/deficit,Jun-26,%,0.0,0.0,0.0,0.0,9.0
Q1 2026/27,London,Mental health and community trust,Community,RYX,Central London Community Healthcare NHS Trust,"Finance, productivity and innovation",Finance,OF0079,Planned surplus/deficit,Jun-26,%,0.0,0.0,0.0,0.0,9.0
Q1 2026/27,South East,Mental health and community trust,Community,RYY,Kent Community Health NHS Foundation Trust,"Finance, productivity and innovation",Finance,OF0079,Planned surplus/deficit,Jun-26,%,0.0,0.0,0.0,0.0,9.0
Q1 2026/27,North East and Yorkshire,Mental health and community trust,Care Trust,TAD,Bradford District Care NHS Foundation Trust,"Finance, productivity and innovation",Finance,OF0079,Planned surplus/deficit,Jun-26,%,0.0,0.0,0.0,0.0,9.0
Q1 2026/27,North East and Yorkshire,Mental health and community trust,Care Trust,TAH,Sheffield Health Partnership University NHS Foundation Trust,"Finance, productivity and innovation",Finance,OF0079,Planned surplus/deficit,Jun-26,%,-0.85,0.0,0.0,0.0,56.0
Q1 2026/27,Midlands,Mental health and community trust,Mental Health and Learning Disability,TAJ,Black Country Healthcare NHS Foundation Trust,"Finance, productivity and innovation",Finance,OF0079,Planned surplus/deficit,Jun-26,%,0.0,0.0,0.0,0.0,9.0
Q1 2026/27,London,Mental health and community trust,Mental Health and Learning Disability,G6V2S,North London NHS Foundation Trust,"Finance, productivity and innovation",Finance,OF0081,Variance to plan year-to-date,Jun-26,%,-0.23,0.0,0.0,0.03,50.0
Q1 2026/27,Midlands,Mental health and community trust,Community,R1A,Herefordshire and Worcestershire Health and Care NHS Trust,"Finance, productivity and innovation",Finance,OF0081,Variance to plan year-to-date,Jun-26,%,0.0,0.0,0.0,0.03,29.0
Q1 2026/27,Midlands,Mental health and community trust,Community,R1D,Shropshire Community Health NHS Trust,"Finance, productivity and innovation",Finance,OF0081,Variance to plan year-to-date,Jun-26,%,0.8,0.0,0.0,0.03,3.0
Q1 2026/27,East,Mental health and community trust,Mental Health and Learning Disability,R1L,Essex Partnership University NHS Foundation Trust,"Finance, productivity and innovation",Finance,OF0081,Variance to plan year-to-date,Jun-26,%,-0.93,0.0,0.0,0.03,55.0
Q1 2026/27,London,Mental health and community trust,Mental Health and Learning Disability,RAT,North East London NHS Foundation Trust,"Finance, productivity and innovation",Finance,OF0081,Variance to plan year-to-date,Jun-26,%,0.0,0.0,0.0,0.03,29.0
Q1 2026/27,South East,Mental health and community trust,Community,RDR,Sussex Community NHS Foundation Trust,"Finance, productivity and innovation",Finance,OF0081,Variance to plan year-to-date,Jun-26,%,0.0,0.0,0.0,0.03,29.0
Q1 2026/27,South West,Mental health and community trust,Mental Health and Learning Disability,RDY,Dorset Healthcare University NHS Foundation Trust,"Finance, productivity and innovation",Finance,OF0081,Variance to plan year-to-date,Jun-26,%,0.01,0.0,0.0,0.03,25.0
Q1 2026/27,North East and Yorkshire,Mental health and community trust,Mental Health and Learning Disability,RGD,Leeds and York Partnership NHS Foundation Trust,"Finance, productivity and innovation",Finance,OF0081,Variance to plan year-to-date,Jun-26,%,0.06,0.0,0.0,0.03,11.0
Q1 2026/27,Midlands,Mental health and community trust,Mental Health and Learning Disability,RHA,Nottinghamshire Healthcare NHS Foundation Trust,"Finance, productivity and innovation",Finance,OF0081,Variance to plan year-to-date,Jun-26,%,-2.71,0.0,0.0,0.03,58.0
Q1 2026/27,South West,Mental health and community trust,Mental Health and Learning Disability,RJ8,Cornwall Partnership NHS Foundation Trust,"Finance, productivity and innovation",Finance,OF0081,Variance to plan year-to-date,Jun-26,%,0.0,0.0,0.0,0.03,29.0
Q1 2026/27,London,Mental health and community trust,Mental Health and Learning Disability,RKL,West London NHS Trust,"Finance, productivity and innovation",Finance,OF0081,Variance to plan year-to-date,Jun-26,%,0.0,0.0,0.0,0.03,29.0
Q1 2026/27,Midlands,Mental health and community trust,Mental Health and Learning Disability,RLY,North Staffordshire Combined Healthcare NHS Trust,"Finance, productivity and innovation",Finance,OF0081,Variance to plan year-to-date,Jun-26,%,0.08,0.0,0.0,0.03,10.0
Q1 2026/27,East,Mental health and community trust,Mental Health and Learning Disability,RMY,Norfolk and Suffolk NHS Foundation Trust,"Finance, productivity and innovation",Finance,OF0081,Variance to plan year-to-date,Jun-26,%,0.01,0.0,0.0,0.03,25.0
Q1 2026/27,South East,Mental health and community trust,Mental Health and Learning Disability,RNU,Oxford Health NHS Foundation Trust,"Finance, productivity and innovation",Finance,OF0081,Variance to plan year-to-date,Jun-26,%,0.19,0.0,0.0,0.03,7.0
Q1 2026/27,Midlands,Mental health and community trust,Mental Health and Learning Disability,RP1,Northamptonshire Healthcare NHS Foundation Trust,"Finance, productivity and innovation",Finance,OF0081,Variance to plan year-to-date,Jun-26,%,0.66,0.0,0.0,0.03,4.0
Q1 2026/27,Midlands,Mental health and community trust,Mental Health and Learning Disability,RP7,Lincolnshire Partnership NHS Foundation Trust,"Finance, productivity and innovation",Finance,OF0081,Variance to plan year-to-date,Jun-26,%,0.0,0.0,0.0,0.03,29.0
Q1 2026/27,London,Mental health and community trust,Mental Health and Learning Disability,RPG,Oxleas NHS Foundation Trust,"Finance, productivity and innovation",Finance,OF0081,Variance to plan year-to-date,Jun-26,%,0.02,0.0,0.0,0.03,17.0
Q1 2026/27,London,Mental health and community trust,Mental Health and Learning Disability,RQY,South West London and St George's Mental Health NHS Trust,"Finance, productivity and innovation",Finance,OF0081,Variance to plan year-to-date,Jun-26,%,0.0,0.0,0.0,0.03,29.0
Q1 2026/27,Midlands,Mental health and community trust,Mental Health and Learning Disability,RRE,Midlands Partnership University NHS Foundation Trust,"Finance, productivity and innovation",Finance,OF0081,Variance to plan year-to-date,Jun-26,%,0.0,0.0,0.0,0.03,29.0
Q1 2026/27,East,Mental health and community trust,Mental Health and Learning Disability,RT1,Cambridgeshire and Peterborough NHS Foundation Trust,"Finance, productivity and innovation",Finance,OF0081,Variance to plan year-to-date,Jun-26,%,-0.14,0.0,0.0,0.03,49.0
Q1 2026/27,North West,Mental health and community trust,Mental Health and Learning Disability,RT2,Pennine Care NHS Foundation Trust,"Finance, productivity and innovation",Finance,OF0081,Variance to plan year-to-date,Jun-26,%,0.01,0.0,0.0,0.03,25.0
Q1 2026/27,Midlands,Mental health and community trust,Mental Health and Learning Disability,RT5,Leicestershire Partnership NHS Trust,"Finance, productivity and innovation",Finance,OF0081,Variance to plan year-to-date,Jun-26,%,0.0,0.0,0.0,0.03,29.0
Q1 2026/27,South West,Mental health and community trust,Mental Health and Learning Disability,RTQ,Gloucestershire Health and Care NHS Foundation Trust,"Finance, productivity and innovation",Finance,OF0081,Variance to plan year-to-date,Jun-26,%,0.02,0.0,0.0,0.03,17.0
Q1 2026/27,London,Mental health and community trust,Mental Health and Learning Disability,RV3,Central and North West London NHS Foundation Trust,"Finance, productivity and innovation",Finance,OF0081,Variance to plan year-to-date,Jun-26,%,0.03,0.0,0.0,0.03,15.0
Q1 2026/27,London,Mental health and community trust,Mental Health and Learning Disability,RV5,South London and Maudsley NHS Foundation Trust,"Finance, productivity and innovation",Finance,OF0081,Variance to plan year-to-date,Jun-26,%,0.02,0.0,0.0,0.03,17.0
Q1 2026/27,North East and Yorkshire,Mental health and community trust,Mental Health and Learning Disability,RV9,Humber Teaching NHS Foundation Trust,"Finance, productivity and innovation",Finance,OF0081,Variance to plan year-to-date,Jun-26,%,0.0,0.0,0.0,0.03,29.0
Q1 2026/27,South West,Mental health and community trust,Mental Health and Learning Disability,RVN,Avon and Wiltshire Mental Health Partnership NHS Trust,"Finance, productivity and innovation",Finance,OF0081,Variance to plan year-to-date,Jun-26,%,0.0,0.0,0.0,0.03,29.0
Q1 2026/27,South East,Mental health and community trust,Mental Health and Learning Disability,RW1,Hampshire and Isle of Wight Healthcare NHS Foundation Trust,"Finance, productivity and innovation",Finance,OF0081,Variance to plan year-to-date,Jun-26,%,0.0,0.0,0.0,0.03,29.0
Q1 2026/27,North West,Mental health and community trust,Mental Health and Learning Disability,RW4,Mersey Care NHS Foundation Trust,"Finance, productivity and innovation",Finance,OF0081,Variance to plan year-to-date,Jun-26,%,0.05,0.0,0.0,0.03,12.0
Q1 2026/27,North West,Mental health and community trust,Mental Health and Learning Disability,RW5,Lancashire & South Cumbria NHS Foundation Trust,"Finance, productivity and innovation",Finance,OF0081,Variance to plan year-to-date,Jun-26,%,-0.77,0.0,0.0,0.03,54.0
Q1 2026/27,London,Mental health and community trust,Mental Health and Learning Disability,RWK,East London NHS Foundation Trust,"Finance, productivity and innovation",Finance,OF0081,Variance to plan year-to-date,Jun-26,%,0.03,0.0,0.0,0.03,15.0
Q1 2026/27,East,Mental health and community trust,Mental Health and Learning Disability,RWR,Hertfordshire Partnership University NHS Foundation Trust,"Finance, productivity and innovation",Finance,OF0081,Variance to plan year-to-date,Jun-26,%,0.0,0.0,0.0,0.03,29.0
Q1 2026/27,South West,Mental health and community trust,Mental Health and Learning Disability,RWV,Devon Partnership NHS Trust,"Finance, productivity and innovation",Finance,OF0081,Variance to plan year-to-date,Jun-26,%,0.0,0.0,0.0,0.03,29.0
Q1 2026/27,South East,Mental health and community trust,Mental Health and Learning Disability,RWX,Berkshire Healthcare NHS Foundation Trust,"Finance, productivity and innovation",Finance,OF0081,Variance to plan year-to-date,Jun-26,%,0.0,0.0,0.0,0.03,29.0
Q1 2026/27,South East,Mental health and community trust,Mental Health and Learning Disability,RX2,Sussex Partnership NHS Foundation Trust,"Finance, productivity and innovation",Finance,OF0081,Variance to plan year-to-date,Jun-26,%,0.0,0.0,0.0,0.03,29.0
Q1 2026/27,North East and Yorkshire,Mental health and community trust,Mental Health and Learning Disability,RX3,"Tees, Esk and Wear Valleys NHS Foundation Trust","Finance, productivity and innovation",Finance,OF0081,Variance to plan year-to-date,Jun-26,%,1.32,0.0,0.0,0.03,1.0
Q1 2026/27,North East and Yorkshire,Mental health and community trust,Mental Health and Learning Disability,RX4,"Cumbria, Northumberland, Tyne and Wear NHS Foundation Trust","Finance, productivity and innovation",Finance,OF0081,Variance to plan year-to-date,Jun-26,%,0.1,0.0,0.0,0.03,8.0
Q1 2026/27,North West,Mental health and community trust,Mental Health and Learning Disability,RXA,Cheshire and Wirral Partnership NHS Foundation Trust,"Finance, productivity and innovation",Finance,OF0081,Variance to plan year-to-date,Jun-26,%,0.02,0.0,0.0,0.03,17.0
Q1 2026/27,North East and Yorkshire,Mental health and community trust,Mental Health and Learning Disability,RXE,Rotherham Doncaster and South Humber NHS Foundation Trust,"Finance, productivity and innovation",Finance,OF0081,Variance to plan year-to-date,Jun-26,%,0.09,0.0,0.0,0.03,9.0
Q1 2026/27,North East and Yorkshire,Mental health and community trust,Mental Health and Learning Disability,RXG,South West Yorkshire Partnership NHS Foundation Trust,"Finance, productivity and innovation",Finance,OF0081,Variance to plan year-to-date,Jun-26,%,0.01,0.0,0.0,0.03,25.0
Q1 2026/27,Midlands,Mental health and community trust,Mental Health and Learning Disability,RXM,Derbyshire Healthcare NHS Foundation Trust,"Finance, productivity and innovation",Finance,OF0081,Variance to plan year-to-date,Jun-26,%,-0.45,0.0,0.0,0.03,52.0
Q1 2026/27,Midlands,Mental health and community trust,Mental Health and Learning Disability,RXT,Birmingham and Solihull Mental Health NHS Foundation Trust,"Finance, productivity and innovation",Finance,OF0081,Variance to plan year-to-date,Jun-26,%,-0.97,0.0,0.0,0.03,56.0
Q1 2026/27,North West,Mental health and community trust,Mental Health and Learning Disability,RXV,Greater Manchester Mental Health NHS Foundation Trust,"Finance, productivity and innovation",Finance,OF0081,Variance to plan year-to-date,Jun-26,%,-1.14,0.0,0.0,0.03,57.0
Q1 2026/27,South East,Mental health and community trust,Mental Health and Learning Disability,RXX,Surrey and Borders Partnership NHS Foundation Trust,"Finance, productivity and innovation",Finance,OF0081,Variance to plan year-to-date,Jun-26,%,0.05,0.0,0.0,0.03,12.0
Q1 2026/27,South East,Mental health and community trust,Mental Health and Learning Disability,RXY,Kent and Medway Mental Health NHS Trust,"Finance, productivity and innovation",Finance,OF0081,Variance to plan year-to-date,Jun-26,%,0.0,0.0,0.0,0.03,29.0
Q1 2026/27,East,Mental health and community trust,Community,RY3,Norfolk Community Health and Care NHS Trust,"Finance, productivity and innovation",Finance,OF0081,Variance to plan year-to-date,Jun-26,%,0.02,0.0,0.0,0.03,17.0
Q1 2026/27,East,Mental health and community trust,Community,RY4,Hertfordshire Community NHS Trust,"Finance, productivity and innovation",Finance,OF0081,Variance to plan year-to-date,Jun-26,%,0.0,0.0,0.0,0.03,29.0
Q1 2026/27,Midlands,Mental health and community trust,Community,RY5,Lincolnshire Community Health Services NHS Trust,"Finance, productivity and innovation",Finance,OF0081,Variance to plan year-to-date,Jun-26,%,0.44,0.0,0.0,0.03,5.0
Q1 2026/27,North East and Yorkshire,Mental health and community trust,Community,RY6,Leeds Community Healthcare NHS Trust,"Finance, productivity and innovation",Finance,OF0081,Variance to plan year-to-date,Jun-26,%,0.26,0.0,0.0,0.03,6.0
Q1 2026/27,North West,Mental health and community trust,Community,RY7,Wirral Community Health and Care NHS Foundation Trust,"Finance, productivity and innovation",Finance,OF0081,Variance to plan year-to-date,Jun-26,%,1.0,0.0,0.0,0.03,2.0
Q1 2026/27,Midlands,Mental health and community trust,Community,RY8,Derbyshire Community Health Services NHS Foundation Trust,"Finance, productivity and innovation",Finance,OF0081,Variance to plan year-to-date,Jun-26,%,0.0,0.0,0.0,0.03,29.0
Q1 2026/27,Midlands,Mental health and community trust,Mental Health and Learning Disability,RYG,Coventry and Warwickshire Partnership NHS Trust,"Finance, productivity and innovation",Finance,OF0081,Variance to plan year-to-date,Jun-26,%,0.02,0.0,0.0,0.03,17.0
Q1 2026/27,Midlands,Mental health and community trust,Community,RYW,Birmingham Community Healthcare NHS Foundation Trust,"Finance, productivity and innovation",Finance,OF0081,Variance to plan year-to-date,Jun-26,%,-0.34,0.0,0.0,0.03,51.0
Q1 2026/27,London,Mental health and community trust,Community,RYX,Central London Community Healthcare NHS Trust,"Finance, productivity and innovation",Finance,OF0081,Variance to plan year-to-date,Jun-26,%,0.0,0.0,0.0,0.03,29.0
Q1 2026/27,South East,Mental health and community trust,Community,RYY,Kent Community Health NHS Foundation Trust,"Finance, productivity and innovation",Finance,OF0081,Variance to plan year-to-date,Jun-26,%,0.05,0.0,0.0,0.03,12.0
Q1 2026/27,North East and Yorkshire,Mental health and community trust,Care Trust,TAD,Bradford District Care NHS Foundation Trust,"Finance, productivity and innovation",Finance,OF0081,Variance to plan year-to-date,Jun-26,%,0.02,0.0,0.0,0.03,17.0
Q1 2026/27,North East and Yorkshire,Mental health and community trust,Care Trust,TAH,Sheffield Health Partnership University NHS Foundation Trust,"Finance, productivity and innovation",Finance,OF0081,Variance to plan year-to-date,Jun-26,%,-0.65,0.0,0.0,0.03,53.0
Q1 2026/27,Midlands,Mental health and community trust,Mental Health and Learning Disability,TAJ,Black Country Healthcare NHS Foundation Trust,"Finance, productivity and innovation",Finance,OF0081,Variance to plan year-to-date,Jun-26,%,0.02,0.0,0.0,0.03,17.0
Q1 2026/27,London,Mental health and community trust,Mental Health and Learning Disability,G6V2S,North London NHS Foundation Trust,People,People and culture,OF0082,Sickness absence rate,Mar-26,%,4.66,5.88,5.35,6.67,7.0
Q1 2026/27,Midlands,Mental health and community trust,Community,R1A,Herefordshire and Worcestershire Health and Care NHS Trust,People,People and culture,OF0082,Sickness absence rate,Mar-26,%,6.29,5.88,5.35,6.67,37.0
Q1 2026/27,Midlands,Mental health and community trust,Community,R1D,Shropshire Community Health NHS Trust,People,People and culture,OF0082,Sickness absence rate,Mar-26,%,5.57,5.88,5.35,6.67,23.0
Q1 2026/27,East,Mental health and community trust,Mental Health and Learning Disability,R1L,Essex Partnership University NHS Foundation Trust,People,People and culture,OF0082,Sickness absence rate,Mar-26,%,5.59,5.88,5.35,6.67,24.0
Q1 2026/27,London,Mental health and community trust,Mental Health and Learning Disability,RAT,North East London NHS Foundation Trust,People,People and culture,OF0082,Sickness absence rate,Mar-26,%,5.53,5.88,5.35,6.67,22.0
Q1 2026/27,South East,Mental health and community trust,Community,RDR,Sussex Community NHS Foundation Trust,People,People and culture,OF0082,Sickness absence rate,Mar-26,%,5.37,5.88,5.35,6.67,17.0
Q1 2026/27,South West,Mental health and community trust,Mental Health and Learning Disability,RDY,Dorset Healthcare University NHS Foundation Trust,People,People and culture,OF0082,Sickness absence rate,Mar-26,%,5.1,5.88,5.35,6.67,12.0
Q1 2026/27,North East and Yorkshire,Mental health and community trust,Mental Health and Learning Disability,RGD,Leeds and York Partnership NHS Foundation Trust,People,People and culture,OF0082,Sickness absence rate,Mar-26,%,7.05,5.88,5.35,6.67,51.0
Q1 2026/27,Midlands,Mental health and community trust,Mental Health and Learning Disability,RHA,Nottinghamshire Healthcare NHS Foundation Trust,People,People and culture,OF0082,Sickness absence rate,Mar-26,%,6.98,5.88,5.35,6.67,50.0
Q1 2026/27,South West,Mental health and community trust,Mental Health and Learning Disability,RJ8,Cornwall Partnership NHS Foundation Trust,People,People and culture,OF0082,Sickness absence rate,Mar-26,%,6.39,5.88,5.35,6.67,40.0
Q1 2026/27,London,Mental health and community trust,Mental Health and Learning Disability,RKL,West London NHS Trust,People,People and culture,OF0082,Sickness absence rate,Mar-26,%,5.12,5.88,5.35,6.67,13.0
Q1 2026/27,Midlands,Mental health and community trust,Mental Health and Learning Disability,RLY,North Staffordshire Combined Healthcare NHS Trust,People,People and culture,OF0082,Sickness absence rate,Mar-26,%,6.28,5.88,5.35,6.67,36.0
Q1 2026/27,East,Mental health and community trust,Mental Health and Learning Disability,RMY,Norfolk and Suffolk NHS Foundation Trust,People,People and culture,OF0082,Sickness absence rate,Mar-26,%,6.16,5.88,5.35,6.67,34.0
Q1 2026/27,South East,Mental health and community trust,Mental Health and Learning Disability,RNU,Oxford Health NHS Foundation Trust,People,People and culture,OF0082,Sickness absence rate,Mar-26,%,4.93,5.88,5.35,6.67,9.0
Q1 2026/27,Midlands,Mental health and community trust,Mental Health and Learning Disability,RP1,Northamptonshire Healthcare NHS Foundation Trust,People,People and culture,OF0082,Sickness absence rate,Mar-26,%,6.79,5.88,5.35,6.67,45.0
Q1 2026/27,Midlands,Mental health and community trust,Mental Health and Learning Disability,RP7,Lincolnshire Partnership NHS Foundation Trust,People,People and culture,OF0082,Sickness absence rate,Mar-26,%,5.72,5.88,5.35,6.67,26.0
Q1 2026/27,London,Mental health and community trust,Mental Health and Learning Disability,RPG,Oxleas NHS Foundation Trust,People,People and culture,OF0082,Sickness absence rate,Mar-26,%,5.44,5.88,5.35,6.67,20.0
Q1 2026/27,London,Mental health and community trust,Mental Health and Learning Disability,RQY,South West London and St George's Mental Health NHS Trust,People,People and culture,OF0082,Sickness absence rate,Mar-26,%,4.66,5.88,5.35,6.67,5.0
Q1 2026/27,Midlands,Mental health and community trust,Mental Health and Learning Disability,RRE,Midlands Partnership University NHS Foundation Trust,People,People and culture,OF0082,Sickness absence rate,Mar-26,%,6.13,5.88,5.35,6.67,33.0
Q1 2026/27,East,Mental health and community trust,Mental Health and Learning Disability,RT1,Cambridgeshire and Peterborough NHS Foundation Trust,People,People and culture,OF0082,Sickness absence rate,Mar-26,%,5.05,5.88,5.35,6.67,11.0
Q1 2026/27,North West,Mental health and community trust,Mental Health and Learning Disability,RT2,Pennine Care NHS Foundation Trust,People,People and culture,OF0082,Sickness absence rate,Mar-26,%,6.89,5.88,5.35,6.67,48.0
Q1 2026/27,Midlands,Mental health and community trust,Mental Health and Learning Disability,RT5,Leicestershire Partnership NHS Trust,People,People and culture,OF0082,Sickness absence rate,Mar-26,%,5.5,5.88,5.35,6.67,21.0
Q1 2026/27,South West,Mental health and community trust,Mental Health and Learning Disability,RTQ,Gloucestershire Health and Care NHS Foundation Trust,People,People and culture,OF0082,Sickness absence rate,Mar-26,%,5.37,5.88,5.35,6.67,16.0
Q1 2026/27,London,Mental health and community trust,Mental Health and Learning Disability,RV3,Central and North West London NHS Foundation Trust,People,People and culture,OF0082,Sickness absence rate,Mar-26,%,4.34,5.88,5.35,6.67,2.0
Q1 2026/27,London,Mental health and community trust,Mental Health and Learning Disability,RV5,South London and Maudsley NHS Foundation Trust,People,People and culture,OF0082,Sickness absence rate,Mar-26,%,4.67,5.88,5.35,6.67,8.0
Q1 2026/27,North East and Yorkshire,Mental health and community trust,Mental Health and Learning Disability,RV9,Humber Teaching NHS Foundation Trust,People,People and culture,OF0082,Sickness absence rate,Mar-26,%,5.37,5.88,5.35,6.67,18.0
Q1 2026/27,South West,Mental health and community trust,Mental Health and Learning Disability,RVN,Avon and Wiltshire Mental Health Partnership NHS Trust,People,People and culture,OF0082,Sickness absence rate,Mar-26,%,5.03,5.88,5.35,6.67,10.0
Q1 2026/27,South East,Mental health and community trust,Mental Health and Learning Disability,RW1,Hampshire and Isle of Wight Healthcare NHS Foundation Trust,People,People and culture,OF0082,Sickness absence rate,Mar-26,%,5.91,5.88,5.35,6.67,30.0
Q1 2026/27,North West,Mental health and community trust,Mental Health and Learning Disability,RW4,Mersey Care NHS Foundation Trust,People,People and culture,OF0082,Sickness absence rate,Mar-26,%,7.57,5.88,5.35,6.67,57.0
Q1 2026/27,North West,Mental health and community trust,Mental Health and Learning Disability,RW5,Lancashire & South Cumbria NHS Foundation Trust,People,People and culture,OF0082,Sickness absence rate,Mar-26,%,7.43,5.88,5.35,6.67,56.0
Q1 2026/27,London,Mental health and community trust,Mental Health and Learning Disability,RWK,East London NHS Foundation Trust,People,People and culture,OF0082,Sickness absence rate,Mar-26,%,5.7,5.88,5.35,6.67,25.0
Q1 2026/27,East,Mental health and community trust,Mental Health and Learning Disability,RWR,Hertfordshire Partnership University NHS Foundation Trust,People,People and culture,OF0082,Sickness absence rate,Mar-26,%,5.84,5.88,5.35,6.67,29.0
Q1 2026/27,South West,Mental health and community trust,Mental Health and Learning Disability,RWV,Devon Partnership NHS Trust,People,People and culture,OF0082,Sickness absence rate,Mar-26,%,6.69,5.88,5.35,6.67,44.0
Q1 2026/27,South East,Mental health and community trust,Mental Health and Learning Disability,RWX,Berkshire Healthcare NHS Foundation Trust,People,People and culture,OF0082,Sickness absence rate,Mar-26,%,4.66,5.88,5.35,6.67,6.0
Q1 2026/27,South East,Mental health and community trust,Mental Health and Learning Disability,RX2,Sussex Partnership NHS Foundation Trust,People,People and culture,OF0082,Sickness absence rate,Mar-26,%,5.78,5.88,5.35,6.67,27.0
Q1 2026/27,North East and Yorkshire,Mental health and community trust,Mental Health and Learning Disability,RX3,"Tees, Esk and Wear Valleys NHS Foundation Trust",People,People and culture,OF0082,Sickness absence rate,Mar-26,%,6.86,5.88,5.35,6.67,47.0
Q1 2026/27,North East and Yorkshire,Mental health and community trust,Mental Health and Learning Disability,RX4,"Cumbria, Northumberland, Tyne and Wear NHS Foundation Trust",People,People and culture,OF0082,Sickness absence rate,Mar-26,%,6.37,5.88,5.35,6.67,39.0
Q1 2026/27,North West,Mental health and community trust,Mental Health and Learning Disability,RXA,Cheshire and Wirral Partnership NHS Foundation Trust,People,People and culture,OF0082,Sickness absence rate,Mar-26,%,6.31,5.88,5.35,6.67,38.0
Q1 2026/27,North East and Yorkshire,Mental health and community trust,Mental Health and Learning Disability,RXE,Rotherham Doncaster and South Humber NHS Foundation Trust,People,People and culture,OF0082,Sickness absence rate,Mar-26,%,7.16,5.88,5.35,6.67,53.0
Q1 2026/27,North East and Yorkshire,Mental health and community trust,Mental Health and Learning Disability,RXG,South West Yorkshire Partnership NHS Foundation Trust,People,People and culture,OF0082,Sickness absence rate,Mar-26,%,5.26,5.88,5.35,6.67,14.0
Q1 2026/27,Midlands,Mental health and community trust,Mental Health and Learning Disability,RXM,Derbyshire Healthcare NHS Foundation Trust,People,People and culture,OF0082,Sickness absence rate,Mar-26,%,6.1,5.88,5.35,6.67,32.0
Q1 2026/27,Midlands,Mental health and community trust,Mental Health and Learning Disability,RXT,Birmingham and Solihull Mental Health NHS Foundation Trust,People,People and culture,OF0082,Sickness absence rate,Mar-26,%,5.93,5.88,5.35,6.67,31.0
Q1 2026/27,North West,Mental health and community trust,Mental Health and Learning Disability,RXV,Greater Manchester Mental Health NHS Foundation Trust,People,People and culture,OF0082,Sickness absence rate,Mar-26,%,7.39,5.88,5.35,6.67,55.0
Q1 2026/27,South East,Mental health and community trust,Mental Health and Learning Disability,RXX,Surrey and Borders Partnership NHS Foundation Trust,People,People and culture,OF0082,Sickness absence rate,Mar-26,%,4.57,5.88,5.35,6.67,4.0
Q1 2026/27,South East,Mental health and community trust,Mental Health and Learning Disability,RXY,Kent and Medway Mental Health NHS Trust,People,People and culture,OF0082,Sickness absence rate,Mar-26,%,5.35,5.88,5.35,6.67,15.0
Q1 2026/27,East,Mental health and community trust,Community,RY3,Norfolk Community Health and Care NHS Trust,People,People and culture,OF0082,Sickness absence rate,Mar-26,%,5.81,5.88,5.35,6.67,28.0
Q1 2026/27,East,Mental health and community trust,Community,RY4,Hertfordshire Community NHS Trust,People,People and culture,OF0082,Sickness absence rate,Mar-26,%,4.3,5.88,5.35,6.67,1.0
Q1 2026/27,Midlands,Mental health and community trust,Community,RY5,Lincolnshire Community Health Services NHS Trust,People,People and culture,OF0082,Sickness absence rate,Mar-26,%,6.21,5.88,5.35,6.67,35.0
Q1 2026/27,North East and Yorkshire,Mental health and community trust,Community,RY6,Leeds Community Healthcare NHS Trust,People,People and culture,OF0082,Sickness absence rate,Mar-26,%,7.65,5.88,5.35,6.67,58.0
Q1 2026/27,North West,Mental health and community trust,Community,RY7,Wirral Community Health and Care NHS Foundation Trust,People,People and culture,OF0082,Sickness absence rate,Mar-26,%,6.94,5.88,5.35,6.67,49.0
Q1 2026/27,Midlands,Mental health and community trust,Community,RY8,Derbyshire Community Health Services NHS Foundation Trust,People,People and culture,OF0082,Sickness absence rate,Mar-26,%,6.41,5.88,5.35,6.67,41.0
Q1 2026/27,Midlands,Mental health and community trust,Mental Health and Learning Disability,RYG,Coventry and Warwickshire Partnership NHS Trust,People,People and culture,OF0082,Sickness absence rate,Mar-26,%,6.62,5.88,5.35,6.67,43.0
Q1 2026/27,Midlands,Mental health and community trust,Community,RYW,Birmingham Community Healthcare NHS Foundation Trust,People,People and culture,OF0082,Sickness absence rate,Mar-26,%,6.81,5.88,5.35,6.67,46.0
Q1 2026/27,London,Mental health and community trust,Community,RYX,Central London Community Healthcare NHS Trust,People,People and culture,OF0082,Sickness absence rate,Mar-26,%,5.41,5.88,5.35,6.67,19.0
Q1 2026/27,South East,Mental health and community trust,Community,RYY,Kent Community Health NHS Foundation Trust,People,People and culture,OF0082,Sickness absence rate,Mar-26,%,4.37,5.88,5.35,6.67,3.0
Q1 2026/27,North East and Yorkshire,Mental health and community trust,Care Trust,TAD,Bradford District Care NHS Foundation Trust,People,People and culture,OF0082,Sickness absence rate,Mar-26,%,7.06,5.88,5.35,6.67,52.0
Q1 2026/27,North East and Yorkshire,Mental health and community trust,Care Trust,TAH,Sheffield Health Partnership University NHS Foundation Trust,People,People and culture,OF0082,Sickness absence rate,Mar-26,%,6.55,5.88,5.35,6.67,42.0
Q1 2026/27,Midlands,Mental health and community trust,Mental Health and Learning Disability,TAJ,Black Country Healthcare NHS Foundation Trust,People,People and culture,OF0082,Sickness absence rate,Mar-26,%,7.21,5.88,5.35,6.67,54.0
Q1 2026/27,London,Mental health and community trust,Mental Health and Learning Disability,G6V2S,North London NHS Foundation Trust,People,People and culture,OF0084,NHS staff survey engagement theme sub-score ,2025,%,6.59,7.03,6.86,7.14,54.0
Q1 2026/27,Midlands,Mental health and community trust,Community,R1A,Herefordshire and Worcestershire Health and Care NHS Trust,People,People and culture,OF0084,NHS staff survey engagement theme sub-score ,2025,%,7.07,7.03,6.86,7.14,24.0
Q1 2026/27,Midlands,Mental health and community trust,Community,R1D,Shropshire Community Health NHS Trust,People,People and culture,OF0084,NHS staff survey engagement theme sub-score ,2025,%,6.91,7.03,6.86,7.14,38.0
Q1 2026/27,East,Mental health and community trust,Mental Health and Learning Disability,R1L,Essex Partnership University NHS Foundation Trust,People,People and culture,OF0084,NHS staff survey engagement theme sub-score ,2025,%,7.02,7.03,6.86,7.14,30.0
Q1 2026/27,London,Mental health and community trust,Mental Health and Learning Disability,RAT,North East London NHS Foundation Trust,People,People and culture,OF0084,NHS staff survey engagement theme sub-score ,2025,%,7.04,7.03,6.86,7.14,28.0
Q1 2026/27,South East,Mental health and community trust,Community,RDR,Sussex Community NHS Foundation Trust,People,People and culture,OF0084,NHS staff survey engagement theme sub-score ,2025,%,7.22,7.03,6.86,7.14,10.0
Q1 2026/27,South West,Mental health and community trust,Mental Health and Learning Disability,RDY,Dorset Healthcare University NHS Foundation Trust,People,People and culture,OF0084,NHS staff survey engagement theme sub-score ,2025,%,7.11,7.03,6.86,7.14,19.0
Q1 2026/27,North East and Yorkshire,Mental health and community trust,Mental Health and Learning Disability,RGD,Leeds and York Partnership NHS Foundation Trust,People,People and culture,OF0084,NHS staff survey engagement theme sub-score ,2025,%,6.92,7.03,6.86,7.14,36.0
Q1 2026/27,Midlands,Mental health and community trust,Mental Health and Learning Disability,RHA,Nottinghamshire Healthcare NHS Foundation Trust,People,People and culture,OF0084,NHS staff survey engagement theme sub-score ,2025,%,6.42,7.03,6.86,7.14,57.0
Q1 2026/27,South West,Mental health and community trust,Mental Health and Learning Disability,RJ8,Cornwall Partnership NHS Foundation Trust,People,People and culture,OF0084,NHS staff survey engagement theme sub-score ,2025,%,6.94,7.03,6.86,7.14,35.0
Q1 2026/27,London,Mental health and community trust,Mental Health and Learning Disability,RKL,West London NHS Trust,People,People and culture,OF0084,NHS staff survey engagement theme sub-score ,2025,%,7.26,7.03,6.86,7.14,5.0
Q1 2026/27,Midlands,Mental health and community trust,Mental Health and Learning Disability,RLY,North Staffordshire Combined Healthcare NHS Trust,People,People and culture,OF0084,NHS staff survey engagement theme sub-score ,2025,%,7.32,7.03,6.86,7.14,3.0
Q1 2026/27,East,Mental health and community trust,Mental Health and Learning Disability,RMY,Norfolk and Suffolk NHS Foundation Trust,People,People and culture,OF0084,NHS staff survey engagement theme sub-score ,2025,%,6.37,7.03,6.86,7.14,58.0
Q1 2026/27,South East,Mental health and community trust,Mental Health and Learning Disability,RNU,Oxford Health NHS Foundation Trust,People,People and culture,OF0084,NHS staff survey engagement theme sub-score ,2025,%,7.21,7.03,6.86,7.14,11.0
Q1 2026/27,Midlands,Mental health and community trust,Mental Health and Learning Disability,RP1,Northamptonshire Healthcare NHS Foundation Trust,People,People and culture,OF0084,NHS staff survey engagement theme sub-score ,2025,%,7.17,7.03,6.86,7.14,14.0
Q1 2026/27,Midlands,Mental health and community trust,Mental Health and Learning Disability,RP7,Lincolnshire Partnership NHS Foundation Trust,People,People and culture,OF0084,NHS staff survey engagement theme sub-score ,2025,%,6.98,7.03,6.86,7.14,34.0
Q1 2026/27,London,Mental health and community trust,Mental Health and Learning Disability,RPG,Oxleas NHS Foundation Trust,People,People and culture,OF0084,NHS staff survey engagement theme sub-score ,2025,%,7.32,7.03,6.86,7.14,2.0
Q1 2026/27,London,Mental health and community trust,Mental Health and Learning Disability,RQY,South West London and St George's Mental Health NHS Trust,People,People and culture,OF0084,NHS staff survey engagement theme sub-score ,2025,%,7.1,7.03,6.86,7.14,21.0
Q1 2026/27,Midlands,Mental health and community trust,Mental Health and Learning Disability,RRE,Midlands Partnership University NHS Foundation Trust,People,People and culture,OF0084,NHS staff survey engagement theme sub-score ,2025,%,7.32,7.03,6.86,7.14,4.0
Q1 2026/27,East,Mental health and community trust,Mental Health and Learning Disability,RT1,Cambridgeshire and Peterborough NHS Foundation Trust,People,People and culture,OF0084,NHS staff survey engagement theme sub-score ,2025,%,6.88,7.03,6.86,7.14,41.0
Q1 2026/27,North West,Mental health and community trust,Mental Health and Learning Disability,RT2,Pennine Care NHS Foundation Trust,People,People and culture,OF0084,NHS staff survey engagement theme sub-score ,2025,%,6.91,7.03,6.86,7.14,39.0
Q1 2026/27,Midlands,Mental health and community trust,Mental Health and Learning Disability,RT5,Leicestershire Partnership NHS Trust,People,People and culture,OF0084,NHS staff survey engagement theme sub-score ,2025,%,7.12,7.03,6.86,7.14,18.0
Q1 2026/27,South West,Mental health and community trust,Mental Health and Learning Disability,RTQ,Gloucestershire Health and Care NHS Foundation Trust,People,People and culture,OF0084,NHS staff survey engagement theme sub-score ,2025,%,7.12,7.03,6.86,7.14,17.0
Q1 2026/27,London,Mental health and community trust,Mental Health and Learning Disability,RV3,Central and North West London NHS Foundation Trust,People,People and culture,OF0084,NHS staff survey engagement theme sub-score ,2025,%,7.13,7.03,6.86,7.14,16.0
Q1 2026/27,London,Mental health and community trust,Mental Health and Learning Disability,RV5,South London and Maudsley NHS Foundation Trust,People,People and culture,OF0084,NHS staff survey engagement theme sub-score ,2025,%,6.98,7.03,6.86,7.14,33.0
Q1 2026/27,North East and Yorkshire,Mental health and community trust,Mental Health and Learning Disability,RV9,Humber Teaching NHS Foundation Trust,People,People and culture,OF0084,NHS staff survey engagement theme sub-score ,2025,%,7.15,7.03,6.86,7.14,15.0
Q1 2026/27,South West,Mental health and community trust,Mental Health and Learning Disability,RVN,Avon and Wiltshire Mental Health Partnership NHS Trust,People,People and culture,OF0084,NHS staff survey engagement theme sub-score ,2025,%,7.06,7.03,6.86,7.14,26.0
Q1 2026/27,South East,Mental health and community trust,Mental Health and Learning Disability,RW1,Hampshire and Isle of Wight Healthcare NHS Foundation Trust,People,People and culture,OF0084,NHS staff survey engagement theme sub-score ,2025,%,6.87,7.03,6.86,7.14,42.0
Q1 2026/27,North West,Mental health and community trust,Mental Health and Learning Disability,RW4,Mersey Care NHS Foundation Trust,People,People and culture,OF0084,NHS staff survey engagement theme sub-score ,2025,%,6.99,7.03,6.86,7.14,32.0
Q1 2026/27,North West,Mental health and community trust,Mental Health and Learning Disability,RW5,Lancashire & South Cumbria NHS Foundation Trust,People,People and culture,OF0084,NHS staff survey engagement theme sub-score ,2025,%,6.8,7.03,6.86,7.14,48.0
Q1 2026/27,London,Mental health and community trust,Mental Health and Learning Disability,RWK,East London NHS Foundation Trust,People,People and culture,OF0084,NHS staff survey engagement theme sub-score ,2025,%,7.1,7.03,6.86,7.14,20.0
Q1 2026/27,East,Mental health and community trust,Mental Health and Learning Disability,RWR,Hertfordshire Partnership University NHS Foundation Trust,People,People and culture,OF0084,NHS staff survey engagement theme sub-score ,2025,%,7.24,7.03,6.86,7.14,7.0
Q1 2026/27,South West,Mental health and community trust,Mental Health and Learning Disability,RWV,Devon Partnership NHS Trust,People,People and culture,OF0084,NHS staff survey engagement theme sub-score ,2025,%,6.81,7.03,6.86,7.14,47.0
Q1 2026/27,South East,Mental health and community trust,Mental Health and Learning Disability,RWX,Berkshire Healthcare NHS Foundation Trust,People,People and culture,OF0084,NHS staff survey engagement theme sub-score ,2025,%,7.48,7.03,6.86,7.14,1.0
Q1 2026/27,South East,Mental health and community trust,Mental Health and Learning Disability,RX2,Sussex Partnership NHS Foundation Trust,People,People and culture,OF0084,NHS staff survey engagement theme sub-score ,2025,%,6.49,7.03,6.86,7.14,56.0
Q1 2026/27,North East and Yorkshire,Mental health and community trust,Mental Health and Learning Disability,RX3,"Tees, Esk and Wear Valleys NHS Foundation Trust",People,People and culture,OF0084,NHS staff survey engagement theme sub-score ,2025,%,6.87,7.03,6.86,7.14,43.0
Q1 2026/27,North East and Yorkshire,Mental health and community trust,Mental Health and Learning Disability,RX4,"Cumbria, Northumberland, Tyne and Wear NHS Foundation Trust",People,People and culture,OF0084,NHS staff survey engagement theme sub-score ,2025,%,6.84,7.03,6.86,7.14,45.0
Q1 2026/27,North West,Mental health and community trust,Mental Health and Learning Disability,RXA,Cheshire and Wirral Partnership NHS Foundation Trust,People,People and culture,OF0084,NHS staff survey engagement theme sub-score ,2025,%,7.04,7.03,6.86,7.14,29.0
Q1 2026/27,North East and Yorkshire,Mental health and community trust,Mental Health and Learning Disability,RXE,Rotherham Doncaster and South Humber NHS Foundation Trust,People,People and culture,OF0084,NHS staff survey engagement theme sub-score ,2025,%,6.81,7.03,6.86,7.14,46.0
Q1 2026/27,North East and Yorkshire,Mental health and community trust,Mental Health and Learning Disability,RXG,South West Yorkshire Partnership NHS Foundation Trust,People,People and culture,OF0084,NHS staff survey engagement theme sub-score ,2025,%,7.17,7.03,6.86,7.14,13.0
Q1 2026/27,Midlands,Mental health and community trust,Mental Health and Learning Disability,RXM,Derbyshire Healthcare NHS Foundation Trust,People,People and culture,OF0084,NHS staff survey engagement theme sub-score ,2025,%,7.02,7.03,6.86,7.14,31.0
Q1 2026/27,Midlands,Mental health and community trust,Mental Health and Learning Disability,RXT,Birmingham and Solihull Mental Health NHS Foundation Trust,People,People and culture,OF0084,NHS staff survey engagement theme sub-score ,2025,%,7.1,7.03,6.86,7.14,22.0
Q1 2026/27,North West,Mental health and community trust,Mental Health and Learning Disability,RXV,Greater Manchester Mental Health NHS Foundation Trust,People,People and culture,OF0084,NHS staff survey engagement theme sub-score ,2025,%,6.67,7.03,6.86,7.14,52.0
Q1 2026/27,South East,Mental health and community trust,Mental Health and Learning Disability,RXX,Surrey and Borders Partnership NHS Foundation Trust,People,People and culture,OF0084,NHS staff survey engagement theme sub-score ,2025,%,7.05,7.03,6.86,7.14,27.0
Q1 2026/27,South East,Mental health and community trust,Mental Health and Learning Disability,RXY,Kent and Medway Mental Health NHS Trust,People,People and culture,OF0084,NHS staff survey engagement theme sub-score ,2025,%,6.65,7.03,6.86,7.14,53.0
Q1 2026/27,East,Mental health and community trust,Community,RY3,Norfolk Community Health and Care NHS Trust,People,People and culture,OF0084,NHS staff survey engagement theme sub-score ,2025,%,7.22,7.03,6.86,7.14,9.0
Q1 2026/27,East,Mental health and community trust,Community,RY4,Hertfordshire Community NHS Trust,People,People and culture,OF0084,NHS staff survey engagement theme sub-score ,2025,%,7.23,7.03,6.86,7.14,8.0
Q1 2026/27,Midlands,Mental health and community trust,Community,RY5,Lincolnshire Community Health Services NHS Trust,People,People and culture,OF0084,NHS staff survey engagement theme sub-score ,2025,%,6.75,7.03,6.86,7.14,50.0
Q1 2026/27,North East and Yorkshire,Mental health and community trust,Community,RY6,Leeds Community Healthcare NHS Trust,People,People and culture,OF0084,NHS staff survey engagement theme sub-score ,2025,%,6.92,7.03,6.86,7.14,37.0
Q1 2026/27,North West,Mental health and community trust,Community,RY7,Wirral Community Health and Care NHS Foundation Trust,People,People and culture,OF0084,NHS staff survey engagement theme sub-score ,2025,%,6.85,7.03,6.86,7.14,44.0
Q1 2026/27,Midlands,Mental health and community trust,Community,RY8,Derbyshire Community Health Services NHS Foundation Trust,People,People and culture,OF0084,NHS staff survey engagement theme sub-score ,2025,%,7.09,7.03,6.86,7.14,23.0
Q1 2026/27,Midlands,Mental health and community trust,Mental Health and Learning Disability,RYG,Coventry and Warwickshire Partnership NHS Trust,People,People and culture,OF0084,NHS staff survey engagement theme sub-score ,2025,%,6.78,7.03,6.86,7.14,49.0
Q1 2026/27,Midlands,Mental health and community trust,Community,RYW,Birmingham Community Healthcare NHS Foundation Trust,People,People and culture,OF0084,NHS staff survey engagement theme sub-score ,2025,%,6.89,7.03,6.86,7.14,40.0
Q1 2026/27,London,Mental health and community trust,Community,RYX,Central London Community Healthcare NHS Trust,People,People and culture,OF0084,NHS staff survey engagement theme sub-score ,2025,%,7.18,7.03,6.86,7.14,12.0
Q1 2026/27,South East,Mental health and community trust,Community,RYY,Kent Community Health NHS Foundation Trust,People,People and culture,OF0084,NHS staff survey engagement theme sub-score ,2025,%,7.25,7.03,6.86,7.14,6.0
Q1 2026/27,North East and Yorkshire,Mental health and community trust,Care Trust,TAD,Bradford District Care NHS Foundation Trust,People,People and culture,OF0084,NHS staff survey engagement theme sub-score ,2025,%,7.06,7.03,6.86,7.14,25.0
Q1 2026/27,North East and Yorkshire,Mental health and community trust,Care Trust,TAH,Sheffield Health Partnership University NHS Foundation Trust,People,People and culture,OF0084,NHS staff survey engagement theme sub-score ,2025,%,6.7,7.03,6.86,7.14,51.0
Q1 2026/27,Midlands,Mental health and community trust,Mental Health and Learning Disability,TAJ,Black Country Healthcare NHS Foundation Trust,People,People and culture,OF0084,NHS staff survey engagement theme sub-score ,2025,%,6.58,7.03,6.86,7.14,55.0
Q1 2026/27,London,Mental health and community trust,Mental Health and Learning Disability,G6V2S,North London NHS Foundation Trust,"Finance, productivity and innovation",Productivity,OF0086,Relative cost difference (National Cost Collection Index),2025,rate,88.0,104.18,95.35,111.97,7.0
Q1 2026/27,Midlands,Mental health and community trust,Community,R1A,Herefordshire and Worcestershire Health and Care NHS Trust,"Finance, productivity and innovation",Productivity,OF0086,Relative cost difference (National Cost Collection Index),2025,rate,105.32,104.18,95.35,111.97,32.0
Q1 2026/27,Midlands,Mental health and community trust,Community,R1D,Shropshire Community Health NHS Trust,"Finance, productivity and innovation",Productivity,OF0086,Relative cost difference (National Cost Collection Index),2025,rate,96.16,104.18,95.35,111.97,16.0
Q1 2026/27,East,Mental health and community trust,Mental Health and Learning Disability,R1L,Essex Partnership University NHS Foundation Trust,"Finance, productivity and innovation",Productivity,OF0086,Relative cost difference (National Cost Collection Index),2025,rate,88.64,104.18,95.35,111.97,8.0
Q1 2026/27,London,Mental health and community trust,Mental Health and Learning Disability,RAT,North East London NHS Foundation Trust,"Finance, productivity and innovation",Productivity,OF0086,Relative cost difference (National Cost Collection Index),2025,rate,102.24,104.18,95.35,111.97,27.0
Q1 2026/27,South East,Mental health and community trust,Community,RDR,Sussex Community NHS Foundation Trust,"Finance, productivity and innovation",Productivity,OF0086,Relative cost difference (National Cost Collection Index),2025,rate,99.26,104.18,95.35,111.97,22.0
Q1 2026/27,South West,Mental health and community trust,Mental Health and Learning Disability,RDY,Dorset Healthcare University NHS Foundation Trust,"Finance, productivity and innovation",Productivity,OF0086,Relative cost difference (National Cost Collection Index),2025,rate,106.96,104.18,95.35,111.97,35.0
Q1 2026/27,North East and Yorkshire,Mental health and community trust,Mental Health and Learning Disability,RGD,Leeds and York Partnership NHS Foundation Trust,"Finance, productivity and innovation",Productivity,OF0086,Relative cost difference (National Cost Collection Index),2025,rate,110.83,104.18,95.35,111.97,42.0
Q1 2026/27,Midlands,Mental health and community trust,Mental Health and Learning Disability,RHA,Nottinghamshire Healthcare NHS Foundation Trust,"Finance, productivity and innovation",Productivity,OF0086,Relative cost difference (National Cost Collection Index),2025,rate,109.48,104.18,95.35,111.97,40.0
Q1 2026/27,South West,Mental health and community trust,Mental Health and Learning Disability,RJ8,Cornwall Partnership NHS Foundation Trust,"Finance, productivity and innovation",Productivity,OF0086,Relative cost difference (National Cost Collection Index),2025,rate,105.79,104.18,95.35,111.97,33.0
Q1 2026/27,London,Mental health and community trust,Mental Health and Learning Disability,RKL,West London NHS Trust,"Finance, productivity and innovation",Productivity,OF0086,Relative cost difference (National Cost Collection Index),2025,rate,96.74,104.18,95.35,111.97,19.0
Q1 2026/27,Midlands,Mental health and community trust,Mental Health and Learning Disability,RLY,North Staffordshire Combined Healthcare NHS Trust,"Finance, productivity and innovation",Productivity,OF0086,Relative cost difference (National Cost Collection Index),2025,rate,90.95,104.18,95.35,111.97,11.0
Q1 2026/27,East,Mental health and community trust,Mental Health and Learning Disability,RMY,Norfolk and Suffolk NHS Foundation Trust,"Finance, productivity and innovation",Productivity,OF0086,Relative cost difference (National Cost Collection Index),2025,rate,115.33,104.18,95.35,111.97,50.0
Q1 2026/27,South East,Mental health and community trust,Mental Health and Learning Disability,RNU,Oxford Health NHS Foundation Trust,"Finance, productivity and innovation",Productivity,OF0086,Relative cost difference (National Cost Collection Index),2025,rate,108.58,104.18,95.35,111.97,37.0
Q1 2026/27,Midlands,Mental health and community trust,Mental Health and Learning Disability,RP1,Northamptonshire Healthcare NHS Foundation Trust,"Finance, productivity and innovation",Productivity,OF0086,Relative cost difference (National Cost Collection Index),2025,rate,71.47,104.18,95.35,111.97,1.0
Q1 2026/27,Midlands,Mental health and community trust,Mental Health and Learning Disability,RP7,Lincolnshire Partnership NHS Foundation Trust,"Finance, productivity and innovation",Productivity,OF0086,Relative cost difference (National Cost Collection Index),2025,rate,114.0,104.18,95.35,111.97,47.0
Q1 2026/27,London,Mental health and community trust,Mental Health and Learning Disability,RPG,Oxleas NHS Foundation Trust,"Finance, productivity and innovation",Productivity,OF0086,Relative cost difference (National Cost Collection Index),2025,rate,110.93,104.18,95.35,111.97,43.0
Q1 2026/27,London,Mental health and community trust,Mental Health and Learning Disability,RQY,South West London and St George's Mental Health NHS Trust,"Finance, productivity and innovation",Productivity,OF0086,Relative cost difference (National Cost Collection Index),2025,rate,104.19,104.18,95.35,111.97,30.0
Q1 2026/27,Midlands,Mental health and community trust,Mental Health and Learning Disability,RRE,Midlands Partnership University NHS Foundation Trust,"Finance, productivity and innovation",Productivity,OF0086,Relative cost difference (National Cost Collection Index),2025,rate,93.49,104.18,95.35,111.97,12.0
Q1 2026/27,East,Mental health and community trust,Mental Health and Learning Disability,RT1,Cambridgeshire and Peterborough NHS Foundation Trust,"Finance, productivity and innovation",Productivity,OF0086,Relative cost difference (National Cost Collection Index),2025,rate,103.14,104.18,95.35,111.97,28.0
Q1 2026/27,North West,Mental health and community trust,Mental Health and Learning Disability,RT2,Pennine Care NHS Foundation Trust,"Finance, productivity and innovation",Productivity,OF0086,Relative cost difference (National Cost Collection Index),2025,rate,94.9,104.18,95.35,111.97,14.0
Q1 2026/27,Midlands,Mental health and community trust,Mental Health and Learning Disability,RT5,Leicestershire Partnership NHS Trust,"Finance, productivity and innovation",Productivity,OF0086,Relative cost difference (National Cost Collection Index),2025,rate,95.08,104.18,95.35,111.97,15.0
Q1 2026/27,South West,Mental health and community trust,Mental Health and Learning Disability,RTQ,Gloucestershire Health and Care NHS Foundation Trust,"Finance, productivity and innovation",Productivity,OF0086,Relative cost difference (National Cost Collection Index),2025,rate,112.49,104.18,95.35,111.97,45.0
Q1 2026/27,London,Mental health and community trust,Mental Health and Learning Disability,RV3,Central and North West London NHS Foundation Trust,"Finance, productivity and innovation",Productivity,OF0086,Relative cost difference (National Cost Collection Index),2025,rate,100.04,104.18,95.35,111.97,24.0
Q1 2026/27,London,Mental health and community trust,Mental Health and Learning Disability,RV5,South London and Maudsley NHS Foundation Trust,"Finance, productivity and innovation",Productivity,OF0086,Relative cost difference (National Cost Collection Index),2025,rate,98.96,104.18,95.35,111.97,21.0
Q1 2026/27,North East and Yorkshire,Mental health and community trust,Mental Health and Learning Disability,RV9,Humber Teaching NHS Foundation Trust,"Finance, productivity and innovation",Productivity,OF0086,Relative cost difference (National Cost Collection Index),2025,rate,114.68,104.18,95.35,111.97,49.0
Q1 2026/27,South West,Mental health and community trust,Mental Health and Learning Disability,RVN,Avon and Wiltshire Mental Health Partnership NHS Trust,"Finance, productivity and innovation",Productivity,OF0086,Relative cost difference (National Cost Collection Index),2025,rate,120.98,104.18,95.35,111.97,56.0
Q1 2026/27,South East,Mental health and community trust,Mental Health and Learning Disability,RW1,Hampshire and Isle of Wight Healthcare NHS Foundation Trust,"Finance, productivity and innovation",Productivity,OF0086,Relative cost difference (National Cost Collection Index),2025,rate,97.69,104.18,95.35,111.97,20.0
Q1 2026/27,North West,Mental health and community trust,Mental Health and Learning Disability,RW4,Mersey Care NHS Foundation Trust,"Finance, productivity and innovation",Productivity,OF0086,Relative cost difference (National Cost Collection Index),2025,rate,99.39,104.18,95.35,111.97,23.0
Q1 2026/27,North West,Mental health and community trust,Mental Health and Learning Disability,RW5,Lancashire & South Cumbria NHS Foundation Trust,"Finance, productivity and innovation",Productivity,OF0086,Relative cost difference (National Cost Collection Index),2025,rate,100.31,104.18,95.35,111.97,25.0
Q1 2026/27,London,Mental health and community trust,Mental Health and Learning Disability,RWK,East London NHS Foundation Trust,"Finance, productivity and innovation",Productivity,OF0086,Relative cost difference (National Cost Collection Index),2025,rate,96.34,104.18,95.35,111.97,18.0
Q1 2026/27,East,Mental health and community trust,Mental Health and Learning Disability,RWR,Hertfordshire Partnership University NHS Foundation Trust,"Finance, productivity and innovation",Productivity,OF0086,Relative cost difference (National Cost Collection Index),2025,rate,104.85,104.18,95.35,111.97,31.0
Q1 2026/27,South West,Mental health and community trust,Mental Health and Learning Disability,RWV,Devon Partnership NHS Trust,"Finance, productivity and innovation",Productivity,OF0086,Relative cost difference (National Cost Collection Index),2025,rate,113.88,104.18,95.35,111.97,46.0
Q1 2026/27,South East,Mental health and community trust,Mental Health and Learning Disability,RWX,Berkshire Healthcare NHS Foundation Trust,"Finance, productivity and innovation",Productivity,OF0086,Relative cost difference (National Cost Collection Index),2025,rate,135.35,104.18,95.35,111.97,58.0
Q1 2026/27,South East,Mental health and community trust,Mental Health and Learning Disability,RX2,Sussex Partnership NHS Foundation Trust,"Finance, productivity and innovation",Productivity,OF0086,Relative cost difference (National Cost Collection Index),2025,rate,118.86,104.18,95.35,111.97,54.0
Q1 2026/27,North East and Yorkshire,Mental health and community trust,Mental Health and Learning Disability,RX3,"Tees, Esk and Wear Valleys NHS Foundation Trust","Finance, productivity and innovation",Productivity,OF0086,Relative cost difference (National Cost Collection Index),2025,rate,96.24,104.18,95.35,111.97,17.0
Q1 2026/27,North East and Yorkshire,Mental health and community trust,Mental Health and Learning Disability,RX4,"Cumbria, Northumberland, Tyne and Wear NHS Foundation Trust","Finance, productivity and innovation",Productivity,OF0086,Relative cost difference (National Cost Collection Index),2025,rate,112.32,104.18,95.35,111.97,44.0
Q1 2026/27,North West,Mental health and community trust,Mental Health and Learning Disability,RXA,Cheshire and Wirral Partnership NHS Foundation Trust,"Finance, productivity and innovation",Productivity,OF0086,Relative cost difference (National Cost Collection Index),2025,rate,122.79,104.18,95.35,111.97,57.0
Q1 2026/27,North East and Yorkshire,Mental health and community trust,Mental Health and Learning Disability,RXE,Rotherham Doncaster and South Humber NHS Foundation Trust,"Finance, productivity and innovation",Productivity,OF0086,Relative cost difference (National Cost Collection Index),2025,rate,87.91,104.18,95.35,111.97,6.0
Q1 2026/27,North East and Yorkshire,Mental health and community trust,Mental Health and Learning Disability,RXG,South West Yorkshire Partnership NHS Foundation Trust,"Finance, productivity and innovation",Productivity,OF0086,Relative cost difference (National Cost Collection Index),2025,rate,88.96,104.18,95.35,111.97,9.0
Q1 2026/27,Midlands,Mental health and community trust,Mental Health and Learning Disability,RXM,Derbyshire Healthcare NHS Foundation Trust,"Finance, productivity and innovation",Productivity,OF0086,Relative cost difference (National Cost Collection Index),2025,rate,85.7,104.18,95.35,111.97,3.0
Q1 2026/27,Midlands,Mental health and community trust,Mental Health and Learning Disability,RXT,Birmingham and Solihull Mental Health NHS Foundation Trust,"Finance, productivity and innovation",Productivity,OF0086,Relative cost difference (National Cost Collection Index),2025,rate,94.57,104.18,95.35,111.97,13.0
Q1 2026/27,North West,Mental health and community trust,Mental Health and Learning Disability,RXV,Greater Manchester Mental Health NHS Foundation Trust,"Finance, productivity and innovation",Productivity,OF0086,Relative cost difference (National Cost Collection Index),2025,rate,82.97,104.18,95.35,111.97,2.0
Q1 2026/27,South East,Mental health and community trust,Mental Health and Learning Disability,RXX,Surrey and Borders Partnership NHS Foundation Trust,"Finance, productivity and innovation",Productivity,OF0086,Relative cost difference (National Cost Collection Index),2025,rate,114.24,104.18,95.35,111.97,48.0
Q1 2026/27,South East,Mental health and community trust,Mental Health and Learning Disability,RXY,Kent and Medway Mental Health NHS Trust,"Finance, productivity and innovation",Productivity,OF0086,Relative cost difference (National Cost Collection Index),2025,rate,87.71,104.18,95.35,111.97,5.0
Q1 2026/27,East,Mental health and community trust,Community,RY3,Norfolk Community Health and Care NHS Trust,"Finance, productivity and innovation",Productivity,OF0086,Relative cost difference (National Cost Collection Index),2025,rate,100.75,104.18,95.35,111.97,26.0
Q1 2026/27,East,Mental health and community trust,Community,RY4,Hertfordshire Community NHS Trust,"Finance, productivity and innovation",Productivity,OF0086,Relative cost difference (National Cost Collection Index),2025,rate,109.21,104.18,95.35,111.97,39.0
Q1 2026/27,Midlands,Mental health and community trust,Community,RY5,Lincolnshire Community Health Services NHS Trust,"Finance, productivity and innovation",Productivity,OF0086,Relative cost difference (National Cost Collection Index),2025,rate,120.75,104.18,95.35,111.97,55.0
Q1 2026/27,North East and Yorkshire,Mental health and community trust,Community,RY6,Leeds Community Healthcare NHS Trust,"Finance, productivity and innovation",Productivity,OF0086,Relative cost difference (National Cost Collection Index),2025,rate,117.58,104.18,95.35,111.97,52.0
Q1 2026/27,North West,Mental health and community trust,Community,RY7,Wirral Community Health and Care NHS Foundation Trust,"Finance, productivity and innovation",Productivity,OF0086,Relative cost difference (National Cost Collection Index),2025,rate,87.14,104.18,95.35,111.97,4.0
Q1 2026/27,Midlands,Mental health and community trust,Community,RY8,Derbyshire Community Health Services NHS Foundation Trust,"Finance, productivity and innovation",Productivity,OF0086,Relative cost difference (National Cost Collection Index),2025,rate,107.23,104.18,95.35,111.97,36.0
Q1 2026/27,Midlands,Mental health and community trust,Mental Health and Learning Disability,RYG,Coventry and Warwickshire Partnership NHS Trust,"Finance, productivity and innovation",Productivity,OF0086,Relative cost difference (National Cost Collection Index),2025,rate,118.72,104.18,95.35,111.97,53.0
Q1 2026/27,Midlands,Mental health and community trust,Community,RYW,Birmingham Community Healthcare NHS Foundation Trust,"Finance, productivity and innovation",Productivity,OF0086,Relative cost difference (National Cost Collection Index),2025,rate,109.1,104.18,95.35,111.97,38.0
Q1 2026/27,London,Mental health and community trust,Community,RYX,Central London Community Healthcare NHS Trust,"Finance, productivity and innovation",Productivity,OF0086,Relative cost difference (National Cost Collection Index),2025,rate,110.71,104.18,95.35,111.97,41.0
Q1 2026/27,South East,Mental health and community trust,Community,RYY,Kent Community Health NHS Foundation Trust,"Finance, productivity and innovation",Productivity,OF0086,Relative cost difference (National Cost Collection Index),2025,rate,90.29,104.18,95.35,111.97,10.0
Q1 2026/27,North East and Yorkshire,Mental health and community trust,Care Trust,TAD,Bradford District Care NHS Foundation Trust,"Finance, productivity and innovation",Productivity,OF0086,Relative cost difference (National Cost Collection Index),2025,rate,106.45,104.18,95.35,111.97,34.0
Q1 2026/27,North East and Yorkshire,Mental health and community trust,Care Trust,TAH,Sheffield Health Partnership University NHS Foundation Trust,"Finance, productivity and innovation",Productivity,OF0086,Relative cost difference (National Cost Collection Index),2025,rate,104.17,104.18,95.35,111.97,29.0
Q1 2026/27,Midlands,Mental health and community trust,Mental Health and Learning Disability,TAJ,Black Country Healthcare NHS Foundation Trust,"Finance, productivity and innovation",Productivity,OF0086,Relative cost difference (National Cost Collection Index),2025,rate,116.84,104.18,95.35,111.97,51.0
Q1 2026/27,London,Mental health and community trust,Mental Health and Learning Disability,G6V2S,North London NHS Foundation Trust,Experience of care,Patient flow,OF0093,Mean length of stay for adult acute and psychiatric intensive care unit patients,Q1 26/27,days,70.0,46.0,41.0,53.5,44.0
Q1 2026/27,Midlands,Mental health and community trust,Community,R1A,Herefordshire and Worcestershire Health and Care NHS Trust,Experience of care,Patient flow,OF0093,Mean length of stay for adult acute and psychiatric intensive care unit patients,Q1 26/27,days,30.0,46.0,41.0,53.5,4.0
Q1 2026/27,East,Mental health and community trust,Mental Health and Learning Disability,R1L,Essex Partnership University NHS Foundation Trust,Experience of care,Patient flow,OF0093,Mean length of stay for adult acute and psychiatric intensive care unit patients,Q1 26/27,days,50.0,46.0,41.0,53.5,28.0
Q1 2026/27,London,Mental health and community trust,Mental Health and Learning Disability,RAT,North East London NHS Foundation Trust,Experience of care,Patient flow,OF0093,Mean length of stay for adult acute and psychiatric intensive care unit patients,Q1 26/27,days,36.0,46.0,41.0,53.5,6.0
Q1 2026/27,South West,Mental health and community trust,Mental Health and Learning Disability,RDY,Dorset Healthcare University NHS Foundation Trust,Experience of care,Patient flow,OF0093,Mean length of stay for adult acute and psychiatric intensive care unit patients,Q1 26/27,days,95.0,46.0,41.0,53.5,47.0
Q1 2026/27,North East and Yorkshire,Mental health and community trust,Mental Health and Learning Disability,RGD,Leeds and York Partnership NHS Foundation Trust,Experience of care,Patient flow,OF0093,Mean length of stay for adult acute and psychiatric intensive care unit patients,Q1 26/27,days,73.0,46.0,41.0,53.5,46.0
Q1 2026/27,Midlands,Mental health and community trust,Mental Health and Learning Disability,RHA,Nottinghamshire Healthcare NHS Foundation Trust,Experience of care,Patient flow,OF0093,Mean length of stay for adult acute and psychiatric intensive care unit patients,Q1 26/27,days,45.0,46.0,41.0,53.5,21.0
Q1 2026/27,South West,Mental health and community trust,Mental Health and Learning Disability,RJ8,Cornwall Partnership NHS Foundation Trust,Experience of care,Patient flow,OF0093,Mean length of stay for adult acute and psychiatric intensive care unit patients,Q1 26/27,days,41.0,46.0,41.0,53.5,11.0
Q1 2026/27,London,Mental health and community trust,Mental Health and Learning Disability,RKL,West London NHS Trust,Experience of care,Patient flow,OF0093,Mean length of stay for adult acute and psychiatric intensive care unit patients,Q1 26/27,days,43.0,46.0,41.0,53.5,16.0
Q1 2026/27,Midlands,Mental health and community trust,Mental Health and Learning Disability,RLY,North Staffordshire Combined Healthcare NHS Trust,Experience of care,Patient flow,OF0093,Mean length of stay for adult acute and psychiatric intensive care unit patients,Q1 26/27,days,29.0,46.0,41.0,53.5,3.0
Q1 2026/27,East,Mental health and community trust,Mental Health and Learning Disability,RMY,Norfolk and Suffolk NHS Foundation Trust,Experience of care,Patient flow,OF0093,Mean length of stay for adult acute and psychiatric intensive care unit patients,Q1 26/27,days,39.0,46.0,41.0,53.5,9.0
Q1 2026/27,South East,Mental health and community trust,Mental Health and Learning Disability,RNU,Oxford Health NHS Foundation Trust,Experience of care,Patient flow,OF0093,Mean length of stay for adult acute and psychiatric intensive care unit patients,Q1 26/27,days,42.0,46.0,41.0,53.5,14.0
Q1 2026/27,Midlands,Mental health and community trust,Mental Health and Learning Disability,RP1,Northamptonshire Healthcare NHS Foundation Trust,Experience of care,Patient flow,OF0093,Mean length of stay for adult acute and psychiatric intensive care unit patients,Q1 26/27,days,45.0,46.0,41.0,53.5,21.0
Q1 2026/27,Midlands,Mental health and community trust,Mental Health and Learning Disability,RP7,Lincolnshire Partnership NHS Foundation Trust,Experience of care,Patient flow,OF0093,Mean length of stay for adult acute and psychiatric intensive care unit patients,Q1 26/27,days,25.0,46.0,41.0,53.5,1.0
Q1 2026/27,London,Mental health and community trust,Mental Health and Learning Disability,RPG,Oxleas NHS Foundation Trust,Experience of care,Patient flow,OF0093,Mean length of stay for adult acute and psychiatric intensive care unit patients,Q1 26/27,days,42.0,46.0,41.0,53.5,14.0
Q1 2026/27,London,Mental health and community trust,Mental Health and Learning Disability,RQY,South West London and St George's Mental Health NHS Trust,Experience of care,Patient flow,OF0093,Mean length of stay for adult acute and psychiatric intensive care unit patients,Q1 26/27,days,56.0,46.0,41.0,53.5,39.0
Q1 2026/27,Midlands,Mental health and community trust,Mental Health and Learning Disability,RRE,Midlands Partnership University NHS Foundation Trust,Experience of care,Patient flow,OF0093,Mean length of stay for adult acute and psychiatric intensive care unit patients,Q1 26/27,days,41.0,46.0,41.0,53.5,11.0
Q1 2026/27,East,Mental health and community trust,Mental Health and Learning Disability,RT1,Cambridgeshire and Peterborough NHS Foundation Trust,Experience of care,Patient flow,OF0093,Mean length of stay for adult acute and psychiatric intensive care unit patients,Q1 26/27,days,44.0,46.0,41.0,53.5,17.0
Q1 2026/27,North West,Mental health and community trust,Mental Health and Learning Disability,RT2,Pennine Care NHS Foundation Trust,Experience of care,Patient flow,OF0093,Mean length of stay for adult acute and psychiatric intensive care unit patients,Q1 26/27,days,52.0,46.0,41.0,53.5,32.0
Q1 2026/27,Midlands,Mental health and community trust,Mental Health and Learning Disability,RT5,Leicestershire Partnership NHS Trust,Experience of care,Patient flow,OF0093,Mean length of stay for adult acute and psychiatric intensive care unit patients,Q1 26/27,days,51.0,46.0,41.0,53.5,30.0
Q1 2026/27,South West,Mental health and community trust,Mental Health and Learning Disability,RTQ,Gloucestershire Health and Care NHS Foundation Trust,Experience of care,Patient flow,OF0093,Mean length of stay for adult acute and psychiatric intensive care unit patients,Q1 26/27,days,60.0,46.0,41.0,53.5,41.0
Q1 2026/27,London,Mental health and community trust,Mental Health and Learning Disability,RV3,Central and North West London NHS Foundation Trust,Experience of care,Patient flow,OF0093,Mean length of stay for adult acute and psychiatric intensive care unit patients,Q1 26/27,days,36.0,46.0,41.0,53.5,6.0
Q1 2026/27,London,Mental health and community trust,Mental Health and Learning Disability,RV5,South London and Maudsley NHS Foundation Trust,Experience of care,Patient flow,OF0093,Mean length of stay for adult acute and psychiatric intensive care unit patients,Q1 26/27,days,41.0,46.0,41.0,53.5,11.0
Q1 2026/27,North East and Yorkshire,Mental health and community trust,Mental Health and Learning Disability,RV9,Humber Teaching NHS Foundation Trust,Experience of care,Patient flow,OF0093,Mean length of stay for adult acute and psychiatric intensive care unit patients,Q1 26/27,days,26.0,46.0,41.0,53.5,2.0
Q1 2026/27,South West,Mental health and community trust,Mental Health and Learning Disability,RVN,Avon and Wiltshire Mental Health Partnership NHS Trust,Experience of care,Patient flow,OF0093,Mean length of stay for adult acute and psychiatric intensive care unit patients,Q1 26/27,days,54.0,46.0,41.0,53.5,36.0
Q1 2026/27,South East,Mental health and community trust,Mental Health and Learning Disability,RW1,Hampshire and Isle of Wight Healthcare NHS Foundation Trust,Experience of care,Patient flow,OF0093,Mean length of stay for adult acute and psychiatric intensive care unit patients,Q1 26/27,days,48.0,46.0,41.0,53.5,26.0
Q1 2026/27,North West,Mental health and community trust,Mental Health and Learning Disability,RW4,Mersey Care NHS Foundation Trust,Experience of care,Patient flow,OF0093,Mean length of stay for adult acute and psychiatric intensive care unit patients,Q1 26/27,days,51.0,46.0,41.0,53.5,30.0
Q1 2026/27,North West,Mental health and community trust,Mental Health and Learning Disability,RW5,Lancashire & South Cumbria NHS Foundation Trust,Experience of care,Patient flow,OF0093,Mean length of stay for adult acute and psychiatric intensive care unit patients,Q1 26/27,days,63.0,46.0,41.0,53.5,42.0
Q1 2026/27,London,Mental health and community trust,Mental Health and Learning Disability,RWK,East London NHS Foundation Trust,Experience of care,Patient flow,OF0093,Mean length of stay for adult acute and psychiatric intensive care unit patients,Q1 26/27,days,46.0,46.0,41.0,53.5,23.0
Q1 2026/27,East,Mental health and community trust,Mental Health and Learning Disability,RWR,Hertfordshire Partnership University NHS Foundation Trust,Experience of care,Patient flow,OF0093,Mean length of stay for adult acute and psychiatric intensive care unit patients,Q1 26/27,days,44.0,46.0,41.0,53.5,17.0
Q1 2026/27,South West,Mental health and community trust,Mental Health and Learning Disability,RWV,Devon Partnership NHS Trust,Experience of care,Patient flow,OF0093,Mean length of stay for adult acute and psychiatric intensive care unit patients,Q1 26/27,days,59.0,46.0,41.0,53.5,40.0
Q1 2026/27,South East,Mental health and community trust,Mental Health and Learning Disability,RWX,Berkshire Healthcare NHS Foundation Trust,Experience of care,Patient flow,OF0093,Mean length of stay for adult acute and psychiatric intensive care unit patients,Q1 26/27,days,50.0,46.0,41.0,53.5,28.0
Q1 2026/27,South East,Mental health and community trust,Mental Health and Learning Disability,RX2,Sussex Partnership NHS Foundation Trust,Experience of care,Patient flow,OF0093,Mean length of stay for adult acute and psychiatric intensive care unit patients,Q1 26/27,days,55.0,46.0,41.0,53.5,38.0
Q1 2026/27,North East and Yorkshire,Mental health and community trust,Mental Health and Learning Disability,RX3,"Tees, Esk and Wear Valleys NHS Foundation Trust",Experience of care,Patient flow,OF0093,Mean length of stay for adult acute and psychiatric intensive care unit patients,Q1 26/27,days,30.0,46.0,41.0,53.5,4.0
Q1 2026/27,North East and Yorkshire,Mental health and community trust,Mental Health and Learning Disability,RX4,"Cumbria, Northumberland, Tyne and Wear NHS Foundation Trust",Experience of care,Patient flow,OF0093,Mean length of stay for adult acute and psychiatric intensive care unit patients,Q1 26/27,days,53.0,46.0,41.0,53.5,34.0
Q1 2026/27,North West,Mental health and community trust,Mental Health and Learning Disability,RXA,Cheshire and Wirral Partnership NHS Foundation Trust,Experience of care,Patient flow,OF0093,Mean length of stay for adult acute and psychiatric intensive care unit patients,Q1 26/27,days,44.0,46.0,41.0,53.5,17.0
Q1 2026/27,North East and Yorkshire,Mental health and community trust,Mental Health and Learning Disability,RXE,Rotherham Doncaster and South Humber NHS Foundation Trust,Experience of care,Patient flow,OF0093,Mean length of stay for adult acute and psychiatric intensive care unit patients,Q1 26/27,days,39.0,46.0,41.0,53.5,9.0
Q1 2026/27,North East and Yorkshire,Mental health and community trust,Mental Health and Learning Disability,RXG,South West Yorkshire Partnership NHS Foundation Trust,Experience of care,Patient flow,OF0093,Mean length of stay for adult acute and psychiatric intensive care unit patients,Q1 26/27,days,46.0,46.0,41.0,53.5,23.0
Q1 2026/27,Midlands,Mental health and community trust,Mental Health and Learning Disability,RXM,Derbyshire Healthcare NHS Foundation Trust,Experience of care,Patient flow,OF0093,Mean length of stay for adult acute and psychiatric intensive care unit patients,Q1 26/27,days,54.0,46.0,41.0,53.5,36.0
Q1 2026/27,Midlands,Mental health and community trust,Mental Health and Learning Disability,RXT,Birmingham and Solihull Mental Health NHS Foundation Trust,Experience of care,Patient flow,OF0093,Mean length of stay for adult acute and psychiatric intensive care unit patients,Q1 26/27,days,70.0,46.0,41.0,53.5,44.0
Q1 2026/27,North West,Mental health and community trust,Mental Health and Learning Disability,RXV,Greater Manchester Mental Health NHS Foundation Trust,Experience of care,Patient flow,OF0093,Mean length of stay for adult acute and psychiatric intensive care unit patients,Q1 26/27,days,68.0,46.0,41.0,53.5,43.0
Q1 2026/27,South East,Mental health and community trust,Mental Health and Learning Disability,RXX,Surrey and Borders Partnership NHS Foundation Trust,Experience of care,Patient flow,OF0093,Mean length of stay for adult acute and psychiatric intensive care unit patients,Q1 26/27,days,53.0,46.0,41.0,53.5,34.0
Q1 2026/27,South East,Mental health and community trust,Mental Health and Learning Disability,RXY,Kent and Medway Mental Health NHS Trust,Experience of care,Patient flow,OF0093,Mean length of stay for adult acute and psychiatric intensive care unit patients,Q1 26/27,days,52.0,46.0,41.0,53.5,32.0
Q1 2026/27,Midlands,Mental health and community trust,Mental Health and Learning Disability,RYG,Coventry and Warwickshire Partnership NHS Trust,Experience of care,Patient flow,OF0093,Mean length of stay for adult acute and psychiatric intensive care unit patients,Q1 26/27,days,47.0,46.0,41.0,53.5,25.0
Q1 2026/27,North East and Yorkshire,Mental health and community trust,Care Trust,TAD,Bradford District Care NHS Foundation Trust,Experience of care,Patient flow,OF0093,Mean length of stay for adult acute and psychiatric intensive care unit patients,Q1 26/27,days,48.0,46.0,41.0,53.5,26.0
Q1 2026/27,North East and Yorkshire,Mental health and community trust,Care Trust,TAH,Sheffield Health Partnership University NHS Foundation Trust,Experience of care,Patient flow,OF0093,Mean length of stay for adult acute and psychiatric intensive care unit patients,Q1 26/27,days,37.0,46.0,41.0,53.5,8.0
Q1 2026/27,Midlands,Mental health and community trust,Mental Health and Learning Disability,TAJ,Black Country Healthcare NHS Foundation Trust,Experience of care,Patient flow,OF0093,Mean length of stay for adult acute and psychiatric intensive care unit patients,Q1 26/27,days,44.0,46.0,41.0,53.5,17.0
Q1 2026/27,London,Mental health and community trust,Mental Health and Learning Disability,G6V2S,North London NHS Foundation Trust,"Finance, productivity and innovation",Innovation,OF0094,Percentage of clinical trials set up within 90 days,Q1 26/27,rate,100.0,57.14,50.0,100.0,1.0
Q1 2026/27,Midlands,Mental health and community trust,Community,R1A,Herefordshire and Worcestershire Health and Care NHS Trust,"Finance, productivity and innovation",Innovation,OF0094,Percentage of clinical trials set up within 90 days,Q1 26/27,rate,100.0,57.14,50.0,100.0,1.0
Q1 2026/27,Midlands,Mental health and community trust,Community,R1D,Shropshire Community Health NHS Trust,"Finance, productivity and innovation",Innovation,OF0094,Percentage of clinical trials set up within 90 days,Q1 26/27,rate,0.0,57.14,50.0,100.0,38.0
Q1 2026/27,London,Mental health and community trust,Mental Health and Learning Disability,RAT,North East London NHS Foundation Trust,"Finance, productivity and innovation",Innovation,OF0094,Percentage of clinical trials set up within 90 days,Q1 26/27,rate,100.0,57.14,50.0,100.0,1.0
Q1 2026/27,South East,Mental health and community trust,Community,RDR,Sussex Community NHS Foundation Trust,"Finance, productivity and innovation",Innovation,OF0094,Percentage of clinical trials set up within 90 days,Q1 26/27,rate,50.0,57.14,50.0,100.0,25.0
Q1 2026/27,Midlands,Mental health and community trust,Mental Health and Learning Disability,RHA,Nottinghamshire Healthcare NHS Foundation Trust,"Finance, productivity and innovation",Innovation,OF0094,Percentage of clinical trials set up within 90 days,Q1 26/27,rate,25.0,57.14,50.0,100.0,37.0
Q1 2026/27,South West,Mental health and community trust,Mental Health and Learning Disability,RJ8,Cornwall Partnership NHS Foundation Trust,"Finance, productivity and innovation",Innovation,OF0094,Percentage of clinical trials set up within 90 days,Q1 26/27,rate,50.0,57.14,50.0,100.0,25.0
Q1 2026/27,London,Mental health and community trust,Mental Health and Learning Disability,RKL,West London NHS Trust,"Finance, productivity and innovation",Innovation,OF0094,Percentage of clinical trials set up within 90 days,Q1 26/27,rate,100.0,57.14,50.0,100.0,1.0
Q1 2026/27,Midlands,Mental health and community trust,Mental Health and Learning Disability,RLY,North Staffordshire Combined Healthcare NHS Trust,"Finance, productivity and innovation",Innovation,OF0094,Percentage of clinical trials set up within 90 days,Q1 26/27,rate,0.0,57.14,50.0,100.0,38.0
Q1 2026/27,South East,Mental health and community trust,Mental Health and Learning Disability,RNU,Oxford Health NHS Foundation Trust,"Finance, productivity and innovation",Innovation,OF0094,Percentage of clinical trials set up within 90 days,Q1 26/27,rate,0.0,57.14,50.0,100.0,38.0
Q1 2026/27,Midlands,Mental health and community trust,Mental Health and Learning Disability,RP1,Northamptonshire Healthcare NHS Foundation Trust,"Finance, productivity and innovation",Innovation,OF0094,Percentage of clinical trials set up within 90 days,Q1 26/27,rate,50.0,57.14,50.0,100.0,25.0
Q1 2026/27,Midlands,Mental health and community trust,Mental Health and Learning Disability,RP7,Lincolnshire Partnership NHS Foundation Trust,"Finance, productivity and innovation",Innovation,OF0094,Percentage of clinical trials set up within 90 days,Q1 26/27,rate,50.0,57.14,50.0,100.0,25.0
Q1 2026/27,London,Mental health and community trust,Mental Health and Learning Disability,RPG,Oxleas NHS Foundation Trust,"Finance, productivity and innovation",Innovation,OF0094,Percentage of clinical trials set up within 90 days,Q1 26/27,rate,0.0,57.14,50.0,100.0,38.0
Q1 2026/27,London,Mental health and community trust,Mental Health and Learning Disability,RQY,South West London and St George's Mental Health NHS Trust,"Finance, productivity and innovation",Innovation,OF0094,Percentage of clinical trials set up within 90 days,Q1 26/27,rate,100.0,57.14,50.0,100.0,1.0
Q1 2026/27,Midlands,Mental health and community trust,Mental Health and Learning Disability,RRE,Midlands Partnership University NHS Foundation Trust,"Finance, productivity and innovation",Innovation,OF0094,Percentage of clinical trials set up within 90 days,Q1 26/27,rate,100.0,57.14,50.0,100.0,1.0
Q1 2026/27,East,Mental health and community trust,Mental Health and Learning Disability,RT1,Cambridgeshire and Peterborough NHS Foundation Trust,"Finance, productivity and innovation",Innovation,OF0094,Percentage of clinical trials set up within 90 days,Q1 26/27,rate,50.0,57.14,50.0,100.0,25.0
Q1 2026/27,South West,Mental health and community trust,Mental Health and Learning Disability,RTQ,Gloucestershire Health and Care NHS Foundation Trust,"Finance, productivity and innovation",Innovation,OF0094,Percentage of clinical trials set up within 90 days,Q1 26/27,rate,50.0,57.14,50.0,100.0,25.0
Q1 2026/27,London,Mental health and community trust,Mental Health and Learning Disability,RV3,Central and North West London NHS Foundation Trust,"Finance, productivity and innovation",Innovation,OF0094,Percentage of clinical trials set up within 90 days,Q1 26/27,rate,50.0,57.14,50.0,100.0,25.0
Q1 2026/27,London,Mental health and community trust,Mental Health and Learning Disability,RV5,South London and Maudsley NHS Foundation Trust,"Finance, productivity and innovation",Innovation,OF0094,Percentage of clinical trials set up within 90 days,Q1 26/27,rate,55.56,57.14,50.0,100.0,24.0
Q1 2026/27,North East and Yorkshire,Mental health and community trust,Mental Health and Learning Disability,RV9,Humber Teaching NHS Foundation Trust,"Finance, productivity and innovation",Innovation,OF0094,Percentage of clinical trials set up within 90 days,Q1 26/27,rate,100.0,57.14,50.0,100.0,1.0
Q1 2026/27,South West,Mental health and community trust,Mental Health and Learning Disability,RVN,Avon and Wiltshire Mental Health Partnership NHS Trust,"Finance, productivity and innovation",Innovation,OF0094,Percentage of clinical trials set up within 90 days,Q1 26/27,rate,0.0,57.14,50.0,100.0,38.0
Q1 2026/27,South East,Mental health and community trust,Mental Health and Learning Disability,RW1,Hampshire and Isle of Wight Healthcare NHS Foundation Trust,"Finance, productivity and innovation",Innovation,OF0094,Percentage of clinical trials set up within 90 days,Q1 26/27,rate,100.0,57.14,50.0,100.0,1.0
Q1 2026/27,North West,Mental health and community trust,Mental Health and Learning Disability,RW4,Mersey Care NHS Foundation Trust,"Finance, productivity and innovation",Innovation,OF0094,Percentage of clinical trials set up within 90 days,Q1 26/27,rate,100.0,57.14,50.0,100.0,1.0
Q1 2026/27,North West,Mental health and community trust,Mental Health and Learning Disability,RW5,Lancashire & South Cumbria NHS Foundation Trust,"Finance, productivity and innovation",Innovation,OF0094,Percentage of clinical trials set up within 90 days,Q1 26/27,rate,50.0,57.14,50.0,100.0,25.0
Q1 2026/27,East,Mental health and community trust,Mental Health and Learning Disability,RWR,Hertfordshire Partnership University NHS Foundation Trust,"Finance, productivity and innovation",Innovation,OF0094,Percentage of clinical trials set up within 90 days,Q1 26/27,rate,100.0,57.14,50.0,100.0,1.0
Q1 2026/27,South West,Mental health and community trust,Mental Health and Learning Disability,RWV,Devon Partnership NHS Trust,"Finance, productivity and innovation",Innovation,OF0094,Percentage of clinical trials set up within 90 days,Q1 26/27,rate,85.71,57.14,50.0,100.0,20.0
Q1 2026/27,South East,Mental health and community trust,Mental Health and Learning Disability,RWX,Berkshire Healthcare NHS Foundation Trust,"Finance, productivity and innovation",Innovation,OF0094,Percentage of clinical trials set up within 90 days,Q1 26/27,rate,100.0,57.14,50.0,100.0,1.0
Q1 2026/27,South East,Mental health and community trust,Mental Health and Learning Disability,RX2,Sussex Partnership NHS Foundation Trust,"Finance, productivity and innovation",Innovation,OF0094,Percentage of clinical trials set up within 90 days,Q1 26/27,rate,33.33,57.14,50.0,100.0,36.0
Q1 2026/27,North East and Yorkshire,Mental health and community trust,Mental Health and Learning Disability,RX3,"Tees, Esk and Wear Valleys NHS Foundation Trust","Finance, productivity and innovation",Innovation,OF0094,Percentage of clinical trials set up within 90 days,Q1 26/27,rate,75.0,57.14,50.0,100.0,21.0
Q1 2026/27,North East and Yorkshire,Mental health and community trust,Mental Health and Learning Disability,RX4,"Cumbria, Northumberland, Tyne and Wear NHS Foundation Trust","Finance, productivity and innovation",Innovation,OF0094,Percentage of clinical trials set up within 90 days,Q1 26/27,rate,50.0,57.14,50.0,100.0,25.0
Q1 2026/27,North East and Yorkshire,Mental health and community trust,Mental Health and Learning Disability,RXE,Rotherham Doncaster and South Humber NHS Foundation Trust,"Finance, productivity and innovation",Innovation,OF0094,Percentage of clinical trials set up within 90 days,Q1 26/27,rate,100.0,57.14,50.0,100.0,1.0
Q1 2026/27,North East and Yorkshire,Mental health and community trust,Mental Health and Learning Disability,RXG,South West Yorkshire Partnership NHS Foundation Trust,"Finance, productivity and innovation",Innovation,OF0094,Percentage of clinical trials set up within 90 days,Q1 26/27,rate,50.0,57.14,50.0,100.0,25.0
Q1 2026/27,Midlands,Mental health and community trust,Mental Health and Learning Disability,RXM,Derbyshire Healthcare NHS Foundation Trust,"Finance, productivity and innovation",Innovation,OF0094,Percentage of clinical trials set up within 90 days,Q1 26/27,rate,100.0,57.14,50.0,100.0,1.0
Q1 2026/27,Midlands,Mental health and community trust,Mental Health and Learning Disability,RXT,Birmingham and Solihull Mental Health NHS Foundation Trust,"Finance, productivity and innovation",Innovation,OF0094,Percentage of clinical trials set up within 90 days,Q1 26/27,rate,100.0,57.14,50.0,100.0,1.0
Q1 2026/27,South East,Mental health and community trust,Mental Health and Learning Disability,RXX,Surrey and Borders Partnership NHS Foundation Trust,"Finance, productivity and innovation",Innovation,OF0094,Percentage of clinical trials set up within 90 days,Q1 26/27,rate,57.14,57.14,50.0,100.0,23.0
Q1 2026/27,South East,Mental health and community trust,Mental Health and Learning Disability,RXY,Kent and Medway Mental Health NHS Trust,"Finance, productivity and innovation",Innovation,OF0094,Percentage of clinical trials set up within 90 days,Q1 26/27,rate,100.0,57.14,50.0,100.0,1.0
Q1 2026/27,East,Mental health and community trust,Community,RY3,Norfolk Community Health and Care NHS Trust,"Finance, productivity and innovation",Innovation,OF0094,Percentage of clinical trials set up within 90 days,Q1 26/27,rate,100.0,57.14,50.0,100.0,1.0
Q1 2026/27,East,Mental health and community trust,Community,RY4,Hertfordshire Community NHS Trust,"Finance, productivity and innovation",Innovation,OF0094,Percentage of clinical trials set up within 90 days,Q1 26/27,rate,100.0,57.14,50.0,100.0,1.0
Q1 2026/27,North East and Yorkshire,Mental health and community trust,Community,RY6,Leeds Community Healthcare NHS Trust,"Finance, productivity and innovation",Innovation,OF0094,Percentage of clinical trials set up within 90 days,Q1 26/27,rate,0.0,57.14,50.0,100.0,38.0
Q1 2026/27,Midlands,Mental health and community trust,Mental Health and Learning Disability,RYG,Coventry and Warwickshire Partnership NHS Trust,"Finance, productivity and innovation",Innovation,OF0094,Percentage of clinical trials set up within 90 days,Q1 26/27,rate,0.0,57.14,50.0,100.0,38.0
Q1 2026/27,Midlands,Mental health and community trust,Community,RYW,Birmingham Community Healthcare NHS Foundation Trust,"Finance, productivity and innovation",Innovation,OF0094,Percentage of clinical trials set up within 90 days,Q1 26/27,rate,100.0,57.14,50.0,100.0,1.0
Q1 2026/27,London,Mental health and community trust,Community,RYX,Central London Community Healthcare NHS Trust,"Finance, productivity and innovation",Innovation,OF0094,Percentage of clinical trials set up within 90 days,Q1 26/27,rate,0.0,57.14,50.0,100.0,38.0
Q1 2026/27,South East,Mental health and community trust,Community,RYY,Kent Community Health NHS Foundation Trust,"Finance, productivity and innovation",Innovation,OF0094,Percentage of clinical trials set up within 90 days,Q1 26/27,rate,66.67,57.14,50.0,100.0,22.0
Q1 2026/27,North East and Yorkshire,Mental health and community trust,Care Trust,TAD,Bradford District Care NHS Foundation Trust,"Finance, productivity and innovation",Innovation,OF0094,Percentage of clinical trials set up within 90 days,Q1 26/27,rate,100.0,57.14,50.0,100.0,1.0
Q1 2026/27,North East and Yorkshire,Mental health and community trust,Care Trust,TAH,Sheffield Health Partnership University NHS Foundation Trust,"Finance, productivity and innovation",Innovation,OF0094,Percentage of clinical trials set up within 90 days,Q1 26/27,rate,50.0,57.14,50.0,100.0,25.0
Q1 2026/27,London,Mental health and community trust,Mental Health and Learning Disability,G6V2S,North London NHS Foundation Trust,Experience of care,Patient flow,OF0095,Mean length of stay for older adult acute mental health patients  ,Q1 26/27,days,133.0,91.5,78.75,112.0,44.0
Q1 2026/27,Midlands,Mental health and community trust,Community,R1A,Herefordshire and Worcestershire Health and Care NHS Trust,Experience of care,Patient flow,OF0095,Mean length of stay for older adult acute mental health patients  ,Q1 26/27,days,77.0,91.5,78.75,112.0,10.0
Q1 2026/27,East,Mental health and community trust,Mental Health and Learning Disability,R1L,Essex Partnership University NHS Foundation Trust,Experience of care,Patient flow,OF0095,Mean length of stay for older adult acute mental health patients  ,Q1 26/27,days,93.0,91.5,78.75,112.0,27.0
Q1 2026/27,London,Mental health and community trust,Mental Health and Learning Disability,RAT,North East London NHS Foundation Trust,Experience of care,Patient flow,OF0095,Mean length of stay for older adult acute mental health patients  ,Q1 26/27,days,79.0,91.5,78.75,112.0,13.0
Q1 2026/27,South West,Mental health and community trust,Mental Health and Learning Disability,RDY,Dorset Healthcare University NHS Foundation Trust,Experience of care,Patient flow,OF0095,Mean length of stay for older adult acute mental health patients  ,Q1 26/27,days,120.0,91.5,78.75,112.0,40.0
Q1 2026/27,North East and Yorkshire,Mental health and community trust,Mental Health and Learning Disability,RGD,Leeds and York Partnership NHS Foundation Trust,Experience of care,Patient flow,OF0095,Mean length of stay for older adult acute mental health patients  ,Q1 26/27,days,115.0,91.5,78.75,112.0,37.0
Q1 2026/27,Midlands,Mental health and community trust,Mental Health and Learning Disability,RHA,Nottinghamshire Healthcare NHS Foundation Trust,Experience of care,Patient flow,OF0095,Mean length of stay for older adult acute mental health patients  ,Q1 26/27,days,93.0,91.5,78.75,112.0,27.0
Q1 2026/27,South West,Mental health and community trust,Mental Health and Learning Disability,RJ8,Cornwall Partnership NHS Foundation Trust,Experience of care,Patient flow,OF0095,Mean length of stay for older adult acute mental health patients  ,Q1 26/27,days,89.0,91.5,78.75,112.0,19.0
Q1 2026/27,London,Mental health and community trust,Mental Health and Learning Disability,RKL,West London NHS Trust,Experience of care,Patient flow,OF0095,Mean length of stay for older adult acute mental health patients  ,Q1 26/27,days,136.0,91.5,78.75,112.0,45.0
Q1 2026/27,Midlands,Mental health and community trust,Mental Health and Learning Disability,RLY,North Staffordshire Combined Healthcare NHS Trust,Experience of care,Patient flow,OF0095,Mean length of stay for older adult acute mental health patients  ,Q1 26/27,days,50.0,91.5,78.75,112.0,1.0
Q1 2026/27,East,Mental health and community trust,Mental Health and Learning Disability,RMY,Norfolk and Suffolk NHS Foundation Trust,Experience of care,Patient flow,OF0095,Mean length of stay for older adult acute mental health patients  ,Q1 26/27,days,111.0,91.5,78.75,112.0,36.0
Q1 2026/27,South East,Mental health and community trust,Mental Health and Learning Disability,RNU,Oxford Health NHS Foundation Trust,Experience of care,Patient flow,OF0095,Mean length of stay for older adult acute mental health patients  ,Q1 26/27,days,58.0,91.5,78.75,112.0,4.0
Q1 2026/27,Midlands,Mental health and community trust,Mental Health and Learning Disability,RP1,Northamptonshire Healthcare NHS Foundation Trust,Experience of care,Patient flow,OF0095,Mean length of stay for older adult acute mental health patients  ,Q1 26/27,days,57.0,91.5,78.75,112.0,2.0
Q1 2026/27,Midlands,Mental health and community trust,Mental Health and Learning Disability,RP7,Lincolnshire Partnership NHS Foundation Trust,Experience of care,Patient flow,OF0095,Mean length of stay for older adult acute mental health patients  ,Q1 26/27,days,137.0,91.5,78.75,112.0,46.0
Q1 2026/27,London,Mental health and community trust,Mental Health and Learning Disability,RPG,Oxleas NHS Foundation Trust,Experience of care,Patient flow,OF0095,Mean length of stay for older adult acute mental health patients  ,Q1 26/27,days,110.0,91.5,78.75,112.0,35.0
Q1 2026/27,London,Mental health and community trust,Mental Health and Learning Disability,RQY,South West London and St George's Mental Health NHS Trust,Experience of care,Patient flow,OF0095,Mean length of stay for older adult acute mental health patients  ,Q1 26/27,days,121.0,91.5,78.75,112.0,41.0
Q1 2026/27,Midlands,Mental health and community trust,Mental Health and Learning Disability,RRE,Midlands Partnership University NHS Foundation Trust,Experience of care,Patient flow,OF0095,Mean length of stay for older adult acute mental health patients  ,Q1 26/27,days,88.0,91.5,78.75,112.0,18.0
Q1 2026/27,East,Mental health and community trust,Mental Health and Learning Disability,RT1,Cambridgeshire and Peterborough NHS Foundation Trust,Experience of care,Patient flow,OF0095,Mean length of stay for older adult acute mental health patients  ,Q1 26/27,days,77.0,91.5,78.75,112.0,10.0
Q1 2026/27,North West,Mental health and community trust,Mental Health and Learning Disability,RT2,Pennine Care NHS Foundation Trust,Experience of care,Patient flow,OF0095,Mean length of stay for older adult acute mental health patients  ,Q1 26/27,days,92.0,91.5,78.75,112.0,25.0
Q1 2026/27,Midlands,Mental health and community trust,Mental Health and Learning Disability,RT5,Leicestershire Partnership NHS Trust,Experience of care,Patient flow,OF0095,Mean length of stay for older adult acute mental health patients  ,Q1 26/27,days,87.0,91.5,78.75,112.0,16.0
Q1 2026/27,South West,Mental health and community trust,Mental Health and Learning Disability,RTQ,Gloucestershire Health and Care NHS Foundation Trust,Experience of care,Patient flow,OF0095,Mean length of stay for older adult acute mental health patients  ,Q1 26/27,days,148.0,91.5,78.75,112.0,47.0
Q1 2026/27,London,Mental health and community trust,Mental Health and Learning Disability,RV3,Central and North West London NHS Foundation Trust,Experience of care,Patient flow,OF0095,Mean length of stay for older adult acute mental health patients  ,Q1 26/27,days,99.0,91.5,78.75,112.0,29.0
Q1 2026/27,London,Mental health and community trust,Mental Health and Learning Disability,RV5,South London and Maudsley NHS Foundation Trust,Experience of care,Patient flow,OF0095,Mean length of stay for older adult acute mental health patients  ,Q1 26/27,days,65.0,91.5,78.75,112.0,5.0
Q1 2026/27,North East and Yorkshire,Mental health and community trust,Mental Health and Learning Disability,RV9,Humber Teaching NHS Foundation Trust,Experience of care,Patient flow,OF0095,Mean length of stay for older adult acute mental health patients  ,Q1 26/27,days,76.0,91.5,78.75,112.0,8.0
Q1 2026/27,South West,Mental health and community trust,Mental Health and Learning Disability,RVN,Avon and Wiltshire Mental Health Partnership NHS Trust,Experience of care,Patient flow,OF0095,Mean length of stay for older adult acute mental health patients  ,Q1 26/27,days,102.0,91.5,78.75,112.0,31.0
Q1 2026/27,South East,Mental health and community trust,Mental Health and Learning Disability,RW1,Hampshire and Isle of Wight Healthcare NHS Foundation Trust,Experience of care,Patient flow,OF0095,Mean length of stay for older adult acute mental health patients  ,Q1 26/27,days,117.0,91.5,78.75,112.0,39.0
Q1 2026/27,North West,Mental health and community trust,Mental Health and Learning Disability,RW4,Mersey Care NHS Foundation Trust,Experience of care,Patient flow,OF0095,Mean length of stay for older adult acute mental health patients  ,Q1 26/27,days,89.0,91.5,78.75,112.0,19.0
Q1 2026/27,North West,Mental health and community trust,Mental Health and Learning Disability,RW5,Lancashire & South Cumbria NHS Foundation Trust,Experience of care,Patient flow,OF0095,Mean length of stay for older adult acute mental health patients  ,Q1 26/27,days,126.0,91.5,78.75,112.0,42.0
Q1 2026/27,London,Mental health and community trust,Mental Health and Learning Disability,RWK,East London NHS Foundation Trust,Experience of care,Patient flow,OF0095,Mean length of stay for older adult acute mental health patients  ,Q1 26/27,days,107.0,91.5,78.75,112.0,33.0
Q1 2026/27,East,Mental health and community trust,Mental Health and Learning Disability,RWR,Hertfordshire Partnership University NHS Foundation Trust,Experience of care,Patient flow,OF0095,Mean length of stay for older adult acute mental health patients  ,Q1 26/27,days,78.0,91.5,78.75,112.0,12.0
Q1 2026/27,South West,Mental health and community trust,Mental Health and Learning Disability,RWV,Devon Partnership NHS Trust,Experience of care,Patient flow,OF0095,Mean length of stay for older adult acute mental health patients  ,Q1 26/27,days,91.0,91.5,78.75,112.0,23.0
Q1 2026/27,South East,Mental health and community trust,Mental Health and Learning Disability,RWX,Berkshire Healthcare NHS Foundation Trust,Experience of care,Patient flow,OF0095,Mean length of stay for older adult acute mental health patients  ,Q1 26/27,days,91.0,91.5,78.75,112.0,23.0
Q1 2026/27,South East,Mental health and community trust,Mental Health and Learning Disability,RX2,Sussex Partnership NHS Foundation Trust,Experience of care,Patient flow,OF0095,Mean length of stay for older adult acute mental health patients  ,Q1 26/27,days,101.0,91.5,78.75,112.0,30.0
Q1 2026/27,North East and Yorkshire,Mental health and community trust,Mental Health and Learning Disability,RX3,"Tees, Esk and Wear Valleys NHS Foundation Trust",Experience of care,Patient flow,OF0095,Mean length of stay for older adult acute mental health patients  ,Q1 26/27,days,74.0,91.5,78.75,112.0,7.0
Q1 2026/27,North East and Yorkshire,Mental health and community trust,Mental Health and Learning Disability,RX4,"Cumbria, Northumberland, Tyne and Wear NHS Foundation Trust",Experience of care,Patient flow,OF0095,Mean length of stay for older adult acute mental health patients  ,Q1 26/27,days,92.0,91.5,78.75,112.0,25.0
Q1 2026/27,North West,Mental health and community trust,Mental Health and Learning Disability,RXA,Cheshire and Wirral Partnership NHS Foundation Trust,Experience of care,Patient flow,OF0095,Mean length of stay for older adult acute mental health patients  ,Q1 26/27,days,82.0,91.5,78.75,112.0,15.0
Q1 2026/27,North East and Yorkshire,Mental health and community trust,Mental Health and Learning Disability,RXE,Rotherham Doncaster and South Humber NHS Foundation Trust,Experience of care,Patient flow,OF0095,Mean length of stay for older adult acute mental health patients  ,Q1 26/27,days,57.0,91.5,78.75,112.0,2.0
Q1 2026/27,North East and Yorkshire,Mental health and community trust,Mental Health and Learning Disability,RXG,South West Yorkshire Partnership NHS Foundation Trust,Experience of care,Patient flow,OF0095,Mean length of stay for older adult acute mental health patients  ,Q1 26/27,days,90.0,91.5,78.75,112.0,22.0
Q1 2026/27,Midlands,Mental health and community trust,Mental Health and Learning Disability,RXM,Derbyshire Healthcare NHS Foundation Trust,Experience of care,Patient flow,OF0095,Mean length of stay for older adult acute mental health patients  ,Q1 26/27,days,79.0,91.5,78.75,112.0,13.0
Q1 2026/27,Midlands,Mental health and community trust,Mental Health and Learning Disability,RXT,Birmingham and Solihull Mental Health NHS Foundation Trust,Experience of care,Patient flow,OF0095,Mean length of stay for older adult acute mental health patients  ,Q1 26/27,days,103.0,91.5,78.75,112.0,32.0
Q1 2026/27,North West,Mental health and community trust,Mental Health and Learning Disability,RXV,Greater Manchester Mental Health NHS Foundation Trust,Experience of care,Patient flow,OF0095,Mean length of stay for older adult acute mental health patients  ,Q1 26/27,days,163.0,91.5,78.75,112.0,48.0
Q1 2026/27,South East,Mental health and community trust,Mental Health and Learning Disability,RXX,Surrey and Borders Partnership NHS Foundation Trust,Experience of care,Patient flow,OF0095,Mean length of stay for older adult acute mental health patients  ,Q1 26/27,days,87.0,91.5,78.75,112.0,16.0
Q1 2026/27,South East,Mental health and community trust,Mental Health and Learning Disability,RXY,Kent and Medway Mental Health NHS Trust,Experience of care,Patient flow,OF0095,Mean length of stay for older adult acute mental health patients  ,Q1 26/27,days,108.0,91.5,78.75,112.0,34.0
Q1 2026/27,Midlands,Mental health and community trust,Community,RY8,Derbyshire Community Health Services NHS Foundation Trust,Experience of care,Patient flow,OF0095,Mean length of stay for older adult acute mental health patients  ,Q1 26/27,days,73.0,91.5,78.75,112.0,6.0
Q1 2026/27,Midlands,Mental health and community trust,Mental Health and Learning Disability,RYG,Coventry and Warwickshire Partnership NHS Trust,Experience of care,Patient flow,OF0095,Mean length of stay for older adult acute mental health patients  ,Q1 26/27,days,130.0,91.5,78.75,112.0,43.0
Q1 2026/27,North East and Yorkshire,Mental health and community trust,Care Trust,TAD,Bradford District Care NHS Foundation Trust,Experience of care,Patient flow,OF0095,Mean length of stay for older adult acute mental health patients  ,Q1 26/27,days,89.0,91.5,78.75,112.0,19.0
Q1 2026/27,North East and Yorkshire,Mental health and community trust,Care Trust,TAH,Sheffield Health Partnership University NHS Foundation Trust,Experience of care,Patient flow,OF0095,Mean length of stay for older adult acute mental health patients  ,Q1 26/27,days,76.0,91.5,78.75,112.0,8.0
Q1 2026/27,Midlands,Mental health and community trust,Mental Health and Learning Disability,TAJ,Black Country Healthcare NHS Foundation Trust,Experience of care,Patient flow,OF0095,Mean length of stay for older adult acute mental health patients  ,Q1 26/27,days,115.0,91.5,78.75,112.0,37.0
Q1 2026/27,London,Mental health and community trust,Mental Health and Learning Disability,G6V2S,North London NHS Foundation Trust,"Finance, productivity and innovation",Innovation,OF0096,Overall Data Quality Maturity Index,M1 26/27,index,93.5,93.55,90.5,96.38,30.0
Q1 2026/27,Midlands,Mental health and community trust,Community,R1A,Herefordshire and Worcestershire Health and Care NHS Trust,"Finance, productivity and innovation",Innovation,OF0096,Overall Data Quality Maturity Index,M1 26/27,index,91.4,93.55,90.5,96.38,41.0
Q1 2026/27,Midlands,Mental health and community trust,Community,R1D,Shropshire Community Health NHS Trust,"Finance, productivity and innovation",Innovation,OF0096,Overall Data Quality Maturity Index,M1 26/27,index,97.0,93.55,90.5,96.38,6.0
Q1 2026/27,East,Mental health and community trust,Mental Health and Learning Disability,R1L,Essex Partnership University NHS Foundation Trust,"Finance, productivity and innovation",Innovation,OF0096,Overall Data Quality Maturity Index,M1 26/27,index,91.6,93.55,90.5,96.38,39.0
Q1 2026/27,London,Mental health and community trust,Mental Health and Learning Disability,RAT,North East London NHS Foundation Trust,"Finance, productivity and innovation",Innovation,OF0096,Overall Data Quality Maturity Index,M1 26/27,index,91.5,93.55,90.5,96.38,40.0
Q1 2026/27,South East,Mental health and community trust,Community,RDR,Sussex Community NHS Foundation Trust,"Finance, productivity and innovation",Innovation,OF0096,Overall Data Quality Maturity Index,M1 26/27,index,86.9,93.55,90.5,96.38,47.0
Q1 2026/27,South West,Mental health and community trust,Mental Health and Learning Disability,RDY,Dorset Healthcare University NHS Foundation Trust,"Finance, productivity and innovation",Innovation,OF0096,Overall Data Quality Maturity Index,M1 26/27,index,85.6,93.55,90.5,96.38,50.0
Q1 2026/27,North East and Yorkshire,Mental health and community trust,Mental Health and Learning Disability,RGD,Leeds and York Partnership NHS Foundation Trust,"Finance, productivity and innovation",Innovation,OF0096,Overall Data Quality Maturity Index,M1 26/27,index,93.4,93.55,90.5,96.38,31.0
Q1 2026/27,Midlands,Mental health and community trust,Mental Health and Learning Disability,RHA,Nottinghamshire Healthcare NHS Foundation Trust,"Finance, productivity and innovation",Innovation,OF0096,Overall Data Quality Maturity Index,M1 26/27,index,96.4,93.55,90.5,96.38,13.0
Q1 2026/27,South West,Mental health and community trust,Mental Health and Learning Disability,RJ8,Cornwall Partnership NHS Foundation Trust,"Finance, productivity and innovation",Innovation,OF0096,Overall Data Quality Maturity Index,M1 26/27,index,92.5,93.55,90.5,96.38,36.0
Q1 2026/27,London,Mental health and community trust,Mental Health and Learning Disability,RKL,West London NHS Trust,"Finance, productivity and innovation",Innovation,OF0096,Overall Data Quality Maturity Index,M1 26/27,index,96.8,93.55,90.5,96.38,8.0
Q1 2026/27,Midlands,Mental health and community trust,Mental Health and Learning Disability,RLY,North Staffordshire Combined Healthcare NHS Trust,"Finance, productivity and innovation",Innovation,OF0096,Overall Data Quality Maturity Index,M1 26/27,index,98.7,93.55,90.5,96.38,1.0
Q1 2026/27,East,Mental health and community trust,Mental Health and Learning Disability,RMY,Norfolk and Suffolk NHS Foundation Trust,"Finance, productivity and innovation",Innovation,OF0096,Overall Data Quality Maturity Index,M1 26/27,index,96.5,93.55,90.5,96.38,10.0
Q1 2026/27,South East,Mental health and community trust,Mental Health and Learning Disability,RNU,Oxford Health NHS Foundation Trust,"Finance, productivity and innovation",Innovation,OF0096,Overall Data Quality Maturity Index,M1 26/27,index,77.2,93.55,90.5,96.38,54.0
Q1 2026/27,Midlands,Mental health and community trust,Mental Health and Learning Disability,RP1,Northamptonshire Healthcare NHS Foundation Trust,"Finance, productivity and innovation",Innovation,OF0096,Overall Data Quality Maturity Index,M1 26/27,index,92.2,93.55,90.5,96.38,37.0
Q1 2026/27,Midlands,Mental health and community trust,Mental Health and Learning Disability,RP7,Lincolnshire Partnership NHS Foundation Trust,"Finance, productivity and innovation",Innovation,OF0096,Overall Data Quality Maturity Index,M1 26/27,index,96.6,93.55,90.5,96.38,9.0
Q1 2026/27,London,Mental health and community trust,Mental Health and Learning Disability,RPG,Oxleas NHS Foundation Trust,"Finance, productivity and innovation",Innovation,OF0096,Overall Data Quality Maturity Index,M1 26/27,index,88.6,93.55,90.5,96.38,45.0
Q1 2026/27,London,Mental health and community trust,Mental Health and Learning Disability,RQY,South West London and St George's Mental Health NHS Trust,"Finance, productivity and innovation",Innovation,OF0096,Overall Data Quality Maturity Index,M1 26/27,index,96.3,93.55,90.5,96.38,16.0
Q1 2026/27,Midlands,Mental health and community trust,Mental Health and Learning Disability,RRE,Midlands Partnership University NHS Foundation Trust,"Finance, productivity and innovation",Innovation,OF0096,Overall Data Quality Maturity Index,M1 26/27,index,95.0,93.55,90.5,96.38,21.0
Q1 2026/27,East,Mental health and community trust,Mental Health and Learning Disability,RT1,Cambridgeshire and Peterborough NHS Foundation Trust,"Finance, productivity and innovation",Innovation,OF0096,Overall Data Quality Maturity Index,M1 26/27,index,12.2,93.55,90.5,96.38,58.0
Q1 2026/27,North West,Mental health and community trust,Mental Health and Learning Disability,RT2,Pennine Care NHS Foundation Trust,"Finance, productivity and innovation",Innovation,OF0096,Overall Data Quality Maturity Index,M1 26/27,index,95.3,93.55,90.5,96.38,18.0
Q1 2026/27,Midlands,Mental health and community trust,Mental Health and Learning Disability,RT5,Leicestershire Partnership NHS Trust,"Finance, productivity and innovation",Innovation,OF0096,Overall Data Quality Maturity Index,M1 26/27,index,92.8,93.55,90.5,96.38,35.0
Q1 2026/27,South West,Mental health and community trust,Mental Health and Learning Disability,RTQ,Gloucestershire Health and Care NHS Foundation Trust,"Finance, productivity and innovation",Innovation,OF0096,Overall Data Quality Maturity Index,M1 26/27,index,93.8,93.55,90.5,96.38,28.0
Q1 2026/27,London,Mental health and community trust,Mental Health and Learning Disability,RV3,Central and North West London NHS Foundation Trust,"Finance, productivity and innovation",Innovation,OF0096,Overall Data Quality Maturity Index,M1 26/27,index,94.5,93.55,90.5,96.38,24.0
Q1 2026/27,London,Mental health and community trust,Mental Health and Learning Disability,RV5,South London and Maudsley NHS Foundation Trust,"Finance, productivity and innovation",Innovation,OF0096,Overall Data Quality Maturity Index,M1 26/27,index,97.4,93.55,90.5,96.38,4.0
Q1 2026/27,North East and Yorkshire,Mental health and community trust,Mental Health and Learning Disability,RV9,Humber Teaching NHS Foundation Trust,"Finance, productivity and innovation",Innovation,OF0096,Overall Data Quality Maturity Index,M1 26/27,index,90.8,93.55,90.5,96.38,43.0
Q1 2026/27,South West,Mental health and community trust,Mental Health and Learning Disability,RVN,Avon and Wiltshire Mental Health Partnership NHS Trust,"Finance, productivity and innovation",Innovation,OF0096,Overall Data Quality Maturity Index,M1 26/27,index,94.0,93.55,90.5,96.38,26.0
Q1 2026/27,South East,Mental health and community trust,Mental Health and Learning Disability,RW1,Hampshire and Isle of Wight Healthcare NHS Foundation Trust,"Finance, productivity and innovation",Innovation,OF0096,Overall Data Quality Maturity Index,M1 26/27,index,86.2,93.55,90.5,96.38,48.0
Q1 2026/27,North West,Mental health and community trust,Mental Health and Learning Disability,RW4,Mersey Care NHS Foundation Trust,"Finance, productivity and innovation",Innovation,OF0096,Overall Data Quality Maturity Index,M1 26/27,index,88.4,93.55,90.5,96.38,46.0
Q1 2026/27,North West,Mental health and community trust,Mental Health and Learning Disability,RW5,Lancashire & South Cumbria NHS Foundation Trust,"Finance, productivity and innovation",Innovation,OF0096,Overall Data Quality Maturity Index,M1 26/27,index,81.2,93.55,90.5,96.38,52.0
Q1 2026/27,London,Mental health and community trust,Mental Health and Learning Disability,RWK,East London NHS Foundation Trust,"Finance, productivity and innovation",Innovation,OF0096,Overall Data Quality Maturity Index,M1 26/27,index,93.2,93.55,90.5,96.38,34.0
Q1 2026/27,East,Mental health and community trust,Mental Health and Learning Disability,RWR,Hertfordshire Partnership University NHS Foundation Trust,"Finance, productivity and innovation",Innovation,OF0096,Overall Data Quality Maturity Index,M1 26/27,index,95.3,93.55,90.5,96.38,18.0
Q1 2026/27,South West,Mental health and community trust,Mental Health and Learning Disability,RWV,Devon Partnership NHS Trust,"Finance, productivity and innovation",Innovation,OF0096,Overall Data Quality Maturity Index,M1 26/27,index,96.5,93.55,90.5,96.38,10.0
Q1 2026/27,South East,Mental health and community trust,Mental Health and Learning Disability,RWX,Berkshire Healthcare NHS Foundation Trust,"Finance, productivity and innovation",Innovation,OF0096,Overall Data Quality Maturity Index,M1 26/27,index,98.1,93.55,90.5,96.38,2.0
Q1 2026/27,South East,Mental health and community trust,Mental Health and Learning Disability,RX2,Sussex Partnership NHS Foundation Trust,"Finance, productivity and innovation",Innovation,OF0096,Overall Data Quality Maturity Index,M1 26/27,index,93.6,93.55,90.5,96.38,29.0
Q1 2026/27,North East and Yorkshire,Mental health and community trust,Mental Health and Learning Disability,RX3,"Tees, Esk and Wear Valleys NHS Foundation Trust","Finance, productivity and innovation",Innovation,OF0096,Overall Data Quality Maturity Index,M1 26/27,index,94.4,93.55,90.5,96.38,25.0
Q1 2026/27,North East and Yorkshire,Mental health and community trust,Mental Health and Learning Disability,RX4,"Cumbria, Northumberland, Tyne and Wear NHS Foundation Trust","Finance, productivity and innovation",Innovation,OF0096,Overall Data Quality Maturity Index,M1 26/27,index,95.2,93.55,90.5,96.38,20.0
Q1 2026/27,North West,Mental health and community trust,Mental Health and Learning Disability,RXA,Cheshire and Wirral Partnership NHS Foundation Trust,"Finance, productivity and innovation",Innovation,OF0096,Overall Data Quality Maturity Index,M1 26/27,index,93.4,93.55,90.5,96.38,31.0
Q1 2026/27,North East and Yorkshire,Mental health and community trust,Mental Health and Learning Disability,RXE,Rotherham Doncaster and South Humber NHS Foundation Trust,"Finance, productivity and innovation",Innovation,OF0096,Overall Data Quality Maturity Index,M1 26/27,index,96.4,93.55,90.5,96.38,13.0
Q1 2026/27,North East and Yorkshire,Mental health and community trust,Mental Health and Learning Disability,RXG,South West Yorkshire Partnership NHS Foundation Trust,"Finance, productivity and innovation",Innovation,OF0096,Overall Data Quality Maturity Index,M1 26/27,index,95.0,93.55,90.5,96.38,21.0
Q1 2026/27,Midlands,Mental health and community trust,Mental Health and Learning Disability,RXM,Derbyshire Healthcare NHS Foundation Trust,"Finance, productivity and innovation",Innovation,OF0096,Overall Data Quality Maturity Index,M1 26/27,index,97.6,93.55,90.5,96.38,3.0
Q1 2026/27,Midlands,Mental health and community trust,Mental Health and Learning Disability,RXT,Birmingham and Solihull Mental Health NHS Foundation Trust,"Finance, productivity and innovation",Innovation,OF0096,Overall Data Quality Maturity Index,M1 26/27,index,96.4,93.55,90.5,96.38,13.0
Q1 2026/27,North West,Mental health and community trust,Mental Health and Learning Disability,RXV,Greater Manchester Mental Health NHS Foundation Trust,"Finance, productivity and innovation",Innovation,OF0096,Overall Data Quality Maturity Index,M1 26/27,index,97.3,93.55,90.5,96.38,5.0
Q1 2026/27,South East,Mental health and community trust,Mental Health and Learning Disability,RXX,Surrey and Borders Partnership NHS Foundation Trust,"Finance, productivity and innovation",Innovation,OF0096,Overall Data Quality Maturity Index,M1 26/27,index,94.0,93.55,90.5,96.38,26.0
Q1 2026/27,South East,Mental health and community trust,Mental Health and Learning Disability,RXY,Kent and Medway Mental Health NHS Trust,"Finance, productivity and innovation",Innovation,OF0096,Overall Data Quality Maturity Index,M1 26/27,index,93.3,93.55,90.5,96.38,33.0
Q1 2026/27,East,Mental health and community trust,Community,RY3,Norfolk Community Health and Care NHS Trust,"Finance, productivity and innovation",Innovation,OF0096,Overall Data Quality Maturity Index,M1 26/27,index,96.9,93.55,90.5,96.38,7.0
Q1 2026/27,East,Mental health and community trust,Community,RY4,Hertfordshire Community NHS Trust,"Finance, productivity and innovation",Innovation,OF0096,Overall Data Quality Maturity Index,M1 26/27,index,90.4,93.55,90.5,96.38,44.0
Q1 2026/27,Midlands,Mental health and community trust,Community,RY5,Lincolnshire Community Health Services NHS Trust,"Finance, productivity and innovation",Innovation,OF0096,Overall Data Quality Maturity Index,M1 26/27,index,96.0,93.55,90.5,96.38,17.0
Q1 2026/27,North East and Yorkshire,Mental health and community trust,Community,RY6,Leeds Community Healthcare NHS Trust,"Finance, productivity and innovation",Innovation,OF0096,Overall Data Quality Maturity Index,M1 26/27,index,29.5,93.55,90.5,96.38,57.0
Q1 2026/27,North West,Mental health and community trust,Community,RY7,Wirral Community Health and Care NHS Foundation Trust,"Finance, productivity and innovation",Innovation,OF0096,Overall Data Quality Maturity Index,M1 26/27,index,72.1,93.55,90.5,96.38,56.0
Q1 2026/27,Midlands,Mental health and community trust,Community,RY8,Derbyshire Community Health Services NHS Foundation Trust,"Finance, productivity and innovation",Innovation,OF0096,Overall Data Quality Maturity Index,M1 26/27,index,94.7,93.55,90.5,96.38,23.0
Q1 2026/27,Midlands,Mental health and community trust,Mental Health and Learning Disability,RYG,Coventry and Warwickshire Partnership NHS Trust,"Finance, productivity and innovation",Innovation,OF0096,Overall Data Quality Maturity Index,M1 26/27,index,79.0,93.55,90.5,96.38,53.0
Q1 2026/27,Midlands,Mental health and community trust,Community,RYW,Birmingham Community Healthcare NHS Foundation Trust,"Finance, productivity and innovation",Innovation,OF0096,Overall Data Quality Maturity Index,M1 26/27,index,74.6,93.55,90.5,96.38,55.0
Q1 2026/27,London,Mental health and community trust,Community,RYX,Central London Community Healthcare NHS Trust,"Finance, productivity and innovation",Innovation,OF0096,Overall Data Quality Maturity Index,M1 26/27,index,86.0,93.55,90.5,96.38,49.0
Q1 2026/27,South East,Mental health and community trust,Community,RYY,Kent Community Health NHS Foundation Trust,"Finance, productivity and innovation",Innovation,OF0096,Overall Data Quality Maturity Index,M1 26/27,index,91.3,93.55,90.5,96.38,42.0
Q1 2026/27,North East and Yorkshire,Mental health and community trust,Care Trust,TAD,Bradford District Care NHS Foundation Trust,"Finance, productivity and innovation",Innovation,OF0096,Overall Data Quality Maturity Index,M1 26/27,index,91.8,93.55,90.5,96.38,38.0
Q1 2026/27,North East and Yorkshire,Mental health and community trust,Care Trust,TAH,Sheffield Health Partnership University NHS Foundation Trust,"Finance, productivity and innovation",Innovation,OF0096,Overall Data Quality Maturity Index,M1 26/27,index,84.4,93.55,90.5,96.38,51.0
Q1 2026/27,Midlands,Mental health and community trust,Mental Health and Learning Disability,TAJ,Black Country Healthcare NHS Foundation Trust,"Finance, productivity and innovation",Innovation,OF0096,Overall Data Quality Maturity Index,M1 26/27,index,96.5,93.55,90.5,96.38,10.0
Q1 2026/27,London,Mental health and community trust,Mental Health and Learning Disability,G6V2S,North London NHS Foundation Trust,People,People and culture,OF0101,Percentage of frontline healthcare workers to receive a flu vaccination,M11 25/26,%,32.0,45.45,39.9,51.25,56.0
Q1 2026/27,Midlands,Mental health and community trust,Community,R1A,Herefordshire and Worcestershire Health and Care NHS Trust,People,People and culture,OF0101,Percentage of frontline healthcare workers to receive a flu vaccination,M11 25/26,%,43.8,45.45,39.9,51.25,34.0
Q1 2026/27,Midlands,Mental health and community trust,Community,R1D,Shropshire Community Health NHS Trust,People,People and culture,OF0101,Percentage of frontline healthcare workers to receive a flu vaccination,M11 25/26,%,51.8,45.45,39.9,51.25,14.0
Q1 2026/27,East,Mental health and community trust,Mental Health and Learning Disability,R1L,Essex Partnership University NHS Foundation Trust,People,People and culture,OF0101,Percentage of frontline healthcare workers to receive a flu vaccination,M11 25/26,%,28.3,45.45,39.9,51.25,58.0
Q1 2026/27,London,Mental health and community trust,Mental Health and Learning Disability,RAT,North East London NHS Foundation Trust,People,People and culture,OF0101,Percentage of frontline healthcare workers to receive a flu vaccination,M11 25/26,%,32.4,45.45,39.9,51.25,54.0
Q1 2026/27,South East,Mental health and community trust,Community,RDR,Sussex Community NHS Foundation Trust,People,People and culture,OF0101,Percentage of frontline healthcare workers to receive a flu vaccination,M11 25/26,%,57.6,45.45,39.9,51.25,6.0
Q1 2026/27,South West,Mental health and community trust,Mental Health and Learning Disability,RDY,Dorset Healthcare University NHS Foundation Trust,People,People and culture,OF0101,Percentage of frontline healthcare workers to receive a flu vaccination,M11 25/26,%,46.7,45.45,39.9,51.25,24.0
Q1 2026/27,North East and Yorkshire,Mental health and community trust,Mental Health and Learning Disability,RGD,Leeds and York Partnership NHS Foundation Trust,People,People and culture,OF0101,Percentage of frontline healthcare workers to receive a flu vaccination,M11 25/26,%,38.4,45.45,39.9,51.25,46.0
Q1 2026/27,Midlands,Mental health and community trust,Mental Health and Learning Disability,RHA,Nottinghamshire Healthcare NHS Foundation Trust,People,People and culture,OF0101,Percentage of frontline healthcare workers to receive a flu vaccination,M11 25/26,%,42.7,45.45,39.9,51.25,39.0
Q1 2026/27,South West,Mental health and community trust,Mental Health and Learning Disability,RJ8,Cornwall Partnership NHS Foundation Trust,People,People and culture,OF0101,Percentage of frontline healthcare workers to receive a flu vaccination,M11 25/26,%,48.0,45.45,39.9,51.25,22.0
Q1 2026/27,London,Mental health and community trust,Mental Health and Learning Disability,RKL,West London NHS Trust,People,People and culture,OF0101,Percentage of frontline healthcare workers to receive a flu vaccination,M11 25/26,%,34.6,45.45,39.9,51.25,51.0
Q1 2026/27,Midlands,Mental health and community trust,Mental Health and Learning Disability,RLY,North Staffordshire Combined Healthcare NHS Trust,People,People and culture,OF0101,Percentage of frontline healthcare workers to receive a flu vaccination,M11 25/26,%,53.1,45.45,39.9,51.25,11.0
Q1 2026/27,East,Mental health and community trust,Mental Health and Learning Disability,RMY,Norfolk and Suffolk NHS Foundation Trust,People,People and culture,OF0101,Percentage of frontline healthcare workers to receive a flu vaccination,M11 25/26,%,54.4,45.45,39.9,51.25,9.0
Q1 2026/27,South East,Mental health and community trust,Mental Health and Learning Disability,RNU,Oxford Health NHS Foundation Trust,People,People and culture,OF0101,Percentage of frontline healthcare workers to receive a flu vaccination,M11 25/26,%,54.6,45.45,39.9,51.25,8.0
Q1 2026/27,Midlands,Mental health and community trust,Mental Health and Learning Disability,RP1,Northamptonshire Healthcare NHS Foundation Trust,People,People and culture,OF0101,Percentage of frontline healthcare workers to receive a flu vaccination,M11 25/26,%,41.2,45.45,39.9,51.25,42.0
Q1 2026/27,Midlands,Mental health and community trust,Mental Health and Learning Disability,RP7,Lincolnshire Partnership NHS Foundation Trust,People,People and culture,OF0101,Percentage of frontline healthcare workers to receive a flu vaccination,M11 25/26,%,47.1,45.45,39.9,51.25,23.0
Q1 2026/27,London,Mental health and community trust,Mental Health and Learning Disability,RPG,Oxleas NHS Foundation Trust,People,People and culture,OF0101,Percentage of frontline healthcare workers to receive a flu vaccination,M11 25/26,%,38.2,45.45,39.9,51.25,47.0
Q1 2026/27,London,Mental health and community trust,Mental Health and Learning Disability,RQY,South West London and St George's Mental Health NHS Trust,People,People and culture,OF0101,Percentage of frontline healthcare workers to receive a flu vaccination,M11 25/26,%,34.7,45.45,39.9,51.25,50.0
Q1 2026/27,Midlands,Mental health and community trust,Mental Health and Learning Disability,RRE,Midlands Partnership University NHS Foundation Trust,People,People and culture,OF0101,Percentage of frontline healthcare workers to receive a flu vaccination,M11 25/26,%,45.2,45.45,39.9,51.25,31.0
Q1 2026/27,East,Mental health and community trust,Mental Health and Learning Disability,RT1,Cambridgeshire and Peterborough NHS Foundation Trust,People,People and culture,OF0101,Percentage of frontline healthcare workers to receive a flu vaccination,M11 25/26,%,48.7,45.45,39.9,51.25,20.0
Q1 2026/27,North West,Mental health and community trust,Mental Health and Learning Disability,RT2,Pennine Care NHS Foundation Trust,People,People and culture,OF0101,Percentage of frontline healthcare workers to receive a flu vaccination,M11 25/26,%,42.9,45.45,39.9,51.25,36.0
Q1 2026/27,Midlands,Mental health and community trust,Mental Health and Learning Disability,RT5,Leicestershire Partnership NHS Trust,People,People and culture,OF0101,Percentage of frontline healthcare workers to receive a flu vaccination,M11 25/26,%,45.5,45.45,39.9,51.25,29.0
Q1 2026/27,South West,Mental health and community trust,Mental Health and Learning Disability,RTQ,Gloucestershire Health and Care NHS Foundation Trust,People,People and culture,OF0101,Percentage of frontline healthcare workers to receive a flu vaccination,M11 25/26,%,54.2,45.45,39.9,51.25,10.0
Q1 2026/27,London,Mental health and community trust,Mental Health and Learning Disability,RV3,Central and North West London NHS Foundation Trust,People,People and culture,OF0101,Percentage of frontline healthcare workers to receive a flu vaccination,M11 25/26,%,34.5,45.45,39.9,51.25,52.0
Q1 2026/27,London,Mental health and community trust,Mental Health and Learning Disability,RV5,South London and Maudsley NHS Foundation Trust,People,People and culture,OF0101,Percentage of frontline healthcare workers to receive a flu vaccination,M11 25/26,%,38.9,45.45,39.9,51.25,45.0
Q1 2026/27,North East and Yorkshire,Mental health and community trust,Mental Health and Learning Disability,RV9,Humber Teaching NHS Foundation Trust,People,People and culture,OF0101,Percentage of frontline healthcare workers to receive a flu vaccination,M11 25/26,%,66.5,45.45,39.9,51.25,1.0
Q1 2026/27,South West,Mental health and community trust,Mental Health and Learning Disability,RVN,Avon and Wiltshire Mental Health Partnership NHS Trust,People,People and culture,OF0101,Percentage of frontline healthcare workers to receive a flu vaccination,M11 25/26,%,51.3,45.45,39.9,51.25,15.0
Q1 2026/27,South East,Mental health and community trust,Mental Health and Learning Disability,RW1,Hampshire and Isle of Wight Healthcare NHS Foundation Trust,People,People and culture,OF0101,Percentage of frontline healthcare workers to receive a flu vaccination,M11 25/26,%,45.4,45.45,39.9,51.25,30.0
Q1 2026/27,North West,Mental health and community trust,Mental Health and Learning Disability,RW4,Mersey Care NHS Foundation Trust,People,People and culture,OF0101,Percentage of frontline healthcare workers to receive a flu vaccination,M11 25/26,%,41.6,45.45,39.9,51.25,41.0
Q1 2026/27,North West,Mental health and community trust,Mental Health and Learning Disability,RW5,Lancashire & South Cumbria NHS Foundation Trust,People,People and culture,OF0101,Percentage of frontline healthcare workers to receive a flu vaccination,M11 25/26,%,39.8,45.45,39.9,51.25,44.0
Q1 2026/27,London,Mental health and community trust,Mental Health and Learning Disability,RWK,East London NHS Foundation Trust,People,People and culture,OF0101,Percentage of frontline healthcare workers to receive a flu vaccination,M11 25/26,%,32.3,45.45,39.9,51.25,55.0
Q1 2026/27,East,Mental health and community trust,Mental Health and Learning Disability,RWR,Hertfordshire Partnership University NHS Foundation Trust,People,People and culture,OF0101,Percentage of frontline healthcare workers to receive a flu vaccination,M11 25/26,%,37.0,45.45,39.9,51.25,49.0
Q1 2026/27,South West,Mental health and community trust,Mental Health and Learning Disability,RWV,Devon Partnership NHS Trust,People,People and culture,OF0101,Percentage of frontline healthcare workers to receive a flu vaccination,M11 25/26,%,50.2,45.45,39.9,51.25,18.0
Q1 2026/27,South East,Mental health and community trust,Mental Health and Learning Disability,RWX,Berkshire Healthcare NHS Foundation Trust,People,People and culture,OF0101,Percentage of frontline healthcare workers to receive a flu vaccination,M11 25/26,%,49.4,45.45,39.9,51.25,19.0
Q1 2026/27,South East,Mental health and community trust,Mental Health and Learning Disability,RX2,Sussex Partnership NHS Foundation Trust,People,People and culture,OF0101,Percentage of frontline healthcare workers to receive a flu vaccination,M11 25/26,%,42.3,45.45,39.9,51.25,40.0
Q1 2026/27,North East and Yorkshire,Mental health and community trust,Mental Health and Learning Disability,RX3,"Tees, Esk and Wear Valleys NHS Foundation Trust",People,People and culture,OF0101,Percentage of frontline healthcare workers to receive a flu vaccination,M11 25/26,%,46.2,45.45,39.9,51.25,25.0
Q1 2026/27,North East and Yorkshire,Mental health and community trust,Mental Health and Learning Disability,RX4,"Cumbria, Northumberland, Tyne and Wear NHS Foundation Trust",People,People and culture,OF0101,Percentage of frontline healthcare workers to receive a flu vaccination,M11 25/26,%,46.1,45.45,39.9,51.25,26.0
Q1 2026/27,North West,Mental health and community trust,Mental Health and Learning Disability,RXA,Cheshire and Wirral Partnership NHS Foundation Trust,People,People and culture,OF0101,Percentage of frontline healthcare workers to receive a flu vaccination,M11 25/26,%,44.2,45.45,39.9,51.25,33.0
Q1 2026/27,North East and Yorkshire,Mental health and community trust,Mental Health and Learning Disability,RXE,Rotherham Doncaster and South Humber NHS Foundation Trust,People,People and culture,OF0101,Percentage of frontline healthcare workers to receive a flu vaccination,M11 25/26,%,62.8,45.45,39.9,51.25,2.0
Q1 2026/27,North East and Yorkshire,Mental health and community trust,Mental Health and Learning Disability,RXG,South West Yorkshire Partnership NHS Foundation Trust,People,People and culture,OF0101,Percentage of frontline healthcare workers to receive a flu vaccination,M11 25/26,%,51.1,45.45,39.9,51.25,16.0
Q1 2026/27,Midlands,Mental health and community trust,Mental Health and Learning Disability,RXM,Derbyshire Healthcare NHS Foundation Trust,People,People and culture,OF0101,Percentage of frontline healthcare workers to receive a flu vaccination,M11 25/26,%,42.9,45.45,39.9,51.25,36.0
Q1 2026/27,Midlands,Mental health and community trust,Mental Health and Learning Disability,RXT,Birmingham and Solihull Mental Health NHS Foundation Trust,People,People and culture,OF0101,Percentage of frontline healthcare workers to receive a flu vaccination,M11 25/26,%,31.4,45.45,39.9,51.25,57.0
Q1 2026/27,North West,Mental health and community trust,Mental Health and Learning Disability,RXV,Greater Manchester Mental Health NHS Foundation Trust,People,People and culture,OF0101,Percentage of frontline healthcare workers to receive a flu vaccination,M11 25/26,%,40.2,45.45,39.9,51.25,43.0
Q1 2026/27,South East,Mental health and community trust,Mental Health and Learning Disability,RXX,Surrey and Borders Partnership NHS Foundation Trust,People,People and culture,OF0101,Percentage of frontline healthcare workers to receive a flu vaccination,M11 25/26,%,42.9,45.45,39.9,51.25,36.0
Q1 2026/27,South East,Mental health and community trust,Mental Health and Learning Disability,RXY,Kent and Medway Mental Health NHS Trust,People,People and culture,OF0101,Percentage of frontline healthcare workers to receive a flu vaccination,M11 25/26,%,46.0,45.45,39.9,51.25,27.0
Q1 2026/27,East,Mental health and community trust,Community,RY3,Norfolk Community Health and Care NHS Trust,People,People and culture,OF0101,Percentage of frontline healthcare workers to receive a flu vaccination,M11 25/26,%,60.2,45.45,39.9,51.25,3.0
Q1 2026/27,East,Mental health and community trust,Community,RY4,Hertfordshire Community NHS Trust,People,People and culture,OF0101,Percentage of frontline healthcare workers to receive a flu vaccination,M11 25/26,%,57.8,45.45,39.9,51.25,4.0
Q1 2026/27,Midlands,Mental health and community trust,Community,RY5,Lincolnshire Community Health Services NHS Trust,People,People and culture,OF0101,Percentage of frontline healthcare workers to receive a flu vaccination,M11 25/26,%,56.0,45.45,39.9,51.25,7.0
Q1 2026/27,North East and Yorkshire,Mental health and community trust,Community,RY6,Leeds Community Healthcare NHS Trust,People,People and culture,OF0101,Percentage of frontline healthcare workers to receive a flu vaccination,M11 25/26,%,53.0,45.45,39.9,51.25,12.0
Q1 2026/27,North West,Mental health and community trust,Community,RY7,Wirral Community Health and Care NHS Foundation Trust,People,People and culture,OF0101,Percentage of frontline healthcare workers to receive a flu vaccination,M11 25/26,%,48.5,45.45,39.9,51.25,21.0
Q1 2026/27,Midlands,Mental health and community trust,Community,RY8,Derbyshire Community Health Services NHS Foundation Trust,People,People and culture,OF0101,Percentage of frontline healthcare workers to receive a flu vaccination,M11 25/26,%,57.7,45.45,39.9,51.25,5.0
Q1 2026/27,Midlands,Mental health and community trust,Mental Health and Learning Disability,RYG,Coventry and Warwickshire Partnership NHS Trust,People,People and culture,OF0101,Percentage of frontline healthcare workers to receive a flu vaccination,M11 25/26,%,44.9,45.45,39.9,51.25,32.0
Q1 2026/27,Midlands,Mental health and community trust,Community,RYW,Birmingham Community Healthcare NHS Foundation Trust,People,People and culture,OF0101,Percentage of frontline healthcare workers to receive a flu vaccination,M11 25/26,%,43.5,45.45,39.9,51.25,35.0
Q1 2026/27,London,Mental health and community trust,Community,RYX,Central London Community Healthcare NHS Trust,People,People and culture,OF0101,Percentage of frontline healthcare workers to receive a flu vaccination,M11 25/26,%,37.6,45.45,39.9,51.25,48.0
Q1 2026/27,South East,Mental health and community trust,Community,RYY,Kent Community Health NHS Foundation Trust,People,People and culture,OF0101,Percentage of frontline healthcare workers to receive a flu vaccination,M11 25/26,%,50.5,45.45,39.9,51.25,17.0
Q1 2026/27,North East and Yorkshire,Mental health and community trust,Care Trust,TAD,Bradford District Care NHS Foundation Trust,People,People and culture,OF0101,Percentage of frontline healthcare workers to receive a flu vaccination,M11 25/26,%,46.0,45.45,39.9,51.25,27.0
Q1 2026/27,North East and Yorkshire,Mental health and community trust,Care Trust,TAH,Sheffield Health Partnership University NHS Foundation Trust,People,People and culture,OF0101,Percentage of frontline healthcare workers to receive a flu vaccination,M11 25/26,%,52.8,45.45,39.9,51.25,13.0
Q1 2026/27,Midlands,Mental health and community trust,Mental Health and Learning Disability,TAJ,Black Country Healthcare NHS Foundation Trust,People,People and culture,OF0101,Percentage of frontline healthcare workers to receive a flu vaccination,M11 25/26,%,34.4,45.45,39.9,51.25,53.0
Q1 2026/27,London,Mental health and community trust,Mental Health and Learning Disability,G6V2S,North London NHS Foundation Trust,People,People and culture,OF0102,National Education and Training Survey overall experience sub-score,2025,score,80.29,81.1,79.92,82.4,38.0
Q1 2026/27,Midlands,Mental health and community trust,Community,R1A,Herefordshire and Worcestershire Health and Care NHS Trust,People,People and culture,OF0102,National Education and Training Survey overall experience sub-score,2025,score,82.4,81.1,79.92,82.4,15.0
Q1 2026/27,Midlands,Mental health and community trust,Community,R1D,Shropshire Community Health NHS Trust,People,People and culture,OF0102,National Education and Training Survey overall experience sub-score,2025,score,74.08,81.1,79.92,82.4,57.0
Q1 2026/27,East,Mental health and community trust,Mental Health and Learning Disability,R1L,Essex Partnership University NHS Foundation Trust,People,People and culture,OF0102,National Education and Training Survey overall experience sub-score,2025,score,78.71,81.1,79.92,82.4,51.0
Q1 2026/27,London,Mental health and community trust,Mental Health and Learning Disability,RAT,North East London NHS Foundation Trust,People,People and culture,OF0102,National Education and Training Survey overall experience sub-score,2025,score,83.61,81.1,79.92,82.4,13.0
Q1 2026/27,South East,Mental health and community trust,Community,RDR,Sussex Community NHS Foundation Trust,People,People and culture,OF0102,National Education and Training Survey overall experience sub-score,2025,score,81.35,81.1,79.92,82.4,26.0
Q1 2026/27,South West,Mental health and community trust,Mental Health and Learning Disability,RDY,Dorset Healthcare University NHS Foundation Trust,People,People and culture,OF0102,National Education and Training Survey overall experience sub-score,2025,score,87.5,81.1,79.92,82.4,3.0
Q1 2026/27,North East and Yorkshire,Mental health and community trust,Mental Health and Learning Disability,RGD,Leeds and York Partnership NHS Foundation Trust,People,People and culture,OF0102,National Education and Training Survey overall experience sub-score,2025,score,84.0,81.1,79.92,82.4,10.0
Q1 2026/27,Midlands,Mental health and community trust,Mental Health and Learning Disability,RHA,Nottinghamshire Healthcare NHS Foundation Trust,People,People and culture,OF0102,National Education and Training Survey overall experience sub-score,2025,score,79.2,81.1,79.92,82.4,49.0
Q1 2026/27,South West,Mental health and community trust,Mental Health and Learning Disability,RJ8,Cornwall Partnership NHS Foundation Trust,People,People and culture,OF0102,National Education and Training Survey overall experience sub-score,2025,score,72.35,81.1,79.92,82.4,58.0
Q1 2026/27,London,Mental health and community trust,Mental Health and Learning Disability,RKL,West London NHS Trust,People,People and culture,OF0102,National Education and Training Survey overall experience sub-score,2025,score,81.07,81.1,79.92,82.4,30.0
Q1 2026/27,Midlands,Mental health and community trust,Mental Health and Learning Disability,RLY,North Staffordshire Combined Healthcare NHS Trust,People,People and culture,OF0102,National Education and Training Survey overall experience sub-score,2025,score,80.76,81.1,79.92,82.4,33.0
Q1 2026/27,East,Mental health and community trust,Mental Health and Learning Disability,RMY,Norfolk and Suffolk NHS Foundation Trust,People,People and culture,OF0102,National Education and Training Survey overall experience sub-score,2025,score,81.18,81.1,79.92,82.4,27.0
Q1 2026/27,South East,Mental health and community trust,Mental Health and Learning Disability,RNU,Oxford Health NHS Foundation Trust,People,People and culture,OF0102,National Education and Training Survey overall experience sub-score,2025,score,82.33,81.1,79.92,82.4,17.0
Q1 2026/27,Midlands,Mental health and community trust,Mental Health and Learning Disability,RP1,Northamptonshire Healthcare NHS Foundation Trust,People,People and culture,OF0102,National Education and Training Survey overall experience sub-score,2025,score,86.61,81.1,79.92,82.4,4.0
Q1 2026/27,Midlands,Mental health and community trust,Mental Health and Learning Disability,RP7,Lincolnshire Partnership NHS Foundation Trust,People,People and culture,OF0102,National Education and Training Survey overall experience sub-score,2025,score,77.09,81.1,79.92,82.4,55.0
Q1 2026/27,London,Mental health and community trust,Mental Health and Learning Disability,RPG,Oxleas NHS Foundation Trust,People,People and culture,OF0102,National Education and Training Survey overall experience sub-score,2025,score,81.59,81.1,79.92,82.4,24.0
Q1 2026/27,London,Mental health and community trust,Mental Health and Learning Disability,RQY,South West London and St George's Mental Health NHS Trust,People,People and culture,OF0102,National Education and Training Survey overall experience sub-score,2025,score,82.27,81.1,79.92,82.4,18.0
Q1 2026/27,Midlands,Mental health and community trust,Mental Health and Learning Disability,RRE,Midlands Partnership University NHS Foundation Trust,People,People and culture,OF0102,National Education and Training Survey overall experience sub-score,2025,score,81.36,81.1,79.92,82.4,25.0
Q1 2026/27,East,Mental health and community trust,Mental Health and Learning Disability,RT1,Cambridgeshire and Peterborough NHS Foundation Trust,People,People and culture,OF0102,National Education and Training Survey overall experience sub-score,2025,score,78.18,81.1,79.92,82.4,53.0
Q1 2026/27,North West,Mental health and community trust,Mental Health and Learning Disability,RT2,Pennine Care NHS Foundation Trust,People,People and culture,OF0102,National Education and Training Survey overall experience sub-score,2025,score,79.46,81.1,79.92,82.4,46.0
Q1 2026/27,Midlands,Mental health and community trust,Mental Health and Learning Disability,RT5,Leicestershire Partnership NHS Trust,People,People and culture,OF0102,National Education and Training Survey overall experience sub-score,2025,score,80.68,81.1,79.92,82.4,34.0
Q1 2026/27,South West,Mental health and community trust,Mental Health and Learning Disability,RTQ,Gloucestershire Health and Care NHS Foundation Trust,People,People and culture,OF0102,National Education and Training Survey overall experience sub-score,2025,score,84.58,81.1,79.92,82.4,9.0
Q1 2026/27,London,Mental health and community trust,Mental Health and Learning Disability,RV3,Central and North West London NHS Foundation Trust,People,People and culture,OF0102,National Education and Training Survey overall experience sub-score,2025,score,80.21,81.1,79.92,82.4,40.0
Q1 2026/27,London,Mental health and community trust,Mental Health and Learning Disability,RV5,South London and Maudsley NHS Foundation Trust,People,People and culture,OF0102,National Education and Training Survey overall experience sub-score,2025,score,79.61,81.1,79.92,82.4,45.0
Q1 2026/27,North East and Yorkshire,Mental health and community trust,Mental Health and Learning Disability,RV9,Humber Teaching NHS Foundation Trust,People,People and culture,OF0102,National Education and Training Survey overall experience sub-score,2025,score,79.9,81.1,79.92,82.4,44.0
Q1 2026/27,South West,Mental health and community trust,Mental Health and Learning Disability,RVN,Avon and Wiltshire Mental Health Partnership NHS Trust,People,People and culture,OF0102,National Education and Training Survey overall experience sub-score,2025,score,83.99,81.1,79.92,82.4,11.0
Q1 2026/27,South East,Mental health and community trust,Mental Health and Learning Disability,RW1,Hampshire and Isle of Wight Healthcare NHS Foundation Trust,People,People and culture,OF0102,National Education and Training Survey overall experience sub-score,2025,score,82.96,81.1,79.92,82.4,14.0
Q1 2026/27,North West,Mental health and community trust,Mental Health and Learning Disability,RW4,Mersey Care NHS Foundation Trust,People,People and culture,OF0102,National Education and Training Survey overall experience sub-score,2025,score,81.12,81.1,79.92,82.4,29.0
Q1 2026/27,North West,Mental health and community trust,Mental Health and Learning Disability,RW5,Lancashire & South Cumbria NHS Foundation Trust,People,People and culture,OF0102,National Education and Training Survey overall experience sub-score,2025,score,81.83,81.1,79.92,82.4,23.0
Q1 2026/27,London,Mental health and community trust,Mental Health and Learning Disability,RWK,East London NHS Foundation Trust,People,People and culture,OF0102,National Education and Training Survey overall experience sub-score,2025,score,77.63,81.1,79.92,82.4,54.0
Q1 2026/27,East,Mental health and community trust,Mental Health and Learning Disability,RWR,Hertfordshire Partnership University NHS Foundation Trust,People,People and culture,OF0102,National Education and Training Survey overall experience sub-score,2025,score,80.38,81.1,79.92,82.4,37.0
Q1 2026/27,South West,Mental health and community trust,Mental Health and Learning Disability,RWV,Devon Partnership NHS Trust,People,People and culture,OF0102,National Education and Training Survey overall experience sub-score,2025,score,76.38,81.1,79.92,82.4,56.0
Q1 2026/27,South East,Mental health and community trust,Mental Health and Learning Disability,RWX,Berkshire Healthcare NHS Foundation Trust,People,People and culture,OF0102,National Education and Training Survey overall experience sub-score,2025,score,86.13,81.1,79.92,82.4,5.0
Q1 2026/27,South East,Mental health and community trust,Mental Health and Learning Disability,RX2,Sussex Partnership NHS Foundation Trust,People,People and culture,OF0102,National Education and Training Survey overall experience sub-score,2025,score,82.22,81.1,79.92,82.4,19.0
Q1 2026/27,North East and Yorkshire,Mental health and community trust,Mental Health and Learning Disability,RX3,"Tees, Esk and Wear Valleys NHS Foundation Trust",People,People and culture,OF0102,National Education and Training Survey overall experience sub-score,2025,score,84.68,81.1,79.92,82.4,8.0
Q1 2026/27,North East and Yorkshire,Mental health and community trust,Mental Health and Learning Disability,RX4,"Cumbria, Northumberland, Tyne and Wear NHS Foundation Trust",People,People and culture,OF0102,National Education and Training Survey overall experience sub-score,2025,score,79.43,81.1,79.92,82.4,47.0
Q1 2026/27,North West,Mental health and community trust,Mental Health and Learning Disability,RXA,Cheshire and Wirral Partnership NHS Foundation Trust,People,People and culture,OF0102,National Education and Training Survey overall experience sub-score,2025,score,80.25,81.1,79.92,82.4,39.0
Q1 2026/27,North East and Yorkshire,Mental health and community trust,Mental Health and Learning Disability,RXE,Rotherham Doncaster and South Humber NHS Foundation Trust,People,People and culture,OF0102,National Education and Training Survey overall experience sub-score,2025,score,80.44,81.1,79.92,82.4,36.0
Q1 2026/27,North East and Yorkshire,Mental health and community trust,Mental Health and Learning Disability,RXG,South West Yorkshire Partnership NHS Foundation Trust,People,People and culture,OF0102,National Education and Training Survey overall experience sub-score,2025,score,82.13,81.1,79.92,82.4,20.0
Q1 2026/27,Midlands,Mental health and community trust,Mental Health and Learning Disability,RXM,Derbyshire Healthcare NHS Foundation Trust,People,People and culture,OF0102,National Education and Training Survey overall experience sub-score,2025,score,79.36,81.1,79.92,82.4,48.0
Q1 2026/27,Midlands,Mental health and community trust,Mental Health and Learning Disability,RXT,Birmingham and Solihull Mental Health NHS Foundation Trust,People,People and culture,OF0102,National Education and Training Survey overall experience sub-score,2025,score,79.03,81.1,79.92,82.4,50.0
Q1 2026/27,North West,Mental health and community trust,Mental Health and Learning Disability,RXV,Greater Manchester Mental Health NHS Foundation Trust,People,People and culture,OF0102,National Education and Training Survey overall experience sub-score,2025,score,83.91,81.1,79.92,82.4,12.0
Q1 2026/27,South East,Mental health and community trust,Mental Health and Learning Disability,RXX,Surrey and Borders Partnership NHS Foundation Trust,People,People and culture,OF0102,National Education and Training Survey overall experience sub-score,2025,score,80.53,81.1,79.92,82.4,35.0
Q1 2026/27,South East,Mental health and community trust,Mental Health and Learning Disability,RXY,Kent and Medway Mental Health NHS Trust,People,People and culture,OF0102,National Education and Training Survey overall experience sub-score,2025,score,79.98,81.1,79.92,82.4,43.0
Q1 2026/27,East,Mental health and community trust,Community,RY3,Norfolk Community Health and Care NHS Trust,People,People and culture,OF0102,National Education and Training Survey overall experience sub-score,2025,score,88.52,81.1,79.92,82.4,2.0
Q1 2026/27,East,Mental health and community trust,Community,RY4,Hertfordshire Community NHS Trust,People,People and culture,OF0102,National Education and Training Survey overall experience sub-score,2025,score,82.13,81.1,79.92,82.4,20.0
Q1 2026/27,Midlands,Mental health and community trust,Community,RY5,Lincolnshire Community Health Services NHS Trust,People,People and culture,OF0102,National Education and Training Survey overall experience sub-score,2025,score,90.31,81.1,79.92,82.4,1.0
Q1 2026/27,North East and Yorkshire,Mental health and community trust,Community,RY6,Leeds Community Healthcare NHS Trust,People,People and culture,OF0102,National Education and Training Survey overall experience sub-score,2025,score,81.14,81.1,79.92,82.4,28.0
Q1 2026/27,North West,Mental health and community trust,Community,RY7,Wirral Community Health and Care NHS Foundation Trust,People,People and culture,OF0102,National Education and Training Survey overall experience sub-score,2025,score,85.27,81.1,79.92,82.4,7.0
Q1 2026/27,Midlands,Mental health and community trust,Community,RY8,Derbyshire Community Health Services NHS Foundation Trust,People,People and culture,OF0102,National Education and Training Survey overall experience sub-score,2025,score,80.8,81.1,79.92,82.4,32.0
Q1 2026/27,Midlands,Mental health and community trust,Mental Health and Learning Disability,RYG,Coventry and Warwickshire Partnership NHS Trust,People,People and culture,OF0102,National Education and Training Survey overall experience sub-score,2025,score,82.4,81.1,79.92,82.4,15.0
Q1 2026/27,Midlands,Mental health and community trust,Community,RYW,Birmingham Community Healthcare NHS Foundation Trust,People,People and culture,OF0102,National Education and Training Survey overall experience sub-score,2025,score,80.19,81.1,79.92,82.4,41.0
Q1 2026/27,London,Mental health and community trust,Community,RYX,Central London Community Healthcare NHS Trust,People,People and culture,OF0102,National Education and Training Survey overall experience sub-score,2025,score,78.55,81.1,79.92,82.4,52.0
Q1 2026/27,South East,Mental health and community trust,Community,RYY,Kent Community Health NHS Foundation Trust,People,People and culture,OF0102,National Education and Training Survey overall experience sub-score,2025,score,80.87,81.1,79.92,82.4,31.0
Q1 2026/27,North East and Yorkshire,Mental health and community trust,Care Trust,TAD,Bradford District Care NHS Foundation Trust,People,People and culture,OF0102,National Education and Training Survey overall experience sub-score,2025,score,85.32,81.1,79.92,82.4,6.0
Q1 2026/27,North East and Yorkshire,Mental health and community trust,Care Trust,TAH,Sheffield Health Partnership University NHS Foundation Trust,People,People and culture,OF0102,National Education and Training Survey overall experience sub-score,2025,score,80.0,81.1,79.92,82.4,42.0
Q1 2026/27,Midlands,Mental health and community trust,Mental Health and Learning Disability,TAJ,Black Country Healthcare NHS Foundation Trust,People,People and culture,OF0102,National Education and Training Survey overall experience sub-score,2025,score,81.86,81.1,79.92,82.4,22.0
Q1 2026/27,London,Mental health and community trust,Mental Health and Learning Disability,G6V2S,North London NHS Foundation Trust,Effectiveness of care and population health,Outcomes,OF0113,"Adult acute and rehabilitation mental health, learning disability and autism discharges followed up within 72 hours",Q1 26/27,%,74.08,84.83,80.84,88.49,42.0
Q1 2026/27,Midlands,Mental health and community trust,Community,R1A,Herefordshire and Worcestershire Health and Care NHS Trust,Effectiveness of care and population health,Outcomes,OF0113,"Adult acute and rehabilitation mental health, learning disability and autism discharges followed up within 72 hours",Q1 26/27,%,91.46,84.83,80.84,88.49,5.0
Q1 2026/27,East,Mental health and community trust,Mental Health and Learning Disability,R1L,Essex Partnership University NHS Foundation Trust,Effectiveness of care and population health,Outcomes,OF0113,"Adult acute and rehabilitation mental health, learning disability and autism discharges followed up within 72 hours",Q1 26/27,%,73.67,84.83,80.84,88.49,44.0
Q1 2026/27,London,Mental health and community trust,Mental Health and Learning Disability,RAT,North East London NHS Foundation Trust,Effectiveness of care and population health,Outcomes,OF0113,"Adult acute and rehabilitation mental health, learning disability and autism discharges followed up within 72 hours",Q1 26/27,%,71.9,84.83,80.84,88.49,46.0
Q1 2026/27,South West,Mental health and community trust,Mental Health and Learning Disability,RDY,Dorset Healthcare University NHS Foundation Trust,Effectiveness of care and population health,Outcomes,OF0113,"Adult acute and rehabilitation mental health, learning disability and autism discharges followed up within 72 hours",Q1 26/27,%,82.0,84.83,80.84,88.49,32.0
Q1 2026/27,North East and Yorkshire,Mental health and community trust,Mental Health and Learning Disability,RGD,Leeds and York Partnership NHS Foundation Trust,Effectiveness of care and population health,Outcomes,OF0113,"Adult acute and rehabilitation mental health, learning disability and autism discharges followed up within 72 hours",Q1 26/27,%,78.5,84.83,80.84,88.49,38.0
Q1 2026/27,Midlands,Mental health and community trust,Mental Health and Learning Disability,RHA,Nottinghamshire Healthcare NHS Foundation Trust,Effectiveness of care and population health,Outcomes,OF0113,"Adult acute and rehabilitation mental health, learning disability and autism discharges followed up within 72 hours",Q1 26/27,%,81.64,84.83,80.84,88.49,35.0
Q1 2026/27,South West,Mental health and community trust,Mental Health and Learning Disability,RJ8,Cornwall Partnership NHS Foundation Trust,Effectiveness of care and population health,Outcomes,OF0113,"Adult acute and rehabilitation mental health, learning disability and autism discharges followed up within 72 hours",Q1 26/27,%,87.18,84.83,80.84,88.49,17.0
Q1 2026/27,London,Mental health and community trust,Mental Health and Learning Disability,RKL,West London NHS Trust,Effectiveness of care and population health,Outcomes,OF0113,"Adult acute and rehabilitation mental health, learning disability and autism discharges followed up within 72 hours",Q1 26/27,%,82.66,84.83,80.84,88.49,29.0
Q1 2026/27,Midlands,Mental health and community trust,Mental Health and Learning Disability,RLY,North Staffordshire Combined Healthcare NHS Trust,Effectiveness of care and population health,Outcomes,OF0113,"Adult acute and rehabilitation mental health, learning disability and autism discharges followed up within 72 hours",Q1 26/27,%,84.5,84.83,80.84,88.49,26.0
Q1 2026/27,East,Mental health and community trust,Mental Health and Learning Disability,RMY,Norfolk and Suffolk NHS Foundation Trust,Effectiveness of care and population health,Outcomes,OF0113,"Adult acute and rehabilitation mental health, learning disability and autism discharges followed up within 72 hours",Q1 26/27,%,85.01,84.83,80.84,88.49,23.0
Q1 2026/27,South East,Mental health and community trust,Mental Health and Learning Disability,RNU,Oxford Health NHS Foundation Trust,Effectiveness of care and population health,Outcomes,OF0113,"Adult acute and rehabilitation mental health, learning disability and autism discharges followed up within 72 hours",Q1 26/27,%,91.81,84.83,80.84,88.49,4.0
Q1 2026/27,Midlands,Mental health and community trust,Mental Health and Learning Disability,RP1,Northamptonshire Healthcare NHS Foundation Trust,Effectiveness of care and population health,Outcomes,OF0113,"Adult acute and rehabilitation mental health, learning disability and autism discharges followed up within 72 hours",Q1 26/27,%,91.23,84.83,80.84,88.49,7.0
Q1 2026/27,Midlands,Mental health and community trust,Mental Health and Learning Disability,RP7,Lincolnshire Partnership NHS Foundation Trust,Effectiveness of care and population health,Outcomes,OF0113,"Adult acute and rehabilitation mental health, learning disability and autism discharges followed up within 72 hours",Q1 26/27,%,81.82,84.83,80.84,88.49,33.0
Q1 2026/27,London,Mental health and community trust,Mental Health and Learning Disability,RPG,Oxleas NHS Foundation Trust,Effectiveness of care and population health,Outcomes,OF0113,"Adult acute and rehabilitation mental health, learning disability and autism discharges followed up within 72 hours",Q1 26/27,%,86.39,84.83,80.84,88.49,21.0
Q1 2026/27,London,Mental health and community trust,Mental Health and Learning Disability,RQY,South West London and St George's Mental Health NHS Trust,Effectiveness of care and population health,Outcomes,OF0113,"Adult acute and rehabilitation mental health, learning disability and autism discharges followed up within 72 hours",Q1 26/27,%,87.19,84.83,80.84,88.49,16.0
Q1 2026/27,Midlands,Mental health and community trust,Mental Health and Learning Disability,RRE,Midlands Partnership University NHS Foundation Trust,Effectiveness of care and population health,Outcomes,OF0113,"Adult acute and rehabilitation mental health, learning disability and autism discharges followed up within 72 hours",Q1 26/27,%,90.48,84.83,80.84,88.49,9.0
Q1 2026/27,East,Mental health and community trust,Mental Health and Learning Disability,RT1,Cambridgeshire and Peterborough NHS Foundation Trust,Effectiveness of care and population health,Outcomes,OF0113,"Adult acute and rehabilitation mental health, learning disability and autism discharges followed up within 72 hours",Q1 26/27,%,84.31,84.83,80.84,88.49,27.0
Q1 2026/27,North West,Mental health and community trust,Mental Health and Learning Disability,RT2,Pennine Care NHS Foundation Trust,Effectiveness of care and population health,Outcomes,OF0113,"Adult acute and rehabilitation mental health, learning disability and autism discharges followed up within 72 hours",Q1 26/27,%,82.28,84.83,80.84,88.49,31.0
Q1 2026/27,Midlands,Mental health and community trust,Mental Health and Learning Disability,RT5,Leicestershire Partnership NHS Trust,Effectiveness of care and population health,Outcomes,OF0113,"Adult acute and rehabilitation mental health, learning disability and autism discharges followed up within 72 hours",Q1 26/27,%,93.48,84.83,80.84,88.49,2.0
Q1 2026/27,South West,Mental health and community trust,Mental Health and Learning Disability,RTQ,Gloucestershire Health and Care NHS Foundation Trust,Effectiveness of care and population health,Outcomes,OF0113,"Adult acute and rehabilitation mental health, learning disability and autism discharges followed up within 72 hours",Q1 26/27,%,96.55,84.83,80.84,88.49,1.0
Q1 2026/27,London,Mental health and community trust,Mental Health and Learning Disability,RV3,Central and North West London NHS Foundation Trust,Effectiveness of care and population health,Outcomes,OF0113,"Adult acute and rehabilitation mental health, learning disability and autism discharges followed up within 72 hours",Q1 26/27,%,86.24,84.83,80.84,88.49,22.0
Q1 2026/27,London,Mental health and community trust,Mental Health and Learning Disability,RV5,South London and Maudsley NHS Foundation Trust,Effectiveness of care and population health,Outcomes,OF0113,"Adult acute and rehabilitation mental health, learning disability and autism discharges followed up within 72 hours",Q1 26/27,%,84.83,84.83,80.84,88.49,24.0
Q1 2026/27,North East and Yorkshire,Mental health and community trust,Mental Health and Learning Disability,RV9,Humber Teaching NHS Foundation Trust,Effectiveness of care and population health,Outcomes,OF0113,"Adult acute and rehabilitation mental health, learning disability and autism discharges followed up within 72 hours",Q1 26/27,%,92.34,84.83,80.84,88.49,3.0
Q1 2026/27,South West,Mental health and community trust,Mental Health and Learning Disability,RVN,Avon and Wiltshire Mental Health Partnership NHS Trust,Effectiveness of care and population health,Outcomes,OF0113,"Adult acute and rehabilitation mental health, learning disability and autism discharges followed up within 72 hours",Q1 26/27,%,78.25,84.83,80.84,88.49,39.0
Q1 2026/27,South East,Mental health and community trust,Mental Health and Learning Disability,RW1,Hampshire and Isle of Wight Healthcare NHS Foundation Trust,Effectiveness of care and population health,Outcomes,OF0113,"Adult acute and rehabilitation mental health, learning disability and autism discharges followed up within 72 hours",Q1 26/27,%,87.17,84.83,80.84,88.49,18.0
Q1 2026/27,North West,Mental health and community trust,Mental Health and Learning Disability,RW4,Mersey Care NHS Foundation Trust,Effectiveness of care and population health,Outcomes,OF0113,"Adult acute and rehabilitation mental health, learning disability and autism discharges followed up within 72 hours",Q1 26/27,%,80.03,84.83,80.84,88.49,36.0
Q1 2026/27,North West,Mental health and community trust,Mental Health and Learning Disability,RW5,Lancashire & South Cumbria NHS Foundation Trust,Effectiveness of care and population health,Outcomes,OF0113,"Adult acute and rehabilitation mental health, learning disability and autism discharges followed up within 72 hours",Q1 26/27,%,78.96,84.83,80.84,88.49,37.0
Q1 2026/27,London,Mental health and community trust,Mental Health and Learning Disability,RWK,East London NHS Foundation Trust,Effectiveness of care and population health,Outcomes,OF0113,"Adult acute and rehabilitation mental health, learning disability and autism discharges followed up within 72 hours",Q1 26/27,%,82.64,84.83,80.84,88.49,30.0
Q1 2026/27,East,Mental health and community trust,Mental Health and Learning Disability,RWR,Hertfordshire Partnership University NHS Foundation Trust,Effectiveness of care and population health,Outcomes,OF0113,"Adult acute and rehabilitation mental health, learning disability and autism discharges followed up within 72 hours",Q1 26/27,%,86.77,84.83,80.84,88.49,20.0
Q1 2026/27,South West,Mental health and community trust,Mental Health and Learning Disability,RWV,Devon Partnership NHS Trust,Effectiveness of care and population health,Outcomes,OF0113,"Adult acute and rehabilitation mental health, learning disability and autism discharges followed up within 72 hours",Q1 26/27,%,87.5,84.83,80.84,88.49,14.0
Q1 2026/27,South East,Mental health and community trust,Mental Health and Learning Disability,RWX,Berkshire Healthcare NHS Foundation Trust,Effectiveness of care and population health,Outcomes,OF0113,"Adult acute and rehabilitation mental health, learning disability and autism discharges followed up within 72 hours",Q1 26/27,%,91.35,84.83,80.84,88.49,6.0
Q1 2026/27,South East,Mental health and community trust,Mental Health and Learning Disability,RX2,Sussex Partnership NHS Foundation Trust,Effectiveness of care and population health,Outcomes,OF0113,"Adult acute and rehabilitation mental health, learning disability and autism discharges followed up within 72 hours",Q1 26/27,%,76.85,84.83,80.84,88.49,41.0
Q1 2026/27,North East and Yorkshire,Mental health and community trust,Mental Health and Learning Disability,RX3,"Tees, Esk and Wear Valleys NHS Foundation Trust",Effectiveness of care and population health,Outcomes,OF0113,"Adult acute and rehabilitation mental health, learning disability and autism discharges followed up within 72 hours",Q1 26/27,%,84.72,84.83,80.84,88.49,25.0
Q1 2026/27,North East and Yorkshire,Mental health and community trust,Mental Health and Learning Disability,RX4,"Cumbria, Northumberland, Tyne and Wear NHS Foundation Trust",Effectiveness of care and population health,Outcomes,OF0113,"Adult acute and rehabilitation mental health, learning disability and autism discharges followed up within 72 hours",Q1 26/27,%,89.09,84.83,80.84,88.49,11.0
Q1 2026/27,North West,Mental health and community trust,Mental Health and Learning Disability,RXA,Cheshire and Wirral Partnership NHS Foundation Trust,Effectiveness of care and population health,Outcomes,OF0113,"Adult acute and rehabilitation mental health, learning disability and autism discharges followed up within 72 hours",Q1 26/27,%,88.13,84.83,80.84,88.49,13.0
Q1 2026/27,North East and Yorkshire,Mental health and community trust,Mental Health and Learning Disability,RXE,Rotherham Doncaster and South Humber NHS Foundation Trust,Effectiveness of care and population health,Outcomes,OF0113,"Adult acute and rehabilitation mental health, learning disability and autism discharges followed up within 72 hours",Q1 26/27,%,90.7,84.83,80.84,88.49,8.0
Q1 2026/27,North East and Yorkshire,Mental health and community trust,Mental Health and Learning Disability,RXG,South West Yorkshire Partnership NHS Foundation Trust,Effectiveness of care and population health,Outcomes,OF0113,"Adult acute and rehabilitation mental health, learning disability and autism discharges followed up within 72 hours",Q1 26/27,%,83.85,84.83,80.84,88.49,28.0
Q1 2026/27,Midlands,Mental health and community trust,Mental Health and Learning Disability,RXM,Derbyshire Healthcare NHS Foundation Trust,Effectiveness of care and population health,Outcomes,OF0113,"Adult acute and rehabilitation mental health, learning disability and autism discharges followed up within 72 hours",Q1 26/27,%,90.45,84.83,80.84,88.49,10.0
Q1 2026/27,Midlands,Mental health and community trust,Mental Health and Learning Disability,RXT,Birmingham and Solihull Mental Health NHS Foundation Trust,Effectiveness of care and population health,Outcomes,OF0113,"Adult acute and rehabilitation mental health, learning disability and autism discharges followed up within 72 hours",Q1 26/27,%,87.39,84.83,80.84,88.49,15.0
Q1 2026/27,North West,Mental health and community trust,Mental Health and Learning Disability,RXV,Greater Manchester Mental Health NHS Foundation Trust,Effectiveness of care and population health,Outcomes,OF0113,"Adult acute and rehabilitation mental health, learning disability and autism discharges followed up within 72 hours",Q1 26/27,%,86.92,84.83,80.84,88.49,19.0
Q1 2026/27,South East,Mental health and community trust,Mental Health and Learning Disability,RXX,Surrey and Borders Partnership NHS Foundation Trust,Effectiveness of care and population health,Outcomes,OF0113,"Adult acute and rehabilitation mental health, learning disability and autism discharges followed up within 72 hours",Q1 26/27,%,81.74,84.83,80.84,88.49,34.0
Q1 2026/27,South East,Mental health and community trust,Mental Health and Learning Disability,RXY,Kent and Medway Mental Health NHS Trust,Effectiveness of care and population health,Outcomes,OF0113,"Adult acute and rehabilitation mental health, learning disability and autism discharges followed up within 72 hours",Q1 26/27,%,74.06,84.83,80.84,88.49,43.0
Q1 2026/27,Midlands,Mental health and community trust,Mental Health and Learning Disability,RYG,Coventry and Warwickshire Partnership NHS Trust,Effectiveness of care and population health,Outcomes,OF0113,"Adult acute and rehabilitation mental health, learning disability and autism discharges followed up within 72 hours",Q1 26/27,%,15.77,84.83,80.84,88.49,47.0
Q1 2026/27,North East and Yorkshire,Mental health and community trust,Care Trust,TAD,Bradford District Care NHS Foundation Trust,Effectiveness of care and population health,Outcomes,OF0113,"Adult acute and rehabilitation mental health, learning disability and autism discharges followed up within 72 hours",Q1 26/27,%,77.29,84.83,80.84,88.49,40.0
Q1 2026/27,North East and Yorkshire,Mental health and community trust,Care Trust,TAH,Sheffield Health Partnership University NHS Foundation Trust,Effectiveness of care and population health,Outcomes,OF0113,"Adult acute and rehabilitation mental health, learning disability and autism discharges followed up within 72 hours",Q1 26/27,%,73.61,84.83,80.84,88.49,45.0
Q1 2026/27,Midlands,Mental health and community trust,Mental Health and Learning Disability,TAJ,Black Country Healthcare NHS Foundation Trust,Effectiveness of care and population health,Outcomes,OF0113,"Adult acute and rehabilitation mental health, learning disability and autism discharges followed up within 72 hours",Q1 26/27,%,88.86,84.83,80.84,88.49,12.0
Q1 2026/27,London,Mental health and community trust,Mental Health and Learning Disability,G6V2S,North London NHS Foundation Trust,People,People and culture,OF0120,NHS staff standards sub-score,2025,score,7.35,7.78,7.72,7.9,57.0
Q1 2026/27,Midlands,Mental health and community trust,Community,R1A,Herefordshire and Worcestershire Health and Care NHS Trust,People,People and culture,OF0120,NHS staff standards sub-score,2025,score,7.86,7.78,7.72,7.9,18.0
Q1 2026/27,Midlands,Mental health and community trust,Community,R1D,Shropshire Community Health NHS Trust,People,People and culture,OF0120,NHS staff standards sub-score,2025,score,7.9,7.78,7.72,7.9,15.0
Q1 2026/27,East,Mental health and community trust,Mental Health and Learning Disability,R1L,Essex Partnership University NHS Foundation Trust,People,People and culture,OF0120,NHS staff standards sub-score,2025,score,7.73,7.78,7.72,7.9,40.0
Q1 2026/27,London,Mental health and community trust,Mental Health and Learning Disability,RAT,North East London NHS Foundation Trust,People,People and culture,OF0120,NHS staff standards sub-score,2025,score,7.86,7.78,7.72,7.9,19.0
Q1 2026/27,South East,Mental health and community trust,Community,RDR,Sussex Community NHS Foundation Trust,People,People and culture,OF0120,NHS staff standards sub-score,2025,score,8.15,7.78,7.72,7.9,2.0
Q1 2026/27,South West,Mental health and community trust,Mental Health and Learning Disability,RDY,Dorset Healthcare University NHS Foundation Trust,People,People and culture,OF0120,NHS staff standards sub-score,2025,score,7.94,7.78,7.72,7.9,11.0
Q1 2026/27,North East and Yorkshire,Mental health and community trust,Mental Health and Learning Disability,RGD,Leeds and York Partnership NHS Foundation Trust,People,People and culture,OF0120,NHS staff standards sub-score,2025,score,7.73,7.78,7.72,7.9,41.0
Q1 2026/27,Midlands,Mental health and community trust,Mental Health and Learning Disability,RHA,Nottinghamshire Healthcare NHS Foundation Trust,People,People and culture,OF0120,NHS staff standards sub-score,2025,score,7.43,7.78,7.72,7.9,56.0
Q1 2026/27,South West,Mental health and community trust,Mental Health and Learning Disability,RJ8,Cornwall Partnership NHS Foundation Trust,People,People and culture,OF0120,NHS staff standards sub-score,2025,score,7.77,7.78,7.72,7.9,32.0
Q1 2026/27,London,Mental health and community trust,Mental Health and Learning Disability,RKL,West London NHS Trust,People,People and culture,OF0120,NHS staff standards sub-score,2025,score,7.8,7.78,7.72,7.9,25.0
Q1 2026/27,Midlands,Mental health and community trust,Mental Health and Learning Disability,RLY,North Staffordshire Combined Healthcare NHS Trust,People,People and culture,OF0120,NHS staff standards sub-score,2025,score,7.81,7.78,7.72,7.9,23.0
Q1 2026/27,East,Mental health and community trust,Mental Health and Learning Disability,RMY,Norfolk and Suffolk NHS Foundation Trust,People,People and culture,OF0120,NHS staff standards sub-score,2025,score,7.34,7.78,7.72,7.9,58.0
Q1 2026/27,South East,Mental health and community trust,Mental Health and Learning Disability,RNU,Oxford Health NHS Foundation Trust,People,People and culture,OF0120,NHS staff standards sub-score,2025,score,7.92,7.78,7.72,7.9,14.0
Q1 2026/27,Midlands,Mental health and community trust,Mental Health and Learning Disability,RP1,Northamptonshire Healthcare NHS Foundation Trust,People,People and culture,OF0120,NHS staff standards sub-score,2025,score,7.93,7.78,7.72,7.9,12.0
Q1 2026/27,Midlands,Mental health and community trust,Mental Health and Learning Disability,RP7,Lincolnshire Partnership NHS Foundation Trust,People,People and culture,OF0120,NHS staff standards sub-score,2025,score,7.8,7.78,7.72,7.9,26.0
Q1 2026/27,London,Mental health and community trust,Mental Health and Learning Disability,RPG,Oxleas NHS Foundation Trust,People,People and culture,OF0120,NHS staff standards sub-score,2025,score,7.93,7.78,7.72,7.9,13.0
Q1 2026/27,London,Mental health and community trust,Mental Health and Learning Disability,RQY,South West London and St George's Mental Health NHS Trust,People,People and culture,OF0120,NHS staff standards sub-score,2025,score,7.76,7.78,7.72,7.9,35.0
Q1 2026/27,Midlands,Mental health and community trust,Mental Health and Learning Disability,RRE,Midlands Partnership University NHS Foundation Trust,People,People and culture,OF0120,NHS staff standards sub-score,2025,score,8.11,7.78,7.72,7.9,3.0
Q1 2026/27,East,Mental health and community trust,Mental Health and Learning Disability,RT1,Cambridgeshire and Peterborough NHS Foundation Trust,People,People and culture,OF0120,NHS staff standards sub-score,2025,score,7.76,7.78,7.72,7.9,34.0
Q1 2026/27,North West,Mental health and community trust,Mental Health and Learning Disability,RT2,Pennine Care NHS Foundation Trust,People,People and culture,OF0120,NHS staff standards sub-score,2025,score,7.71,7.78,7.72,7.9,45.0
Q1 2026/27,Midlands,Mental health and community trust,Mental Health and Learning Disability,RT5,Leicestershire Partnership NHS Trust,People,People and culture,OF0120,NHS staff standards sub-score,2025,score,7.97,7.78,7.72,7.9,6.0
Q1 2026/27,South West,Mental health and community trust,Mental Health and Learning Disability,RTQ,Gloucestershire Health and Care NHS Foundation Trust,People,People and culture,OF0120,NHS staff standards sub-score,2025,score,7.9,7.78,7.72,7.9,16.0
Q1 2026/27,London,Mental health and community trust,Mental Health and Learning Disability,RV3,Central and North West London NHS Foundation Trust,People,People and culture,OF0120,NHS staff standards sub-score,2025,score,7.78,7.78,7.72,7.9,31.0
Q1 2026/27,London,Mental health and community trust,Mental Health and Learning Disability,RV5,South London and Maudsley NHS Foundation Trust,People,People and culture,OF0120,NHS staff standards sub-score,2025,score,7.63,7.78,7.72,7.9,48.0
Q1 2026/27,North East and Yorkshire,Mental health and community trust,Mental Health and Learning Disability,RV9,Humber Teaching NHS Foundation Trust,People,People and culture,OF0120,NHS staff standards sub-score,2025,score,7.79,7.78,7.72,7.9,28.0
Q1 2026/27,South West,Mental health and community trust,Mental Health and Learning Disability,RVN,Avon and Wiltshire Mental Health Partnership NHS Trust,People,People and culture,OF0120,NHS staff standards sub-score,2025,score,7.73,7.78,7.72,7.9,42.0
Q1 2026/27,South East,Mental health and community trust,Mental Health and Learning Disability,RW1,Hampshire and Isle of Wight Healthcare NHS Foundation Trust,People,People and culture,OF0120,NHS staff standards sub-score,2025,score,7.78,7.78,7.72,7.9,29.0
Q1 2026/27,North West,Mental health and community trust,Mental Health and Learning Disability,RW4,Mersey Care NHS Foundation Trust,People,People and culture,OF0120,NHS staff standards sub-score,2025,score,7.79,7.78,7.72,7.9,27.0
Q1 2026/27,North West,Mental health and community trust,Mental Health and Learning Disability,RW5,Lancashire & South Cumbria NHS Foundation Trust,People,People and culture,OF0120,NHS staff standards sub-score,2025,score,7.59,7.78,7.72,7.9,50.0
Q1 2026/27,London,Mental health and community trust,Mental Health and Learning Disability,RWK,East London NHS Foundation Trust,People,People and culture,OF0120,NHS staff standards sub-score,2025,score,7.56,7.78,7.72,7.9,51.0
Q1 2026/27,East,Mental health and community trust,Mental Health and Learning Disability,RWR,Hertfordshire Partnership University NHS Foundation Trust,People,People and culture,OF0120,NHS staff standards sub-score,2025,score,7.78,7.78,7.72,7.9,30.0
Q1 2026/27,South West,Mental health and community trust,Mental Health and Learning Disability,RWV,Devon Partnership NHS Trust,People,People and culture,OF0120,NHS staff standards sub-score,2025,score,7.72,7.78,7.72,7.9,43.0
Q1 2026/27,South East,Mental health and community trust,Mental Health and Learning Disability,RWX,Berkshire Healthcare NHS Foundation Trust,People,People and culture,OF0120,NHS staff standards sub-score,2025,score,8.01,7.78,7.72,7.9,5.0
Q1 2026/27,South East,Mental health and community trust,Mental Health and Learning Disability,RX2,Sussex Partnership NHS Foundation Trust,People,People and culture,OF0120,NHS staff standards sub-score,2025,score,7.53,7.78,7.72,7.9,53.0
Q1 2026/27,North East and Yorkshire,Mental health and community trust,Mental Health and Learning Disability,RX3,"Tees, Esk and Wear Valleys NHS Foundation Trust",People,People and culture,OF0120,NHS staff standards sub-score,2025,score,7.69,7.78,7.72,7.9,46.0
Q1 2026/27,North East and Yorkshire,Mental health and community trust,Mental Health and Learning Disability,RX4,"Cumbria, Northumberland, Tyne and Wear NHS Foundation Trust",People,People and culture,OF0120,NHS staff standards sub-score,2025,score,7.64,7.78,7.72,7.9,47.0
Q1 2026/27,North West,Mental health and community trust,Mental Health and Learning Disability,RXA,Cheshire and Wirral Partnership NHS Foundation Trust,People,People and culture,OF0120,NHS staff standards sub-score,2025,score,7.85,7.78,7.72,7.9,20.0
Q1 2026/27,North East and Yorkshire,Mental health and community trust,Mental Health and Learning Disability,RXE,Rotherham Doncaster and South Humber NHS Foundation Trust,People,People and culture,OF0120,NHS staff standards sub-score,2025,score,7.75,7.78,7.72,7.9,36.0
Q1 2026/27,North East and Yorkshire,Mental health and community trust,Mental Health and Learning Disability,RXG,South West Yorkshire Partnership NHS Foundation Trust,People,People and culture,OF0120,NHS staff standards sub-score,2025,score,7.81,7.78,7.72,7.9,24.0
Q1 2026/27,Midlands,Mental health and community trust,Mental Health and Learning Disability,RXM,Derbyshire Healthcare NHS Foundation Trust,People,People and culture,OF0120,NHS staff standards sub-score,2025,score,7.82,7.78,7.72,7.9,21.0
Q1 2026/27,Midlands,Mental health and community trust,Mental Health and Learning Disability,RXT,Birmingham and Solihull Mental Health NHS Foundation Trust,People,People and culture,OF0120,NHS staff standards sub-score,2025,score,7.75,7.78,7.72,7.9,38.0
Q1 2026/27,North West,Mental health and community trust,Mental Health and Learning Disability,RXV,Greater Manchester Mental Health NHS Foundation Trust,People,People and culture,OF0120,NHS staff standards sub-score,2025,score,7.5,7.78,7.72,7.9,54.0
Q1 2026/27,South East,Mental health and community trust,Mental Health and Learning Disability,RXX,Surrey and Borders Partnership NHS Foundation Trust,People,People and culture,OF0120,NHS staff standards sub-score,2025,score,7.77,7.78,7.72,7.9,33.0
Q1 2026/27,South East,Mental health and community trust,Mental Health and Learning Disability,RXY,Kent and Medway Mental Health NHS Trust,People,People and culture,OF0120,NHS staff standards sub-score,2025,score,7.56,7.78,7.72,7.9,52.0
Q1 2026/27,East,Mental health and community trust,Community,RY3,Norfolk Community Health and Care NHS Trust,People,People and culture,OF0120,NHS staff standards sub-score,2025,score,7.97,7.78,7.72,7.9,9.0
Q1 2026/27,East,Mental health and community trust,Community,RY4,Hertfordshire Community NHS Trust,People,People and culture,OF0120,NHS staff standards sub-score,2025,score,8.07,7.78,7.72,7.9,4.0
Q1 2026/27,Midlands,Mental health and community trust,Community,RY5,Lincolnshire Community Health Services NHS Trust,People,People and culture,OF0120,NHS staff standards sub-score,2025,score,7.75,7.78,7.72,7.9,37.0
Q1 2026/27,North East and Yorkshire,Mental health and community trust,Community,RY6,Leeds Community Healthcare NHS Trust,People,People and culture,OF0120,NHS staff standards sub-score,2025,score,7.97,7.78,7.72,7.9,7.0
Q1 2026/27,North West,Mental health and community trust,Community,RY7,Wirral Community Health and Care NHS Foundation Trust,People,People and culture,OF0120,NHS staff standards sub-score,2025,score,7.81,7.78,7.72,7.9,22.0
Q1 2026/27,Midlands,Mental health and community trust,Community,RY8,Derbyshire Community Health Services NHS Foundation Trust,People,People and culture,OF0120,NHS staff standards sub-score,2025,score,7.94,7.78,7.72,7.9,10.0
Q1 2026/27,Midlands,Mental health and community trust,Mental Health and Learning Disability,RYG,Coventry and Warwickshire Partnership NHS Trust,People,People and culture,OF0120,NHS staff standards sub-score,2025,score,7.72,7.78,7.72,7.9,44.0
Q1 2026/27,Midlands,Mental health and community trust,Community,RYW,Birmingham Community Healthcare NHS Foundation Trust,People,People and culture,OF0120,NHS staff standards sub-score,2025,score,7.74,7.78,7.72,7.9,39.0
Q1 2026/27,London,Mental health and community trust,Community,RYX,Central London Community Healthcare NHS Trust,People,People and culture,OF0120,NHS staff standards sub-score,2025,score,7.88,7.78,7.72,7.9,17.0
Q1 2026/27,South East,Mental health and community trust,Community,RYY,Kent Community Health NHS Foundation Trust,People,People and culture,OF0120,NHS staff standards sub-score,2025,score,8.17,7.78,7.72,7.9,1.0
Q1 2026/27,North East and Yorkshire,Mental health and community trust,Care Trust,TAD,Bradford District Care NHS Foundation Trust,People,People and culture,OF0120,NHS staff standards sub-score,2025,score,7.97,7.78,7.72,7.9,8.0
Q1 2026/27,North East and Yorkshire,Mental health and community trust,Care Trust,TAH,Sheffield Health Partnership University NHS Foundation Trust,People,People and culture,OF0120,NHS staff standards sub-score,2025,score,7.5,7.78,7.72,7.9,55.0
Q1 2026/27,Midlands,Mental health and community trust,Mental Health and Learning Disability,TAJ,Black Country Healthcare NHS Foundation Trust,People,People and culture,OF0120,NHS staff standards sub-score,2025,score,7.62,7.78,7.72,7.9,49.0
Q1 2026/27,Midlands,Mental health and community trust,Community,R1A,Herefordshire and Worcestershire Health and Care NHS Trust,Access to services,Elective care,OF2001,Percentage of cases where a patient is waiting less than 18 weeks for community treatment,M3 26/27,score,1.0,,,,27.0
Q1 2026/27,Midlands,Mental health and community trust,Community,R1D,Shropshire Community Health NHS Trust,Access to services,Elective care,OF2001,Percentage of cases where a patient is waiting less than 18 weeks for community treatment,M3 26/27,score,1.0,,,,22.0
Q1 2026/27,East,Mental health and community trust,Mental Health and Learning Disability,R1L,Essex Partnership University NHS Foundation Trust,Access to services,Elective care,OF2001,Percentage of cases where a patient is waiting less than 18 weeks for community treatment,M3 26/27,score,1.0,,,,12.0
Q1 2026/27,London,Mental health and community trust,Mental Health and Learning Disability,RAT,North East London NHS Foundation Trust,Access to services,Elective care,OF2001,Percentage of cases where a patient is waiting less than 18 weeks for community treatment,M3 26/27,score,2.52,,,,31.0
Q1 2026/27,South East,Mental health and community trust,Community,RDR,Sussex Community NHS Foundation Trust,Access to services,Elective care,OF2001,Percentage of cases where a patient is waiting less than 18 weeks for community treatment,M3 26/27,score,3.3,,,,38.0
Q1 2026/27,South West,Mental health and community trust,Mental Health and Learning Disability,RDY,Dorset Healthcare University NHS Foundation Trust,Access to services,Elective care,OF2001,Percentage of cases where a patient is waiting less than 18 weeks for community treatment,M3 26/27,score,1.0,,,,19.0
Q1 2026/27,Midlands,Mental health and community trust,Mental Health and Learning Disability,RHA,Nottinghamshire Healthcare NHS Foundation Trust,Access to services,Elective care,OF2001,Percentage of cases where a patient is waiting less than 18 weeks for community treatment,M3 26/27,score,1.0,,,,16.0
Q1 2026/27,South West,Mental health and community trust,Mental Health and Learning Disability,RJ8,Cornwall Partnership NHS Foundation Trust,Access to services,Elective care,OF2001,Percentage of cases where a patient is waiting less than 18 weeks for community treatment,M3 26/27,score,2.61,,,,32.0
Q1 2026/27,London,Mental health and community trust,Mental Health and Learning Disability,RKL,West London NHS Trust,Access to services,Elective care,OF2001,Percentage of cases where a patient is waiting less than 18 weeks for community treatment,M3 26/27,score,1.0,,,,8.0
Q1 2026/27,South East,Mental health and community trust,Mental Health and Learning Disability,RNU,Oxford Health NHS Foundation Trust,Access to services,Elective care,OF2001,Percentage of cases where a patient is waiting less than 18 weeks for community treatment,M3 26/27,score,3.04,,,,35.0
Q1 2026/27,Midlands,Mental health and community trust,Mental Health and Learning Disability,RP1,Northamptonshire Healthcare NHS Foundation Trust,Access to services,Elective care,OF2001,Percentage of cases where a patient is waiting less than 18 weeks for community treatment,M3 26/27,score,2.74,,,,33.0
Q1 2026/27,London,Mental health and community trust,Mental Health and Learning Disability,RPG,Oxleas NHS Foundation Trust,Access to services,Elective care,OF2001,Percentage of cases where a patient is waiting less than 18 weeks for community treatment,M3 26/27,score,2.83,,,,34.0
Q1 2026/27,Midlands,Mental health and community trust,Mental Health and Learning Disability,RRE,Midlands Partnership University NHS Foundation Trust,Access to services,Elective care,OF2001,Percentage of cases where a patient is waiting less than 18 weeks for community treatment,M3 26/27,score,1.0,,,,15.0
Q1 2026/27,East,Mental health and community trust,Mental Health and Learning Disability,RT1,Cambridgeshire and Peterborough NHS Foundation Trust,Access to services,Elective care,OF2001,Percentage of cases where a patient is waiting less than 18 weeks for community treatment,M3 26/27,score,1.0,,,,25.0
Q1 2026/27,Midlands,Mental health and community trust,Mental Health and Learning Disability,RT5,Leicestershire Partnership NHS Trust,Access to services,Elective care,OF2001,Percentage of cases where a patient is waiting less than 18 weeks for community treatment,M3 26/27,score,3.35,,,,39.0
Q1 2026/27,South West,Mental health and community trust,Mental Health and Learning Disability,RTQ,Gloucestershire Health and Care NHS Foundation Trust,Access to services,Elective care,OF2001,Percentage of cases where a patient is waiting less than 18 weeks for community treatment,M3 26/27,score,2.0,,,,28.0
Q1 2026/27,London,Mental health and community trust,Mental Health and Learning Disability,RV3,Central and North West London NHS Foundation Trust,Access to services,Elective care,OF2001,Percentage of cases where a patient is waiting less than 18 weeks for community treatment,M3 26/27,score,1.0,,,,11.0
Q1 2026/27,North East and Yorkshire,Mental health and community trust,Mental Health and Learning Disability,RV9,Humber Teaching NHS Foundation Trust,Access to services,Elective care,OF2001,Percentage of cases where a patient is waiting less than 18 weeks for community treatment,M3 26/27,score,1.0,,,,26.0
Q1 2026/27,South East,Mental health and community trust,Mental Health and Learning Disability,RW1,Hampshire and Isle of Wight Healthcare NHS Foundation Trust,Access to services,Elective care,OF2001,Percentage of cases where a patient is waiting less than 18 weeks for community treatment,M3 26/27,score,1.0,,,,18.0
Q1 2026/27,North West,Mental health and community trust,Mental Health and Learning Disability,RW4,Mersey Care NHS Foundation Trust,Access to services,Elective care,OF2001,Percentage of cases where a patient is waiting less than 18 weeks for community treatment,M3 26/27,score,1.0,,,,6.0
Q1 2026/27,North West,Mental health and community trust,Mental Health and Learning Disability,RW5,Lancashire & South Cumbria NHS Foundation Trust,Access to services,Elective care,OF2001,Percentage of cases where a patient is waiting less than 18 weeks for community treatment,M3 26/27,score,1.0,,,,10.0
Q1 2026/27,London,Mental health and community trust,Mental Health and Learning Disability,RWK,East London NHS Foundation Trust,Access to services,Elective care,OF2001,Percentage of cases where a patient is waiting less than 18 weeks for community treatment,M3 26/27,score,1.0,,,,17.0
Q1 2026/27,South West,Mental health and community trust,Mental Health and Learning Disability,RWV,Devon Partnership NHS Trust,Access to services,Elective care,OF2001,Percentage of cases where a patient is waiting less than 18 weeks for community treatment,M3 26/27,score,3.7,,,,40.0
Q1 2026/27,South East,Mental health and community trust,Mental Health and Learning Disability,RWX,Berkshire Healthcare NHS Foundation Trust,Access to services,Elective care,OF2001,Percentage of cases where a patient is waiting less than 18 weeks for community treatment,M3 26/27,score,1.0,,,,23.0
Q1 2026/27,North West,Mental health and community trust,Mental Health and Learning Disability,RXA,Cheshire and Wirral Partnership NHS Foundation Trust,Access to services,Elective care,OF2001,Percentage of cases where a patient is waiting less than 18 weeks for community treatment,M3 26/27,score,1.0,,,,4.0
Q1 2026/27,North East and Yorkshire,Mental health and community trust,Mental Health and Learning Disability,RXE,Rotherham Doncaster and South Humber NHS Foundation Trust,Access to services,Elective care,OF2001,Percentage of cases where a patient is waiting less than 18 weeks for community treatment,M3 26/27,score,1.0,,,,1.0
Q1 2026/27,North East and Yorkshire,Mental health and community trust,Mental Health and Learning Disability,RXG,South West Yorkshire Partnership NHS Foundation Trust,Access to services,Elective care,OF2001,Percentage of cases where a patient is waiting less than 18 weeks for community treatment,M3 26/27,score,1.0,,,,14.0
Q1 2026/27,Midlands,Mental health and community trust,Mental Health and Learning Disability,RXM,Derbyshire Healthcare NHS Foundation Trust,Access to services,Elective care,OF2001,Percentage of cases where a patient is waiting less than 18 weeks for community treatment,M3 26/27,score,3.78,,,,41.0
Q1 2026/27,East,Mental health and community trust,Community,RY3,Norfolk Community Health and Care NHS Trust,Access to services,Elective care,OF2001,Percentage of cases where a patient is waiting less than 18 weeks for community treatment,M3 26/27,score,2.39,,,,30.0
Q1 2026/27,East,Mental health and community trust,Community,RY4,Hertfordshire Community NHS Trust,Access to services,Elective care,OF2001,Percentage of cases where a patient is waiting less than 18 weeks for community treatment,M3 26/27,score,1.0,,,,21.0
Q1 2026/27,Midlands,Mental health and community trust,Community,RY5,Lincolnshire Community Health Services NHS Trust,Access to services,Elective care,OF2001,Percentage of cases where a patient is waiting less than 18 weeks for community treatment,M3 26/27,score,1.0,,,,9.0
Q1 2026/27,North East and Yorkshire,Mental health and community trust,Community,RY6,Leeds Community Healthcare NHS Trust,Access to services,Elective care,OF2001,Percentage of cases where a patient is waiting less than 18 weeks for community treatment,M3 26/27,score,1.0,,,,24.0
Q1 2026/27,North West,Mental health and community trust,Community,RY7,Wirral Community Health and Care NHS Foundation Trust,Access to services,Elective care,OF2001,Percentage of cases where a patient is waiting less than 18 weeks for community treatment,M3 26/27,score,1.0,,,,20.0
Q1 2026/27,Midlands,Mental health and community trust,Community,RY8,Derbyshire Community Health Services NHS Foundation Trust,Access to services,Elective care,OF2001,Percentage of cases where a patient is waiting less than 18 weeks for community treatment,M3 26/27,score,1.0,,,,13.0
Q1 2026/27,Midlands,Mental health and community trust,Mental Health and Learning Disability,RYG,Coventry and Warwickshire Partnership NHS Trust,Access to services,Elective care,OF2001,Percentage of cases where a patient is waiting less than 18 weeks for community treatment,M3 26/27,score,3.22,,,,37.0
Q1 2026/27,Midlands,Mental health and community trust,Community,RYW,Birmingham Community Healthcare NHS Foundation Trust,Access to services,Elective care,OF2001,Percentage of cases where a patient is waiting less than 18 weeks for community treatment,M3 26/27,score,3.09,,,,36.0
Q1 2026/27,London,Mental health and community trust,Community,RYX,Central London Community Healthcare NHS Trust,Access to services,Elective care,OF2001,Percentage of cases where a patient is waiting less than 18 weeks for community treatment,M3 26/27,score,1.0,,,,2.0
Q1 2026/27,South East,Mental health and community trust,Community,RYY,Kent Community Health NHS Foundation Trust,Access to services,Elective care,OF2001,Percentage of cases where a patient is waiting less than 18 weeks for community treatment,M3 26/27,score,1.0,,,,5.0
Q1 2026/27,North East and Yorkshire,Mental health and community trust,Care Trust,TAD,Bradford District Care NHS Foundation Trust,Access to services,Elective care,OF2001,Percentage of cases where a patient is waiting less than 18 weeks for community treatment,M3 26/27,score,1.0,,,,7.0
Q1 2026/27,North East and Yorkshire,Mental health and community trust,Care Trust,TAH,Sheffield Health Partnership University NHS Foundation Trust,Access to services,Elective care,OF2001,Percentage of cases where a patient is waiting less than 18 weeks for community treatment,M3 26/27,score,1.0,,,,3.0
Q1 2026/27,Midlands,Mental health and community trust,Mental Health and Learning Disability,TAJ,Black Country Healthcare NHS Foundation Trust,Access to services,Elective care,OF2001,Percentage of cases where a patient is waiting less than 18 weeks for community treatment,M3 26/27,score,2.3,,,,29.0
Q1 2026/27,Midlands,Mental health and community trust,Community,R1A,Herefordshire and Worcestershire Health and Care NHS Trust,Access to services,Elective care,OF2005,Percentage of cases where a patient is waiting more than 52 weeks for community treatment,M3 26/27,score,3.29,,,,31.0
Q1 2026/27,Midlands,Mental health and community trust,Community,R1D,Shropshire Community Health NHS Trust,Access to services,Elective care,OF2005,Percentage of cases where a patient is waiting more than 52 weeks for community treatment,M3 26/27,score,2.02,,,,17.0
Q1 2026/27,East,Mental health and community trust,Mental Health and Learning Disability,R1L,Essex Partnership University NHS Foundation Trust,Access to services,Elective care,OF2005,Percentage of cases where a patient is waiting more than 52 weeks for community treatment,M3 26/27,score,1.0,,,,1.0
Q1 2026/27,London,Mental health and community trust,Mental Health and Learning Disability,RAT,North East London NHS Foundation Trust,Access to services,Elective care,OF2005,Percentage of cases where a patient is waiting more than 52 weeks for community treatment,M3 26/27,score,3.33,,,,32.0
Q1 2026/27,South East,Mental health and community trust,Community,RDR,Sussex Community NHS Foundation Trust,Access to services,Elective care,OF2005,Percentage of cases where a patient is waiting more than 52 weeks for community treatment,M3 26/27,score,3.07,,,,29.0
Q1 2026/27,South West,Mental health and community trust,Mental Health and Learning Disability,RDY,Dorset Healthcare University NHS Foundation Trust,Access to services,Elective care,OF2005,Percentage of cases where a patient is waiting more than 52 weeks for community treatment,M3 26/27,score,1.0,,,,1.0
Q1 2026/27,Midlands,Mental health and community trust,Mental Health and Learning Disability,RHA,Nottinghamshire Healthcare NHS Foundation Trust,Access to services,Elective care,OF2005,Percentage of cases where a patient is waiting more than 52 weeks for community treatment,M3 26/27,score,2.93,,,,28.0
Q1 2026/27,South West,Mental health and community trust,Mental Health and Learning Disability,RJ8,Cornwall Partnership NHS Foundation Trust,Access to services,Elective care,OF2005,Percentage of cases where a patient is waiting more than 52 weeks for community treatment,M3 26/27,score,3.57,,,,36.0
Q1 2026/27,London,Mental health and community trust,Mental Health and Learning Disability,RKL,West London NHS Trust,Access to services,Elective care,OF2005,Percentage of cases where a patient is waiting more than 52 weeks for community treatment,M3 26/27,score,2.55,,,,22.0
Q1 2026/27,South East,Mental health and community trust,Mental Health and Learning Disability,RNU,Oxford Health NHS Foundation Trust,Access to services,Elective care,OF2005,Percentage of cases where a patient is waiting more than 52 weeks for community treatment,M3 26/27,score,3.5,,,,35.0
Q1 2026/27,Midlands,Mental health and community trust,Mental Health and Learning Disability,RP1,Northamptonshire Healthcare NHS Foundation Trust,Access to services,Elective care,OF2005,Percentage of cases where a patient is waiting more than 52 weeks for community treatment,M3 26/27,score,3.48,,,,34.0
Q1 2026/27,London,Mental health and community trust,Mental Health and Learning Disability,RPG,Oxleas NHS Foundation Trust,Access to services,Elective care,OF2005,Percentage of cases where a patient is waiting more than 52 weeks for community treatment,M3 26/27,score,3.67,,,,37.0
Q1 2026/27,Midlands,Mental health and community trust,Mental Health and Learning Disability,RRE,Midlands Partnership University NHS Foundation Trust,Access to services,Elective care,OF2005,Percentage of cases where a patient is waiting more than 52 weeks for community treatment,M3 26/27,score,1.0,,,,1.0
Q1 2026/27,East,Mental health and community trust,Mental Health and Learning Disability,RT1,Cambridgeshire and Peterborough NHS Foundation Trust,Access to services,Elective care,OF2005,Percentage of cases where a patient is waiting more than 52 weeks for community treatment,M3 26/27,score,2.9,,,,27.0
Q1 2026/27,Midlands,Mental health and community trust,Mental Health and Learning Disability,RT5,Leicestershire Partnership NHS Trust,Access to services,Elective care,OF2005,Percentage of cases where a patient is waiting more than 52 weeks for community treatment,M3 26/27,score,3.81,,,,39.0
Q1 2026/27,South West,Mental health and community trust,Mental Health and Learning Disability,RTQ,Gloucestershire Health and Care NHS Foundation Trust,Access to services,Elective care,OF2005,Percentage of cases where a patient is waiting more than 52 weeks for community treatment,M3 26/27,score,2.79,,,,25.0
Q1 2026/27,London,Mental health and community trust,Mental Health and Learning Disability,RV3,Central and North West London NHS Foundation Trust,Access to services,Elective care,OF2005,Percentage of cases where a patient is waiting more than 52 weeks for community treatment,M3 26/27,score,1.0,,,,1.0
Q1 2026/27,North East and Yorkshire,Mental health and community trust,Mental Health and Learning Disability,RV9,Humber Teaching NHS Foundation Trust,Access to services,Elective care,OF2005,Percentage of cases where a patient is waiting more than 52 weeks for community treatment,M3 26/27,score,1.0,,,,1.0
Q1 2026/27,South East,Mental health and community trust,Mental Health and Learning Disability,RW1,Hampshire and Isle of Wight Healthcare NHS Foundation Trust,Access to services,Elective care,OF2005,Percentage of cases where a patient is waiting more than 52 weeks for community treatment,M3 26/27,score,2.29,,,,18.0
Q1 2026/27,North West,Mental health and community trust,Mental Health and Learning Disability,RW4,Mersey Care NHS Foundation Trust,Access to services,Elective care,OF2005,Percentage of cases where a patient is waiting more than 52 weeks for community treatment,M3 26/27,score,1.0,,,,1.0
Q1 2026/27,North West,Mental health and community trust,Mental Health and Learning Disability,RW5,Lancashire & South Cumbria NHS Foundation Trust,Access to services,Elective care,OF2005,Percentage of cases where a patient is waiting more than 52 weeks for community treatment,M3 26/27,score,1.0,,,,1.0
Q1 2026/27,London,Mental health and community trust,Mental Health and Learning Disability,RWK,East London NHS Foundation Trust,Access to services,Elective care,OF2005,Percentage of cases where a patient is waiting more than 52 weeks for community treatment,M3 26/27,score,3.12,,,,30.0
Q1 2026/27,South West,Mental health and community trust,Mental Health and Learning Disability,RWV,Devon Partnership NHS Trust,Access to services,Elective care,OF2005,Percentage of cases where a patient is waiting more than 52 weeks for community treatment,M3 26/27,score,3.83,,,,40.0
Q1 2026/27,South East,Mental health and community trust,Mental Health and Learning Disability,RWX,Berkshire Healthcare NHS Foundation Trust,Access to services,Elective care,OF2005,Percentage of cases where a patient is waiting more than 52 weeks for community treatment,M3 26/27,score,2.43,,,,21.0
Q1 2026/27,North West,Mental health and community trust,Mental Health and Learning Disability,RXA,Cheshire and Wirral Partnership NHS Foundation Trust,Access to services,Elective care,OF2005,Percentage of cases where a patient is waiting more than 52 weeks for community treatment,M3 26/27,score,2.4,,,,20.0
Q1 2026/27,North East and Yorkshire,Mental health and community trust,Mental Health and Learning Disability,RXE,Rotherham Doncaster and South Humber NHS Foundation Trust,Access to services,Elective care,OF2005,Percentage of cases where a patient is waiting more than 52 weeks for community treatment,M3 26/27,score,1.0,,,,1.0
Q1 2026/27,North East and Yorkshire,Mental health and community trust,Mental Health and Learning Disability,RXG,South West Yorkshire Partnership NHS Foundation Trust,Access to services,Elective care,OF2005,Percentage of cases where a patient is waiting more than 52 weeks for community treatment,M3 26/27,score,1.0,,,,1.0
Q1 2026/27,Midlands,Mental health and community trust,Mental Health and Learning Disability,RXM,Derbyshire Healthcare NHS Foundation Trust,Access to services,Elective care,OF2005,Percentage of cases where a patient is waiting more than 52 weeks for community treatment,M3 26/27,score,3.88,,,,41.0
Q1 2026/27,East,Mental health and community trust,Community,RY3,Norfolk Community Health and Care NHS Trust,Access to services,Elective care,OF2005,Percentage of cases where a patient is waiting more than 52 weeks for community treatment,M3 26/27,score,3.43,,,,33.0
Q1 2026/27,East,Mental health and community trust,Community,RY4,Hertfordshire Community NHS Trust,Access to services,Elective care,OF2005,Percentage of cases where a patient is waiting more than 52 weeks for community treatment,M3 26/27,score,2.57,,,,23.0
Q1 2026/27,Midlands,Mental health and community trust,Community,RY5,Lincolnshire Community Health Services NHS Trust,Access to services,Elective care,OF2005,Percentage of cases where a patient is waiting more than 52 weeks for community treatment,M3 26/27,score,1.0,,,,1.0
Q1 2026/27,North East and Yorkshire,Mental health and community trust,Community,RY6,Leeds Community Healthcare NHS Trust,Access to services,Elective care,OF2005,Percentage of cases where a patient is waiting more than 52 weeks for community treatment,M3 26/27,score,2.86,,,,26.0
Q1 2026/27,North West,Mental health and community trust,Community,RY7,Wirral Community Health and Care NHS Foundation Trust,Access to services,Elective care,OF2005,Percentage of cases where a patient is waiting more than 52 weeks for community treatment,M3 26/27,score,1.0,,,,1.0
Q1 2026/27,Midlands,Mental health and community trust,Community,RY8,Derbyshire Community Health Services NHS Foundation Trust,Access to services,Elective care,OF2005,Percentage of cases where a patient is waiting more than 52 weeks for community treatment,M3 26/27,score,2.0,,,,16.0
Q1 2026/27,Midlands,Mental health and community trust,Mental Health and Learning Disability,RYG,Coventry and Warwickshire Partnership NHS Trust,Access to services,Elective care,OF2005,Percentage of cases where a patient is waiting more than 52 weeks for community treatment,M3 26/27,score,2.36,,,,19.0
Q1 2026/27,Midlands,Mental health and community trust,Community,RYW,Birmingham Community Healthcare NHS Foundation Trust,Access to services,Elective care,OF2005,Percentage of cases where a patient is waiting more than 52 weeks for community treatment,M3 26/27,score,3.74,,,,38.0
Q1 2026/27,London,Mental health and community trust,Community,RYX,Central London Community Healthcare NHS Trust,Access to services,Elective care,OF2005,Percentage of cases where a patient is waiting more than 52 weeks for community treatment,M3 26/27,score,1.0,,,,1.0
Q1 2026/27,South East,Mental health and community trust,Community,RYY,Kent Community Health NHS Foundation Trust,Access to services,Elective care,OF2005,Percentage of cases where a patient is waiting more than 52 weeks for community treatment,M3 26/27,score,1.0,,,,1.0
Q1 2026/27,North East and Yorkshire,Mental health and community trust,Care Trust,TAD,Bradford District Care NHS Foundation Trust,Access to services,Elective care,OF2005,Percentage of cases where a patient is waiting more than 52 weeks for community treatment,M3 26/27,score,1.0,,,,1.0
Q1 2026/27,North East and Yorkshire,Mental health and community trust,Care Trust,TAH,Sheffield Health Partnership University NHS Foundation Trust,Access to services,Elective care,OF2005,Percentage of cases where a patient is waiting more than 52 weeks for community treatment,M3 26/27,score,1.0,,,,1.0
Q1 2026/27,Midlands,Mental health and community trust,Mental Health and Learning Disability,TAJ,Black Country Healthcare NHS Foundation Trust,Access to services,Elective care,OF2005,Percentage of cases where a patient is waiting more than 52 weeks for community treatment,M3 26/27,score,2.71,,,,24.0
Q1 2026/27,London,Mental health and community trust,Mental Health and Learning Disability,G6V2S,North London NHS Foundation Trust,Patient safety,High quality care,OF2016,Urgent crisis response within 24 hours    ,Q1 26/27,score,1.0,,,,8.0
Q1 2026/27,Midlands,Mental health and community trust,Community,R1A,Herefordshire and Worcestershire Health and Care NHS Trust,Patient safety,High quality care,OF2016,Urgent crisis response within 24 hours    ,Q1 26/27,score,2.0,,,,30.0
Q1 2026/27,East,Mental health and community trust,Mental Health and Learning Disability,R1L,Essex Partnership University NHS Foundation Trust,Patient safety,High quality care,OF2016,Urgent crisis response within 24 hours    ,Q1 26/27,score,3.0,,,,39.0
Q1 2026/27,London,Mental health and community trust,Mental Health and Learning Disability,RAT,North East London NHS Foundation Trust,Patient safety,High quality care,OF2016,Urgent crisis response within 24 hours    ,Q1 26/27,score,1.0,,,,16.0
Q1 2026/27,South West,Mental health and community trust,Mental Health and Learning Disability,RDY,Dorset Healthcare University NHS Foundation Trust,Patient safety,High quality care,OF2016,Urgent crisis response within 24 hours    ,Q1 26/27,score,3.0,,,,35.0
Q1 2026/27,North East and Yorkshire,Mental health and community trust,Mental Health and Learning Disability,RGD,Leeds and York Partnership NHS Foundation Trust,Patient safety,High quality care,OF2016,Urgent crisis response within 24 hours    ,Q1 26/27,score,2.0,,,,17.0
Q1 2026/27,Midlands,Mental health and community trust,Mental Health and Learning Disability,RHA,Nottinghamshire Healthcare NHS Foundation Trust,Patient safety,High quality care,OF2016,Urgent crisis response within 24 hours    ,Q1 26/27,score,2.0,,,,31.0
Q1 2026/27,South West,Mental health and community trust,Mental Health and Learning Disability,RJ8,Cornwall Partnership NHS Foundation Trust,Patient safety,High quality care,OF2016,Urgent crisis response within 24 hours    ,Q1 26/27,score,1.0,,,,7.0
Q1 2026/27,London,Mental health and community trust,Mental Health and Learning Disability,RKL,West London NHS Trust,Patient safety,High quality care,OF2016,Urgent crisis response within 24 hours    ,Q1 26/27,score,2.0,,,,20.0
Q1 2026/27,Midlands,Mental health and community trust,Mental Health and Learning Disability,RLY,North Staffordshire Combined Healthcare NHS Trust,Patient safety,High quality care,OF2016,Urgent crisis response within 24 hours    ,Q1 26/27,score,3.0,,,,41.0
Q1 2026/27,East,Mental health and community trust,Mental Health and Learning Disability,RMY,Norfolk and Suffolk NHS Foundation Trust,Patient safety,High quality care,OF2016,Urgent crisis response within 24 hours    ,Q1 26/27,score,2.0,,,,28.0
Q1 2026/27,South East,Mental health and community trust,Mental Health and Learning Disability,RNU,Oxford Health NHS Foundation Trust,Patient safety,High quality care,OF2016,Urgent crisis response within 24 hours    ,Q1 26/27,score,1.0,,,,12.0
Q1 2026/27,Midlands,Mental health and community trust,Mental Health and Learning Disability,RP1,Northamptonshire Healthcare NHS Foundation Trust,Patient safety,High quality care,OF2016,Urgent crisis response within 24 hours    ,Q1 26/27,score,1.0,,,,14.0
Q1 2026/27,Midlands,Mental health and community trust,Mental Health and Learning Disability,RP7,Lincolnshire Partnership NHS Foundation Trust,Patient safety,High quality care,OF2016,Urgent crisis response within 24 hours    ,Q1 26/27,score,4.0,,,,46.0
Q1 2026/27,London,Mental health and community trust,Mental Health and Learning Disability,RPG,Oxleas NHS Foundation Trust,Patient safety,High quality care,OF2016,Urgent crisis response within 24 hours    ,Q1 26/27,score,1.0,,,,1.0
Q1 2026/27,London,Mental health and community trust,Mental Health and Learning Disability,RQY,South West London and St George's Mental Health NHS Trust,Patient safety,High quality care,OF2016,Urgent crisis response within 24 hours    ,Q1 26/27,score,2.0,,,,26.0
Q1 2026/27,Midlands,Mental health and community trust,Mental Health and Learning Disability,RRE,Midlands Partnership University NHS Foundation Trust,Patient safety,High quality care,OF2016,Urgent crisis response within 24 hours    ,Q1 26/27,score,2.0,,,,23.0
Q1 2026/27,East,Mental health and community trust,Mental Health and Learning Disability,RT1,Cambridgeshire and Peterborough NHS Foundation Trust,Patient safety,High quality care,OF2016,Urgent crisis response within 24 hours    ,Q1 26/27,score,2.0,,,,19.0
Q1 2026/27,North West,Mental health and community trust,Mental Health and Learning Disability,RT2,Pennine Care NHS Foundation Trust,Patient safety,High quality care,OF2016,Urgent crisis response within 24 hours    ,Q1 26/27,score,4.0,,,,47.0
Q1 2026/27,Midlands,Mental health and community trust,Mental Health and Learning Disability,RT5,Leicestershire Partnership NHS Trust,Patient safety,High quality care,OF2016,Urgent crisis response within 24 hours    ,Q1 26/27,score,1.0,,,,11.0
Q1 2026/27,South West,Mental health and community trust,Mental Health and Learning Disability,RTQ,Gloucestershire Health and Care NHS Foundation Trust,Patient safety,High quality care,OF2016,Urgent crisis response within 24 hours    ,Q1 26/27,score,1.0,,,,5.0
Q1 2026/27,London,Mental health and community trust,Mental Health and Learning Disability,RV3,Central and North West London NHS Foundation Trust,Patient safety,High quality care,OF2016,Urgent crisis response within 24 hours    ,Q1 26/27,score,1.0,,,,2.0
Q1 2026/27,London,Mental health and community trust,Mental Health and Learning Disability,RV5,South London and Maudsley NHS Foundation Trust,Patient safety,High quality care,OF2016,Urgent crisis response within 24 hours    ,Q1 26/27,score,1.0,,,,3.0
Q1 2026/27,North East and Yorkshire,Mental health and community trust,Mental Health and Learning Disability,RV9,Humber Teaching NHS Foundation Trust,Patient safety,High quality care,OF2016,Urgent crisis response within 24 hours    ,Q1 26/27,score,1.0,,,,4.0
Q1 2026/27,South West,Mental health and community trust,Mental Health and Learning Disability,RVN,Avon and Wiltshire Mental Health Partnership NHS Trust,Patient safety,High quality care,OF2016,Urgent crisis response within 24 hours    ,Q1 26/27,score,2.0,,,,22.0
Q1 2026/27,South East,Mental health and community trust,Mental Health and Learning Disability,RW1,Hampshire and Isle of Wight Healthcare NHS Foundation Trust,Patient safety,High quality care,OF2016,Urgent crisis response within 24 hours    ,Q1 26/27,score,2.0,,,,18.0
Q1 2026/27,North West,Mental health and community trust,Mental Health and Learning Disability,RW4,Mersey Care NHS Foundation Trust,Patient safety,High quality care,OF2016,Urgent crisis response within 24 hours    ,Q1 26/27,score,2.0,,,,29.0
Q1 2026/27,North West,Mental health and community trust,Mental Health and Learning Disability,RW5,Lancashire & South Cumbria NHS Foundation Trust,Patient safety,High quality care,OF2016,Urgent crisis response within 24 hours    ,Q1 26/27,score,4.0,,,,45.0
Q1 2026/27,London,Mental health and community trust,Mental Health and Learning Disability,RWK,East London NHS Foundation Trust,Patient safety,High quality care,OF2016,Urgent crisis response within 24 hours    ,Q1 26/27,score,2.0,,,,25.0
Q1 2026/27,East,Mental health and community trust,Mental Health and Learning Disability,RWR,Hertfordshire Partnership University NHS Foundation Trust,Patient safety,High quality care,OF2016,Urgent crisis response within 24 hours    ,Q1 26/27,score,2.0,,,,32.0
Q1 2026/27,South West,Mental health and community trust,Mental Health and Learning Disability,RWV,Devon Partnership NHS Trust,Patient safety,High quality care,OF2016,Urgent crisis response within 24 hours    ,Q1 26/27,score,1.0,,,,15.0
Q1 2026/27,South East,Mental health and community trust,Mental Health and Learning Disability,RWX,Berkshire Healthcare NHS Foundation Trust,Patient safety,High quality care,OF2016,Urgent crisis response within 24 hours    ,Q1 26/27,score,3.0,,,,40.0
Q1 2026/27,South East,Mental health and community trust,Mental Health and Learning Disability,RX2,Sussex Partnership NHS Foundation Trust,Patient safety,High quality care,OF2016,Urgent crisis response within 24 hours    ,Q1 26/27,score,3.0,,,,44.0
Q1 2026/27,North East and Yorkshire,Mental health and community trust,Mental Health and Learning Disability,RX3,"Tees, Esk and Wear Valleys NHS Foundation Trust",Patient safety,High quality care,OF2016,Urgent crisis response within 24 hours    ,Q1 26/27,score,1.0,,,,9.0
Q1 2026/27,North East and Yorkshire,Mental health and community trust,Mental Health and Learning Disability,RX4,"Cumbria, Northumberland, Tyne and Wear NHS Foundation Trust",Patient safety,High quality care,OF2016,Urgent crisis response within 24 hours    ,Q1 26/27,score,2.0,,,,24.0
Q1 2026/27,North West,Mental health and community trust,Mental Health and Learning Disability,RXA,Cheshire and Wirral Partnership NHS Foundation Trust,Patient safety,High quality care,OF2016,Urgent crisis response within 24 hours    ,Q1 26/27,score,2.0,,,,27.0
Q1 2026/27,North East and Yorkshire,Mental health and community trust,Mental Health and Learning Disability,RXE,Rotherham Doncaster and South Humber NHS Foundation Trust,Patient safety,High quality care,OF2016,Urgent crisis response within 24 hours    ,Q1 26/27,score,3.0,,,,36.0
Q1 2026/27,North East and Yorkshire,Mental health and community trust,Mental Health and Learning Disability,RXG,South West Yorkshire Partnership NHS Foundation Trust,Patient safety,High quality care,OF2016,Urgent crisis response within 24 hours    ,Q1 26/27,score,1.0,,,,10.0
Q1 2026/27,Midlands,Mental health and community trust,Mental Health and Learning Disability,RXM,Derbyshire Healthcare NHS Foundation Trust,Patient safety,High quality care,OF2016,Urgent crisis response within 24 hours    ,Q1 26/27,score,2.0,,,,33.0
Q1 2026/27,Midlands,Mental health and community trust,Mental Health and Learning Disability,RXT,Birmingham and Solihull Mental Health NHS Foundation Trust,Patient safety,High quality care,OF2016,Urgent crisis response within 24 hours    ,Q1 26/27,score,3.0,,,,37.0
Q1 2026/27,North West,Mental health and community trust,Mental Health and Learning Disability,RXV,Greater Manchester Mental Health NHS Foundation Trust,Patient safety,High quality care,OF2016,Urgent crisis response within 24 hours    ,Q1 26/27,score,3.0,,,,43.0
Q1 2026/27,South East,Mental health and community trust,Mental Health and Learning Disability,RXX,Surrey and Borders Partnership NHS Foundation Trust,Patient safety,High quality care,OF2016,Urgent crisis response within 24 hours    ,Q1 26/27,score,3.0,,,,34.0
Q1 2026/27,South East,Mental health and community trust,Mental Health and Learning Disability,RXY,Kent and Medway Mental Health NHS Trust,Patient safety,High quality care,OF2016,Urgent crisis response within 24 hours    ,Q1 26/27,score,1.0,,,,13.0
Q1 2026/27,Midlands,Mental health and community trust,Mental Health and Learning Disability,RYG,Coventry and Warwickshire Partnership NHS Trust,Patient safety,High quality care,OF2016,Urgent crisis response within 24 hours    ,Q1 26/27,score,3.0,,,,42.0
Q1 2026/27,North East and Yorkshire,Mental health and community trust,Care Trust,TAD,Bradford District Care NHS Foundation Trust,Patient safety,High quality care,OF2016,Urgent crisis response within 24 hours    ,Q1 26/27,score,1.0,,,,6.0
Q1 2026/27,North East and Yorkshire,Mental health and community trust,Care Trust,TAH,Sheffield Health Partnership University NHS Foundation Trust,Patient safety,High quality care,OF2016,Urgent crisis response within 24 hours    ,Q1 26/27,score,2.0,,,,21.0
Q1 2026/27,Midlands,Mental health and community trust,Mental Health and Learning Disability,TAJ,Black Country Healthcare NHS Foundation Trust,Patient safety,High quality care,OF2016,Urgent crisis response within 24 hours    ,Q1 26/27,score,3.0,,,,38.0
Q1 2026/27,London,Mental health and community trust,Mental Health and Learning Disability,G6V2S,North London NHS Foundation Trust,Access to services,Mental health care,OF2029,Combined CYP and adult CMH paired outcome completeness,Jun-26,score,3.0,,,,
Q1 2026/27,Midlands,Mental health and community trust,Community,R1A,Herefordshire and Worcestershire Health and Care NHS Trust,Access to services,Mental health care,OF2029,Combined CYP and adult CMH paired outcome completeness,Jun-26,score,1.0,,,,
Q1 2026/27,East,Mental health and community trust,Mental Health and Learning Disability,R1L,Essex Partnership University NHS Foundation Trust,Access to services,Mental health care,OF2029,Combined CYP and adult CMH paired outcome completeness,Jun-26,score,4.0,,,,
Q1 2026/27,London,Mental health and community trust,Mental Health and Learning Disability,RAT,North East London NHS Foundation Trust,Access to services,Mental health care,OF2029,Combined CYP and adult CMH paired outcome completeness,Jun-26,score,2.0,,,,
Q1 2026/27,South West,Mental health and community trust,Mental Health and Learning Disability,RDY,Dorset Healthcare University NHS Foundation Trust,Access to services,Mental health care,OF2029,Combined CYP and adult CMH paired outcome completeness,Jun-26,score,3.0,,,,
Q1 2026/27,North East and Yorkshire,Mental health and community trust,Mental Health and Learning Disability,RGD,Leeds and York Partnership NHS Foundation Trust,Access to services,Mental health care,OF2029,Combined CYP and adult CMH paired outcome completeness,Jun-26,score,2.0,,,,
Q1 2026/27,Midlands,Mental health and community trust,Mental Health and Learning Disability,RHA,Nottinghamshire Healthcare NHS Foundation Trust,Access to services,Mental health care,OF2029,Combined CYP and adult CMH paired outcome completeness,Jun-26,score,1.0,,,,
Q1 2026/27,South West,Mental health and community trust,Mental Health and Learning Disability,RJ8,Cornwall Partnership NHS Foundation Trust,Access to services,Mental health care,OF2029,Combined CYP and adult CMH paired outcome completeness,Jun-26,score,2.0,,,,
Q1 2026/27,London,Mental health and community trust,Mental Health and Learning Disability,RKL,West London NHS Trust,Access to services,Mental health care,OF2029,Combined CYP and adult CMH paired outcome completeness,Jun-26,score,2.0,,,,
Q1 2026/27,Midlands,Mental health and community trust,Mental Health and Learning Disability,RLY,North Staffordshire Combined Healthcare NHS Trust,Access to services,Mental health care,OF2029,Combined CYP and adult CMH paired outcome completeness,Jun-26,score,2.0,,,,
Q1 2026/27,East,Mental health and community trust,Mental Health and Learning Disability,RMY,Norfolk and Suffolk NHS Foundation Trust,Access to services,Mental health care,OF2029,Combined CYP and adult CMH paired outcome completeness,Jun-26,score,3.0,,,,
Q1 2026/27,South East,Mental health and community trust,Mental Health and Learning Disability,RNU,Oxford Health NHS Foundation Trust,Access to services,Mental health care,OF2029,Combined CYP and adult CMH paired outcome completeness,Jun-26,score,2.0,,,,
Q1 2026/27,Midlands,Mental health and community trust,Mental Health and Learning Disability,RP1,Northamptonshire Healthcare NHS Foundation Trust,Access to services,Mental health care,OF2029,Combined CYP and adult CMH paired outcome completeness,Jun-26,score,3.0,,,,
Q1 2026/27,Midlands,Mental health and community trust,Mental Health and Learning Disability,RP7,Lincolnshire Partnership NHS Foundation Trust,Access to services,Mental health care,OF2029,Combined CYP and adult CMH paired outcome completeness,Jun-26,score,2.0,,,,
Q1 2026/27,London,Mental health and community trust,Mental Health and Learning Disability,RPG,Oxleas NHS Foundation Trust,Access to services,Mental health care,OF2029,Combined CYP and adult CMH paired outcome completeness,Jun-26,score,3.0,,,,
Q1 2026/27,London,Mental health and community trust,Mental Health and Learning Disability,RQY,South West London and St George's Mental Health NHS Trust,Access to services,Mental health care,OF2029,Combined CYP and adult CMH paired outcome completeness,Jun-26,score,2.0,,,,
Q1 2026/27,Midlands,Mental health and community trust,Mental Health and Learning Disability,RRE,Midlands Partnership University NHS Foundation Trust,Access to services,Mental health care,OF2029,Combined CYP and adult CMH paired outcome completeness,Jun-26,score,2.0,,,,
Q1 2026/27,East,Mental health and community trust,Mental Health and Learning Disability,RT1,Cambridgeshire and Peterborough NHS Foundation Trust,Access to services,Mental health care,OF2029,Combined CYP and adult CMH paired outcome completeness,Jun-26,score,3.0,,,,
Q1 2026/27,North West,Mental health and community trust,Mental Health and Learning Disability,RT2,Pennine Care NHS Foundation Trust,Access to services,Mental health care,OF2029,Combined CYP and adult CMH paired outcome completeness,Jun-26,score,4.0,,,,
Q1 2026/27,Midlands,Mental health and community trust,Mental Health and Learning Disability,RT5,Leicestershire Partnership NHS Trust,Access to services,Mental health care,OF2029,Combined CYP and adult CMH paired outcome completeness,Jun-26,score,2.0,,,,
Q1 2026/27,South West,Mental health and community trust,Mental Health and Learning Disability,RTQ,Gloucestershire Health and Care NHS Foundation Trust,Access to services,Mental health care,OF2029,Combined CYP and adult CMH paired outcome completeness,Jun-26,score,2.0,,,,
Q1 2026/27,London,Mental health and community trust,Mental Health and Learning Disability,RV3,Central and North West London NHS Foundation Trust,Access to services,Mental health care,OF2029,Combined CYP and adult CMH paired outcome completeness,Jun-26,score,1.0,,,,
Q1 2026/27,London,Mental health and community trust,Mental Health and Learning Disability,RV5,South London and Maudsley NHS Foundation Trust,Access to services,Mental health care,OF2029,Combined CYP and adult CMH paired outcome completeness,Jun-26,score,2.0,,,,
Q1 2026/27,North East and Yorkshire,Mental health and community trust,Mental Health and Learning Disability,RV9,Humber Teaching NHS Foundation Trust,Access to services,Mental health care,OF2029,Combined CYP and adult CMH paired outcome completeness,Jun-26,score,4.0,,,,
Q1 2026/27,South West,Mental health and community trust,Mental Health and Learning Disability,RVN,Avon and Wiltshire Mental Health Partnership NHS Trust,Access to services,Mental health care,OF2029,Combined CYP and adult CMH paired outcome completeness,Jun-26,score,3.0,,,,
Q1 2026/27,South East,Mental health and community trust,Mental Health and Learning Disability,RW1,Hampshire and Isle of Wight Healthcare NHS Foundation Trust,Access to services,Mental health care,OF2029,Combined CYP and adult CMH paired outcome completeness,Jun-26,score,3.0,,,,
Q1 2026/27,North West,Mental health and community trust,Mental Health and Learning Disability,RW4,Mersey Care NHS Foundation Trust,Access to services,Mental health care,OF2029,Combined CYP and adult CMH paired outcome completeness,Jun-26,score,1.0,,,,
Q1 2026/27,North West,Mental health and community trust,Mental Health and Learning Disability,RW5,Lancashire & South Cumbria NHS Foundation Trust,Access to services,Mental health care,OF2029,Combined CYP and adult CMH paired outcome completeness,Jun-26,score,2.0,,,,
Q1 2026/27,London,Mental health and community trust,Mental Health and Learning Disability,RWK,East London NHS Foundation Trust,Access to services,Mental health care,OF2029,Combined CYP and adult CMH paired outcome completeness,Jun-26,score,1.0,,,,
Q1 2026/27,East,Mental health and community trust,Mental Health and Learning Disability,RWR,Hertfordshire Partnership University NHS Foundation Trust,Access to services,Mental health care,OF2029,Combined CYP and adult CMH paired outcome completeness,Jun-26,score,2.0,,,,
Q1 2026/27,South West,Mental health and community trust,Mental Health and Learning Disability,RWV,Devon Partnership NHS Trust,Access to services,Mental health care,OF2029,Combined CYP and adult CMH paired outcome completeness,Jun-26,score,2.0,,,,
Q1 2026/27,South East,Mental health and community trust,Mental Health and Learning Disability,RWX,Berkshire Healthcare NHS Foundation Trust,Access to services,Mental health care,OF2029,Combined CYP and adult CMH paired outcome completeness,Jun-26,score,2.0,,,,
Q1 2026/27,South East,Mental health and community trust,Mental Health and Learning Disability,RX2,Sussex Partnership NHS Foundation Trust,Access to services,Mental health care,OF2029,Combined CYP and adult CMH paired outcome completeness,Jun-26,score,3.0,,,,
Q1 2026/27,North East and Yorkshire,Mental health and community trust,Mental Health and Learning Disability,RX3,"Tees, Esk and Wear Valleys NHS Foundation Trust",Access to services,Mental health care,OF2029,Combined CYP and adult CMH paired outcome completeness,Jun-26,score,2.0,,,,
Q1 2026/27,North East and Yorkshire,Mental health and community trust,Mental Health and Learning Disability,RX4,"Cumbria, Northumberland, Tyne and Wear NHS Foundation Trust",Access to services,Mental health care,OF2029,Combined CYP and adult CMH paired outcome completeness,Jun-26,score,1.0,,,,
Q1 2026/27,North West,Mental health and community trust,Mental Health and Learning Disability,RXA,Cheshire and Wirral Partnership NHS Foundation Trust,Access to services,Mental health care,OF2029,Combined CYP and adult CMH paired outcome completeness,Jun-26,score,3.0,,,,
Q1 2026/27,North East and Yorkshire,Mental health and community trust,Mental Health and Learning Disability,RXE,Rotherham Doncaster and South Humber NHS Foundation Trust,Access to services,Mental health care,OF2029,Combined CYP and adult CMH paired outcome completeness,Jun-26,score,3.0,,,,
Q1 2026/27,North East and Yorkshire,Mental health and community trust,Mental Health and Learning Disability,RXG,South West Yorkshire Partnership NHS Foundation Trust,Access to services,Mental health care,OF2029,Combined CYP and adult CMH paired outcome completeness,Jun-26,score,4.0,,,,
Q1 2026/27,Midlands,Mental health and community trust,Mental Health and Learning Disability,RXM,Derbyshire Healthcare NHS Foundation Trust,Access to services,Mental health care,OF2029,Combined CYP and adult CMH paired outcome completeness,Jun-26,score,3.0,,,,
Q1 2026/27,Midlands,Mental health and community trust,Mental Health and Learning Disability,RXT,Birmingham and Solihull Mental Health NHS Foundation Trust,Access to services,Mental health care,OF2029,Combined CYP and adult CMH paired outcome completeness,Jun-26,score,3.0,,,,
Q1 2026/27,North West,Mental health and community trust,Mental Health and Learning Disability,RXV,Greater Manchester Mental Health NHS Foundation Trust,Access to services,Mental health care,OF2029,Combined CYP and adult CMH paired outcome completeness,Jun-26,score,3.0,,,,
Q1 2026/27,South East,Mental health and community trust,Mental Health and Learning Disability,RXX,Surrey and Borders Partnership NHS Foundation Trust,Access to services,Mental health care,OF2029,Combined CYP and adult CMH paired outcome completeness,Jun-26,score,2.0,,,,
Q1 2026/27,South East,Mental health and community trust,Mental Health and Learning Disability,RXY,Kent and Medway Mental Health NHS Trust,Access to services,Mental health care,OF2029,Combined CYP and adult CMH paired outcome completeness,Jun-26,score,3.0,,,,
Q1 2026/27,East,Mental health and community trust,Community,RY4,Hertfordshire Community NHS Trust,Access to services,Mental health care,OF2029,Combined CYP and adult CMH paired outcome completeness,Jun-26,score,1.0,,,,
Q1 2026/27,North East and Yorkshire,Mental health and community trust,Community,RY6,Leeds Community Healthcare NHS Trust,Access to services,Mental health care,OF2029,Combined CYP and adult CMH paired outcome completeness,Jun-26,score,4.0,,,,
Q1 2026/27,Midlands,Mental health and community trust,Mental Health and Learning Disability,RYG,Coventry and Warwickshire Partnership NHS Trust,Access to services,Mental health care,OF2029,Combined CYP and adult CMH paired outcome completeness,Jun-26,score,4.0,,,,
Q1 2026/27,North East and Yorkshire,Mental health and community trust,Care Trust,TAD,Bradford District Care NHS Foundation Trust,Access to services,Mental health care,OF2029,Combined CYP and adult CMH paired outcome completeness,Jun-26,score,4.0,,,,
Q1 2026/27,North East and Yorkshire,Mental health and community trust,Care Trust,TAH,Sheffield Health Partnership University NHS Foundation Trust,Access to services,Mental health care,OF2029,Combined CYP and adult CMH paired outcome completeness,Jun-26,score,1.0,,,,
Q1 2026/27,Midlands,Mental health and community trust,Mental Health and Learning Disability,TAJ,Black Country Healthcare NHS Foundation Trust,Access to services,Mental health care,OF2029,Combined CYP and adult CMH paired outcome completeness,Jun-26,score,3.0,,,,
Q1 2026/27,London,Mental health and community trust,Mental Health and Learning Disability,G6V2S,North London NHS Foundation Trust,Experience of care,Experience,OF2035,CQC community mental health survey satisfaction rate,2025,score,2.0,,,,
Q1 2026/27,Midlands,Mental health and community trust,Community,R1A,Herefordshire and Worcestershire Health and Care NHS Trust,Experience of care,Experience,OF2035,CQC community mental health survey satisfaction rate,2025,score,2.0,,,,
Q1 2026/27,East,Mental health and community trust,Mental Health and Learning Disability,R1L,Essex Partnership University NHS Foundation Trust,Experience of care,Experience,OF2035,CQC community mental health survey satisfaction rate,2025,score,2.0,,,,
Q1 2026/27,London,Mental health and community trust,Mental Health and Learning Disability,RAT,North East London NHS Foundation Trust,Experience of care,Experience,OF2035,CQC community mental health survey satisfaction rate,2025,score,2.0,,,,
Q1 2026/27,South West,Mental health and community trust,Mental Health and Learning Disability,RDY,Dorset Healthcare University NHS Foundation Trust,Experience of care,Experience,OF2035,CQC community mental health survey satisfaction rate,2025,score,2.0,,,,
Q1 2026/27,North East and Yorkshire,Mental health and community trust,Mental Health and Learning Disability,RGD,Leeds and York Partnership NHS Foundation Trust,Experience of care,Experience,OF2035,CQC community mental health survey satisfaction rate,2025,score,1.0,,,,
Q1 2026/27,Midlands,Mental health and community trust,Mental Health and Learning Disability,RHA,Nottinghamshire Healthcare NHS Foundation Trust,Experience of care,Experience,OF2035,CQC community mental health survey satisfaction rate,2025,score,2.0,,,,
Q1 2026/27,South West,Mental health and community trust,Mental Health and Learning Disability,RJ8,Cornwall Partnership NHS Foundation Trust,Experience of care,Experience,OF2035,CQC community mental health survey satisfaction rate,2025,score,2.0,,,,
Q1 2026/27,London,Mental health and community trust,Mental Health and Learning Disability,RKL,West London NHS Trust,Experience of care,Experience,OF2035,CQC community mental health survey satisfaction rate,2025,score,2.0,,,,
Q1 2026/27,Midlands,Mental health and community trust,Mental Health and Learning Disability,RLY,North Staffordshire Combined Healthcare NHS Trust,Experience of care,Experience,OF2035,CQC community mental health survey satisfaction rate,2025,score,2.0,,,,
Q1 2026/27,East,Mental health and community trust,Mental Health and Learning Disability,RMY,Norfolk and Suffolk NHS Foundation Trust,Experience of care,Experience,OF2035,CQC community mental health survey satisfaction rate,2025,score,3.0,,,,
Q1 2026/27,South East,Mental health and community trust,Mental Health and Learning Disability,RNU,Oxford Health NHS Foundation Trust,Experience of care,Experience,OF2035,CQC community mental health survey satisfaction rate,2025,score,2.0,,,,
Q1 2026/27,Midlands,Mental health and community trust,Mental Health and Learning Disability,RP1,Northamptonshire Healthcare NHS Foundation Trust,Experience of care,Experience,OF2035,CQC community mental health survey satisfaction rate,2025,score,2.0,,,,
Q1 2026/27,Midlands,Mental health and community trust,Mental Health and Learning Disability,RP7,Lincolnshire Partnership NHS Foundation Trust,Experience of care,Experience,OF2035,CQC community mental health survey satisfaction rate,2025,score,2.0,,,,
Q1 2026/27,London,Mental health and community trust,Mental Health and Learning Disability,RPG,Oxleas NHS Foundation Trust,Experience of care,Experience,OF2035,CQC community mental health survey satisfaction rate,2025,score,2.0,,,,
Q1 2026/27,London,Mental health and community trust,Mental Health and Learning Disability,RQY,South West London and St George's Mental Health NHS Trust,Experience of care,Experience,OF2035,CQC community mental health survey satisfaction rate,2025,score,2.0,,,,
Q1 2026/27,Midlands,Mental health and community trust,Mental Health and Learning Disability,RRE,Midlands Partnership University NHS Foundation Trust,Experience of care,Experience,OF2035,CQC community mental health survey satisfaction rate,2025,score,2.0,,,,
Q1 2026/27,East,Mental health and community trust,Mental Health and Learning Disability,RT1,Cambridgeshire and Peterborough NHS Foundation Trust,Experience of care,Experience,OF2035,CQC community mental health survey satisfaction rate,2025,score,2.0,,,,
Q1 2026/27,North West,Mental health and community trust,Mental Health and Learning Disability,RT2,Pennine Care NHS Foundation Trust,Experience of care,Experience,OF2035,CQC community mental health survey satisfaction rate,2025,score,2.0,,,,
Q1 2026/27,Midlands,Mental health and community trust,Mental Health and Learning Disability,RT5,Leicestershire Partnership NHS Trust,Experience of care,Experience,OF2035,CQC community mental health survey satisfaction rate,2025,score,2.0,,,,
Q1 2026/27,South West,Mental health and community trust,Mental Health and Learning Disability,RTQ,Gloucestershire Health and Care NHS Foundation Trust,Experience of care,Experience,OF2035,CQC community mental health survey satisfaction rate,2025,score,2.0,,,,
Q1 2026/27,London,Mental health and community trust,Mental Health and Learning Disability,RV3,Central and North West London NHS Foundation Trust,Experience of care,Experience,OF2035,CQC community mental health survey satisfaction rate,2025,score,2.0,,,,
Q1 2026/27,London,Mental health and community trust,Mental Health and Learning Disability,RV5,South London and Maudsley NHS Foundation Trust,Experience of care,Experience,OF2035,CQC community mental health survey satisfaction rate,2025,score,2.0,,,,
Q1 2026/27,North East and Yorkshire,Mental health and community trust,Mental Health and Learning Disability,RV9,Humber Teaching NHS Foundation Trust,Experience of care,Experience,OF2035,CQC community mental health survey satisfaction rate,2025,score,2.0,,,,
Q1 2026/27,South West,Mental health and community trust,Mental Health and Learning Disability,RVN,Avon and Wiltshire Mental Health Partnership NHS Trust,Experience of care,Experience,OF2035,CQC community mental health survey satisfaction rate,2025,score,2.0,,,,
Q1 2026/27,South East,Mental health and community trust,Mental Health and Learning Disability,RW1,Hampshire and Isle of Wight Healthcare NHS Foundation Trust,Experience of care,Experience,OF2035,CQC community mental health survey satisfaction rate,2025,score,2.0,,,,
Q1 2026/27,North West,Mental health and community trust,Mental Health and Learning Disability,RW4,Mersey Care NHS Foundation Trust,Experience of care,Experience,OF2035,CQC community mental health survey satisfaction rate,2025,score,2.0,,,,
Q1 2026/27,North West,Mental health and community trust,Mental Health and Learning Disability,RW5,Lancashire & South Cumbria NHS Foundation Trust,Experience of care,Experience,OF2035,CQC community mental health survey satisfaction rate,2025,score,2.0,,,,
Q1 2026/27,London,Mental health and community trust,Mental Health and Learning Disability,RWK,East London NHS Foundation Trust,Experience of care,Experience,OF2035,CQC community mental health survey satisfaction rate,2025,score,2.0,,,,
Q1 2026/27,East,Mental health and community trust,Mental Health and Learning Disability,RWR,Hertfordshire Partnership University NHS Foundation Trust,Experience of care,Experience,OF2035,CQC community mental health survey satisfaction rate,2025,score,2.0,,,,
Q1 2026/27,South West,Mental health and community trust,Mental Health and Learning Disability,RWV,Devon Partnership NHS Trust,Experience of care,Experience,OF2035,CQC community mental health survey satisfaction rate,2025,score,2.0,,,,
Q1 2026/27,South East,Mental health and community trust,Mental Health and Learning Disability,RWX,Berkshire Healthcare NHS Foundation Trust,Experience of care,Experience,OF2035,CQC community mental health survey satisfaction rate,2025,score,2.0,,,,
Q1 2026/27,South East,Mental health and community trust,Mental Health and Learning Disability,RX2,Sussex Partnership NHS Foundation Trust,Experience of care,Experience,OF2035,CQC community mental health survey satisfaction rate,2025,score,2.0,,,,
Q1 2026/27,North East and Yorkshire,Mental health and community trust,Mental Health and Learning Disability,RX3,"Tees, Esk and Wear Valleys NHS Foundation Trust",Experience of care,Experience,OF2035,CQC community mental health survey satisfaction rate,2025,score,2.0,,,,
Q1 2026/27,North East and Yorkshire,Mental health and community trust,Mental Health and Learning Disability,RX4,"Cumbria, Northumberland, Tyne and Wear NHS Foundation Trust",Experience of care,Experience,OF2035,CQC community mental health survey satisfaction rate,2025,score,1.0,,,,
Q1 2026/27,North West,Mental health and community trust,Mental Health and Learning Disability,RXA,Cheshire and Wirral Partnership NHS Foundation Trust,Experience of care,Experience,OF2035,CQC community mental health survey satisfaction rate,2025,score,2.0,,,,
Q1 2026/27,North East and Yorkshire,Mental health and community trust,Mental Health and Learning Disability,RXE,Rotherham Doncaster and South Humber NHS Foundation Trust,Experience of care,Experience,OF2035,CQC community mental health survey satisfaction rate,2025,score,1.0,,,,
Q1 2026/27,North East and Yorkshire,Mental health and community trust,Mental Health and Learning Disability,RXG,South West Yorkshire Partnership NHS Foundation Trust,Experience of care,Experience,OF2035,CQC community mental health survey satisfaction rate,2025,score,2.0,,,,
Q1 2026/27,Midlands,Mental health and community trust,Mental Health and Learning Disability,RXM,Derbyshire Healthcare NHS Foundation Trust,Experience of care,Experience,OF2035,CQC community mental health survey satisfaction rate,2025,score,2.0,,,,
Q1 2026/27,Midlands,Mental health and community trust,Mental Health and Learning Disability,RXT,Birmingham and Solihull Mental Health NHS Foundation Trust,Experience of care,Experience,OF2035,CQC community mental health survey satisfaction rate,2025,score,2.0,,,,
Q1 2026/27,North West,Mental health and community trust,Mental Health and Learning Disability,RXV,Greater Manchester Mental Health NHS Foundation Trust,Experience of care,Experience,OF2035,CQC community mental health survey satisfaction rate,2025,score,2.0,,,,
Q1 2026/27,South East,Mental health and community trust,Mental Health and Learning Disability,RXX,Surrey and Borders Partnership NHS Foundation Trust,Experience of care,Experience,OF2035,CQC community mental health survey satisfaction rate,2025,score,2.0,,,,
Q1 2026/27,South East,Mental health and community trust,Mental Health and Learning Disability,RXY,Kent and Medway Mental Health NHS Trust,Experience of care,Experience,OF2035,CQC community mental health survey satisfaction rate,2025,score,4.0,,,,
Q1 2026/27,Midlands,Mental health and community trust,Mental Health and Learning Disability,RYG,Coventry and Warwickshire Partnership NHS Trust,Experience of care,Experience,OF2035,CQC community mental health survey satisfaction rate,2025,score,3.0,,,,
Q1 2026/27,North East and Yorkshire,Mental health and community trust,Care Trust,TAD,Bradford District Care NHS Foundation Trust,Experience of care,Experience,OF2035,CQC community mental health survey satisfaction rate,2025,score,2.0,,,,
Q1 2026/27,North East and Yorkshire,Mental health and community trust,Care Trust,TAH,Sheffield Health Partnership University NHS Foundation Trust,Experience of care,Experience,OF2035,CQC community mental health survey satisfaction rate,2025,score,2.0,,,,
Q1 2026/27,Midlands,Mental health and community trust,Mental Health and Learning Disability,TAJ,Black Country Healthcare NHS Foundation Trust,Experience of care,Experience,OF2035,CQC community mental health survey satisfaction rate,2025,score,2.0,,,,
Q1 2026/27,London,Mental health and community trust,Mental Health and Learning Disability,G6V2S,North London NHS Foundation Trust,Access to services,Mental health care,OF2036,Percentage of total Children and Young People’s mental health waits for help that are over 104 weeks,Jun-26,score,3.0,,,,25.0
Q1 2026/27,Midlands,Mental health and community trust,Community,R1A,Herefordshire and Worcestershire Health and Care NHS Trust,Access to services,Mental health care,OF2036,Percentage of total Children and Young People’s mental health waits for help that are over 104 weeks,Jun-26,score,4.0,,,,43.0
Q1 2026/27,London,Mental health and community trust,Mental Health and Learning Disability,RAT,North East London NHS Foundation Trust,Access to services,Mental health care,OF2036,Percentage of total Children and Young People’s mental health waits for help that are over 104 weeks,Jun-26,score,3.0,,,,12.0
Q1 2026/27,South West,Mental health and community trust,Mental Health and Learning Disability,RDY,Dorset Healthcare University NHS Foundation Trust,Access to services,Mental health care,OF2036,Percentage of total Children and Young People’s mental health waits for help that are over 104 weeks,Jun-26,score,3.0,,,,22.0
Q1 2026/27,North East and Yorkshire,Mental health and community trust,Mental Health and Learning Disability,RGD,Leeds and York Partnership NHS Foundation Trust,Access to services,Mental health care,OF2036,Percentage of total Children and Young People’s mental health waits for help that are over 104 weeks,Jun-26,score,3.0,,,,26.0
Q1 2026/27,Midlands,Mental health and community trust,Mental Health and Learning Disability,RHA,Nottinghamshire Healthcare NHS Foundation Trust,Access to services,Mental health care,OF2036,Percentage of total Children and Young People’s mental health waits for help that are over 104 weeks,Jun-26,score,1.0,,,,3.0
Q1 2026/27,South West,Mental health and community trust,Mental Health and Learning Disability,RJ8,Cornwall Partnership NHS Foundation Trust,Access to services,Mental health care,OF2036,Percentage of total Children and Young People’s mental health waits for help that are over 104 weeks,Jun-26,score,4.0,,,,45.0
Q1 2026/27,London,Mental health and community trust,Mental Health and Learning Disability,RKL,West London NHS Trust,Access to services,Mental health care,OF2036,Percentage of total Children and Young People’s mental health waits for help that are over 104 weeks,Jun-26,score,3.0,,,,7.0
Q1 2026/27,Midlands,Mental health and community trust,Mental Health and Learning Disability,RLY,North Staffordshire Combined Healthcare NHS Trust,Access to services,Mental health care,OF2036,Percentage of total Children and Young People’s mental health waits for help that are over 104 weeks,Jun-26,score,4.0,,,,40.0
Q1 2026/27,East,Mental health and community trust,Mental Health and Learning Disability,RMY,Norfolk and Suffolk NHS Foundation Trust,Access to services,Mental health care,OF2036,Percentage of total Children and Young People’s mental health waits for help that are over 104 weeks,Jun-26,score,3.0,,,,17.0
Q1 2026/27,South East,Mental health and community trust,Mental Health and Learning Disability,RNU,Oxford Health NHS Foundation Trust,Access to services,Mental health care,OF2036,Percentage of total Children and Young People’s mental health waits for help that are over 104 weeks,Jun-26,score,4.0,,,,46.0
Q1 2026/27,Midlands,Mental health and community trust,Mental Health and Learning Disability,RP1,Northamptonshire Healthcare NHS Foundation Trust,Access to services,Mental health care,OF2036,Percentage of total Children and Young People’s mental health waits for help that are over 104 weeks,Jun-26,score,4.0,,,,41.0
Q1 2026/27,Midlands,Mental health and community trust,Mental Health and Learning Disability,RP7,Lincolnshire Partnership NHS Foundation Trust,Access to services,Mental health care,OF2036,Percentage of total Children and Young People’s mental health waits for help that are over 104 weeks,Jun-26,score,1.0,,,,2.0
Q1 2026/27,London,Mental health and community trust,Mental Health and Learning Disability,RPG,Oxleas NHS Foundation Trust,Access to services,Mental health care,OF2036,Percentage of total Children and Young People’s mental health waits for help that are over 104 weeks,Jun-26,score,3.0,,,,10.0
Q1 2026/27,London,Mental health and community trust,Mental Health and Learning Disability,RQY,South West London and St George's Mental Health NHS Trust,Access to services,Mental health care,OF2036,Percentage of total Children and Young People’s mental health waits for help that are over 104 weeks,Jun-26,score,3.0,,,,11.0
Q1 2026/27,Midlands,Mental health and community trust,Mental Health and Learning Disability,RRE,Midlands Partnership University NHS Foundation Trust,Access to services,Mental health care,OF2036,Percentage of total Children and Young People’s mental health waits for help that are over 104 weeks,Jun-26,score,3.0,,,,19.0
Q1 2026/27,East,Mental health and community trust,Mental Health and Learning Disability,RT1,Cambridgeshire and Peterborough NHS Foundation Trust,Access to services,Mental health care,OF2036,Percentage of total Children and Young People’s mental health waits for help that are over 104 weeks,Jun-26,score,3.0,,,,18.0
Q1 2026/27,North West,Mental health and community trust,Mental Health and Learning Disability,RT2,Pennine Care NHS Foundation Trust,Access to services,Mental health care,OF2036,Percentage of total Children and Young People’s mental health waits for help that are over 104 weeks,Jun-26,score,4.0,,,,38.0
Q1 2026/27,Midlands,Mental health and community trust,Mental Health and Learning Disability,RT5,Leicestershire Partnership NHS Trust,Access to services,Mental health care,OF2036,Percentage of total Children and Young People’s mental health waits for help that are over 104 weeks,Jun-26,score,3.0,,,,20.0
Q1 2026/27,South West,Mental health and community trust,Mental Health and Learning Disability,RTQ,Gloucestershire Health and Care NHS Foundation Trust,Access to services,Mental health care,OF2036,Percentage of total Children and Young People’s mental health waits for help that are over 104 weeks,Jun-26,score,4.0,,,,37.0
Q1 2026/27,London,Mental health and community trust,Mental Health and Learning Disability,RV3,Central and North West London NHS Foundation Trust,Access to services,Mental health care,OF2036,Percentage of total Children and Young People’s mental health waits for help that are over 104 weeks,Jun-26,score,1.0,,,,4.0
Q1 2026/27,London,Mental health and community trust,Mental Health and Learning Disability,RV5,South London and Maudsley NHS Foundation Trust,Access to services,Mental health care,OF2036,Percentage of total Children and Young People’s mental health waits for help that are over 104 weeks,Jun-26,score,4.0,,,,35.0
Q1 2026/27,North East and Yorkshire,Mental health and community trust,Mental Health and Learning Disability,RV9,Humber Teaching NHS Foundation Trust,Access to services,Mental health care,OF2036,Percentage of total Children and Young People’s mental health waits for help that are over 104 weeks,Jun-26,score,4.0,,,,44.0
Q1 2026/27,South West,Mental health and community trust,Mental Health and Learning Disability,RVN,Avon and Wiltshire Mental Health Partnership NHS Trust,Access to services,Mental health care,OF2036,Percentage of total Children and Young People’s mental health waits for help that are over 104 weeks,Jun-26,score,3.0,,,,8.0
Q1 2026/27,South East,Mental health and community trust,Mental Health and Learning Disability,RW1,Hampshire and Isle of Wight Healthcare NHS Foundation Trust,Access to services,Mental health care,OF2036,Percentage of total Children and Young People’s mental health waits for help that are over 104 weeks,Jun-26,score,4.0,,,,48.0
Q1 2026/27,North West,Mental health and community trust,Mental Health and Learning Disability,RW4,Mersey Care NHS Foundation Trust,Access to services,Mental health care,OF2036,Percentage of total Children and Young People’s mental health waits for help that are over 104 weeks,Jun-26,score,2.0,,,,5.0
Q1 2026/27,North West,Mental health and community trust,Mental Health and Learning Disability,RW5,Lancashire & South Cumbria NHS Foundation Trust,Access to services,Mental health care,OF2036,Percentage of total Children and Young People’s mental health waits for help that are over 104 weeks,Jun-26,score,4.0,,,,31.0
Q1 2026/27,London,Mental health and community trust,Mental Health and Learning Disability,RWK,East London NHS Foundation Trust,Access to services,Mental health care,OF2036,Percentage of total Children and Young People’s mental health waits for help that are over 104 weeks,Jun-26,score,3.0,,,,14.0
Q1 2026/27,East,Mental health and community trust,Mental Health and Learning Disability,RWR,Hertfordshire Partnership University NHS Foundation Trust,Access to services,Mental health care,OF2036,Percentage of total Children and Young People’s mental health waits for help that are over 104 weeks,Jun-26,score,2.0,,,,6.0
Q1 2026/27,South West,Mental health and community trust,Mental Health and Learning Disability,RWV,Devon Partnership NHS Trust,Access to services,Mental health care,OF2036,Percentage of total Children and Young People’s mental health waits for help that are over 104 weeks,Jun-26,score,3.0,,,,28.0
Q1 2026/27,South East,Mental health and community trust,Mental Health and Learning Disability,RWX,Berkshire Healthcare NHS Foundation Trust,Access to services,Mental health care,OF2036,Percentage of total Children and Young People’s mental health waits for help that are over 104 weeks,Jun-26,score,4.0,,,,42.0
Q1 2026/27,South East,Mental health and community trust,Mental Health and Learning Disability,RX2,Sussex Partnership NHS Foundation Trust,Access to services,Mental health care,OF2036,Percentage of total Children and Young People’s mental health waits for help that are over 104 weeks,Jun-26,score,4.0,,,,49.0
Q1 2026/27,North East and Yorkshire,Mental health and community trust,Mental Health and Learning Disability,RX3,"Tees, Esk and Wear Valleys NHS Foundation Trust",Access to services,Mental health care,OF2036,Percentage of total Children and Young People’s mental health waits for help that are over 104 weeks,Jun-26,score,3.0,,,,16.0
Q1 2026/27,North East and Yorkshire,Mental health and community trust,Mental Health and Learning Disability,RX4,"Cumbria, Northumberland, Tyne and Wear NHS Foundation Trust",Access to services,Mental health care,OF2036,Percentage of total Children and Young People’s mental health waits for help that are over 104 weeks,Jun-26,score,4.0,,,,36.0
Q1 2026/27,North West,Mental health and community trust,Mental Health and Learning Disability,RXA,Cheshire and Wirral Partnership NHS Foundation Trust,Access to services,Mental health care,OF2036,Percentage of total Children and Young People’s mental health waits for help that are over 104 weeks,Jun-26,score,3.0,,,,23.0
Q1 2026/27,North East and Yorkshire,Mental health and community trust,Mental Health and Learning Disability,RXE,Rotherham Doncaster and South Humber NHS Foundation Trust,Access to services,Mental health care,OF2036,Percentage of total Children and Young People’s mental health waits for help that are over 104 weeks,Jun-26,score,4.0,,,,34.0
Q1 2026/27,North East and Yorkshire,Mental health and community trust,Mental Health and Learning Disability,RXG,South West Yorkshire Partnership NHS Foundation Trust,Access to services,Mental health care,OF2036,Percentage of total Children and Young People’s mental health waits for help that are over 104 weeks,Jun-26,score,3.0,,,,15.0
Q1 2026/27,Midlands,Mental health and community trust,Mental Health and Learning Disability,RXM,Derbyshire Healthcare NHS Foundation Trust,Access to services,Mental health care,OF2036,Percentage of total Children and Young People’s mental health waits for help that are over 104 weeks,Jun-26,score,3.0,,,,9.0
Q1 2026/27,Midlands,Mental health and community trust,Mental Health and Learning Disability,RXT,Birmingham and Solihull Mental Health NHS Foundation Trust,Access to services,Mental health care,OF2036,Percentage of total Children and Young People’s mental health waits for help that are over 104 weeks,Jun-26,score,3.0,,,,24.0
Q1 2026/27,North West,Mental health and community trust,Mental Health and Learning Disability,RXV,Greater Manchester Mental Health NHS Foundation Trust,Access to services,Mental health care,OF2036,Percentage of total Children and Young People’s mental health waits for help that are over 104 weeks,Jun-26,score,3.0,,,,13.0
Q1 2026/27,South East,Mental health and community trust,Mental Health and Learning Disability,RXX,Surrey and Borders Partnership NHS Foundation Trust,Access to services,Mental health care,OF2036,Percentage of total Children and Young People’s mental health waits for help that are over 104 weeks,Jun-26,score,4.0,,,,33.0
Q1 2026/27,South East,Mental health and community trust,Mental Health and Learning Disability,RXY,Kent and Medway Mental Health NHS Trust,Access to services,Mental health care,OF2036,Percentage of total Children and Young People’s mental health waits for help that are over 104 weeks,Jun-26,score,3.0,,,,21.0
Q1 2026/27,East,Mental health and community trust,Community,RY4,Hertfordshire Community NHS Trust,Access to services,Mental health care,OF2036,Percentage of total Children and Young People’s mental health waits for help that are over 104 weeks,Jun-26,score,1.0,,,,1.0
Q1 2026/27,North East and Yorkshire,Mental health and community trust,Community,RY6,Leeds Community Healthcare NHS Trust,Access to services,Mental health care,OF2036,Percentage of total Children and Young People’s mental health waits for help that are over 104 weeks,Jun-26,score,3.0,,,,29.0
Q1 2026/27,Midlands,Mental health and community trust,Mental Health and Learning Disability,RYG,Coventry and Warwickshire Partnership NHS Trust,Access to services,Mental health care,OF2036,Percentage of total Children and Young People’s mental health waits for help that are over 104 weeks,Jun-26,score,4.0,,,,39.0
Q1 2026/27,South East,Mental health and community trust,Community,RYY,Kent Community Health NHS Foundation Trust,Access to services,Mental health care,OF2036,Percentage of total Children and Young People’s mental health waits for help that are over 104 weeks,Jun-26,score,4.0,,,,30.0
Q1 2026/27,North East and Yorkshire,Mental health and community trust,Care Trust,TAD,Bradford District Care NHS Foundation Trust,Access to services,Mental health care,OF2036,Percentage of total Children and Young People’s mental health waits for help that are over 104 weeks,Jun-26,score,4.0,,,,47.0
Q1 2026/27,North East and Yorkshire,Mental health and community trust,Care Trust,TAH,Sheffield Health Partnership University NHS Foundation Trust,Access to services,Mental health care,OF2036,Percentage of total Children and Young People’s mental health waits for help that are over 104 weeks,Jun-26,score,4.0,,,,32.0
Q1 2026/27,Midlands,Mental health and community trust,Mental Health and Learning Disability,TAJ,Black Country Healthcare NHS Foundation Trust,Access to services,Mental health care,OF2036,Percentage of total Children and Young People’s mental health waits for help that are over 104 weeks,Jun-26,score,3.0,,,,27.0
Q1 2026/27,London,Mental health and community trust,Mental Health and Learning Disability,G6V2S,North London NHS Foundation Trust,Effectiveness of care and population health,Effective discharge,OF2043,Mental health 14-day readmission rate,Q1 26/27,score,2.0,,,,22.0
Q1 2026/27,Midlands,Mental health and community trust,Community,R1A,Herefordshire and Worcestershire Health and Care NHS Trust,Effectiveness of care and population health,Effective discharge,OF2043,Mental health 14-day readmission rate,Q1 26/27,score,2.0,,,,33.0
Q1 2026/27,East,Mental health and community trust,Mental Health and Learning Disability,R1L,Essex Partnership University NHS Foundation Trust,Effectiveness of care and population health,Effective discharge,OF2043,Mental health 14-day readmission rate,Q1 26/27,score,2.0,,,,17.0
Q1 2026/27,London,Mental health and community trust,Mental Health and Learning Disability,RAT,North East London NHS Foundation Trust,Effectiveness of care and population health,Effective discharge,OF2043,Mental health 14-day readmission rate,Q1 26/27,score,2.0,,,,29.0
Q1 2026/27,Midlands,Mental health and community trust,Mental Health and Learning Disability,RHA,Nottinghamshire Healthcare NHS Foundation Trust,Effectiveness of care and population health,Effective discharge,OF2043,Mental health 14-day readmission rate,Q1 26/27,score,1.0,,,,1.0
Q1 2026/27,South West,Mental health and community trust,Mental Health and Learning Disability,RJ8,Cornwall Partnership NHS Foundation Trust,Effectiveness of care and population health,Effective discharge,OF2043,Mental health 14-day readmission rate,Q1 26/27,score,2.0,,,,18.0
Q1 2026/27,London,Mental health and community trust,Mental Health and Learning Disability,RKL,West London NHS Trust,Effectiveness of care and population health,Effective discharge,OF2043,Mental health 14-day readmission rate,Q1 26/27,score,2.0,,,,20.0
Q1 2026/27,Midlands,Mental health and community trust,Mental Health and Learning Disability,RLY,North Staffordshire Combined Healthcare NHS Trust,Effectiveness of care and population health,Effective discharge,OF2043,Mental health 14-day readmission rate,Q1 26/27,score,2.0,,,,34.0
Q1 2026/27,East,Mental health and community trust,Mental Health and Learning Disability,RMY,Norfolk and Suffolk NHS Foundation Trust,Effectiveness of care and population health,Effective discharge,OF2043,Mental health 14-day readmission rate,Q1 26/27,score,1.0,,,,6.0
Q1 2026/27,South East,Mental health and community trust,Mental Health and Learning Disability,RNU,Oxford Health NHS Foundation Trust,Effectiveness of care and population health,Effective discharge,OF2043,Mental health 14-day readmission rate,Q1 26/27,score,1.0,,,,3.0
Q1 2026/27,Midlands,Mental health and community trust,Mental Health and Learning Disability,RP1,Northamptonshire Healthcare NHS Foundation Trust,Effectiveness of care and population health,Effective discharge,OF2043,Mental health 14-day readmission rate,Q1 26/27,score,4.0,,,,41.0
Q1 2026/27,Midlands,Mental health and community trust,Mental Health and Learning Disability,RP7,Lincolnshire Partnership NHS Foundation Trust,Effectiveness of care and population health,Effective discharge,OF2043,Mental health 14-day readmission rate,Q1 26/27,score,4.0,,,,40.0
Q1 2026/27,London,Mental health and community trust,Mental Health and Learning Disability,RPG,Oxleas NHS Foundation Trust,Effectiveness of care and population health,Effective discharge,OF2043,Mental health 14-day readmission rate,Q1 26/27,score,2.0,,,,36.0
Q1 2026/27,London,Mental health and community trust,Mental Health and Learning Disability,RQY,South West London and St George's Mental Health NHS Trust,Effectiveness of care and population health,Effective discharge,OF2043,Mental health 14-day readmission rate,Q1 26/27,score,1.0,,,,2.0
Q1 2026/27,Midlands,Mental health and community trust,Mental Health and Learning Disability,RRE,Midlands Partnership University NHS Foundation Trust,Effectiveness of care and population health,Effective discharge,OF2043,Mental health 14-day readmission rate,Q1 26/27,score,2.0,,,,25.0
Q1 2026/27,East,Mental health and community trust,Mental Health and Learning Disability,RT1,Cambridgeshire and Peterborough NHS Foundation Trust,Effectiveness of care and population health,Effective discharge,OF2043,Mental health 14-day readmission rate,Q1 26/27,score,2.0,,,,21.0
Q1 2026/27,North West,Mental health and community trust,Mental Health and Learning Disability,RT2,Pennine Care NHS Foundation Trust,Effectiveness of care and population health,Effective discharge,OF2043,Mental health 14-day readmission rate,Q1 26/27,score,1.0,,,,14.0
Q1 2026/27,Midlands,Mental health and community trust,Mental Health and Learning Disability,RT5,Leicestershire Partnership NHS Trust,Effectiveness of care and population health,Effective discharge,OF2043,Mental health 14-day readmission rate,Q1 26/27,score,1.0,,,,5.0
Q1 2026/27,London,Mental health and community trust,Mental Health and Learning Disability,RV3,Central and North West London NHS Foundation Trust,Effectiveness of care and population health,Effective discharge,OF2043,Mental health 14-day readmission rate,Q1 26/27,score,2.0,,,,28.0
Q1 2026/27,London,Mental health and community trust,Mental Health and Learning Disability,RV5,South London and Maudsley NHS Foundation Trust,Effectiveness of care and population health,Effective discharge,OF2043,Mental health 14-day readmission rate,Q1 26/27,score,1.0,,,,16.0
Q1 2026/27,North East and Yorkshire,Mental health and community trust,Mental Health and Learning Disability,RV9,Humber Teaching NHS Foundation Trust,Effectiveness of care and population health,Effective discharge,OF2043,Mental health 14-day readmission rate,Q1 26/27,score,2.0,,,,27.0
Q1 2026/27,South West,Mental health and community trust,Mental Health and Learning Disability,RVN,Avon and Wiltshire Mental Health Partnership NHS Trust,Effectiveness of care and population health,Effective discharge,OF2043,Mental health 14-day readmission rate,Q1 26/27,score,1.0,,,,4.0
Q1 2026/27,South East,Mental health and community trust,Mental Health and Learning Disability,RW1,Hampshire and Isle of Wight Healthcare NHS Foundation Trust,Effectiveness of care and population health,Effective discharge,OF2043,Mental health 14-day readmission rate,Q1 26/27,score,2.0,,,,30.0
Q1 2026/27,North West,Mental health and community trust,Mental Health and Learning Disability,RW4,Mersey Care NHS Foundation Trust,Effectiveness of care and population health,Effective discharge,OF2043,Mental health 14-day readmission rate,Q1 26/27,score,1.0,,,,7.0
Q1 2026/27,North West,Mental health and community trust,Mental Health and Learning Disability,RW5,Lancashire & South Cumbria NHS Foundation Trust,Effectiveness of care and population health,Effective discharge,OF2043,Mental health 14-day readmission rate,Q1 26/27,score,1.0,,,,10.0
Q1 2026/27,London,Mental health and community trust,Mental Health and Learning Disability,RWK,East London NHS Foundation Trust,Effectiveness of care and population health,Effective discharge,OF2043,Mental health 14-day readmission rate,Q1 26/27,score,1.0,,,,12.0
Q1 2026/27,East,Mental health and community trust,Mental Health and Learning Disability,RWR,Hertfordshire Partnership University NHS Foundation Trust,Effectiveness of care and population health,Effective discharge,OF2043,Mental health 14-day readmission rate,Q1 26/27,score,2.0,,,,35.0
Q1 2026/27,South East,Mental health and community trust,Mental Health and Learning Disability,RWX,Berkshire Healthcare NHS Foundation Trust,Effectiveness of care and population health,Effective discharge,OF2043,Mental health 14-day readmission rate,Q1 26/27,score,1.0,,,,15.0
Q1 2026/27,South East,Mental health and community trust,Mental Health and Learning Disability,RX2,Sussex Partnership NHS Foundation Trust,Effectiveness of care and population health,Effective discharge,OF2043,Mental health 14-day readmission rate,Q1 26/27,score,2.0,,,,37.0
Q1 2026/27,North East and Yorkshire,Mental health and community trust,Mental Health and Learning Disability,RX3,"Tees, Esk and Wear Valleys NHS Foundation Trust",Effectiveness of care and population health,Effective discharge,OF2043,Mental health 14-day readmission rate,Q1 26/27,score,2.0,,,,32.0
Q1 2026/27,North East and Yorkshire,Mental health and community trust,Mental Health and Learning Disability,RX4,"Cumbria, Northumberland, Tyne and Wear NHS Foundation Trust",Effectiveness of care and population health,Effective discharge,OF2043,Mental health 14-day readmission rate,Q1 26/27,score,1.0,,,,8.0
Q1 2026/27,North West,Mental health and community trust,Mental Health and Learning Disability,RXA,Cheshire and Wirral Partnership NHS Foundation Trust,Effectiveness of care and population health,Effective discharge,OF2043,Mental health 14-day readmission rate,Q1 26/27,score,2.0,,,,26.0
Q1 2026/27,North East and Yorkshire,Mental health and community trust,Mental Health and Learning Disability,RXE,Rotherham Doncaster and South Humber NHS Foundation Trust,Effectiveness of care and population health,Effective discharge,OF2043,Mental health 14-day readmission rate,Q1 26/27,score,2.0,,,,23.0
Q1 2026/27,North East and Yorkshire,Mental health and community trust,Mental Health and Learning Disability,RXG,South West Yorkshire Partnership NHS Foundation Trust,Effectiveness of care and population health,Effective discharge,OF2043,Mental health 14-day readmission rate,Q1 26/27,score,1.0,,,,13.0
Q1 2026/27,Midlands,Mental health and community trust,Mental Health and Learning Disability,RXM,Derbyshire Healthcare NHS Foundation Trust,Effectiveness of care and population health,Effective discharge,OF2043,Mental health 14-day readmission rate,Q1 26/27,score,2.0,,,,24.0
Q1 2026/27,North West,Mental health and community trust,Mental Health and Learning Disability,RXV,Greater Manchester Mental Health NHS Foundation Trust,Effectiveness of care and population health,Effective discharge,OF2043,Mental health 14-day readmission rate,Q1 26/27,score,1.0,,,,11.0
Q1 2026/27,South East,Mental health and community trust,Mental Health and Learning Disability,RXX,Surrey and Borders Partnership NHS Foundation Trust,Effectiveness of care and population health,Effective discharge,OF2043,Mental health 14-day readmission rate,Q1 26/27,score,1.0,,,,9.0
Q1 2026/27,South East,Mental health and community trust,Mental Health and Learning Disability,RXY,Kent and Medway Mental Health NHS Trust,Effectiveness of care and population health,Effective discharge,OF2043,Mental health 14-day readmission rate,Q1 26/27,score,2.0,,,,38.0
Q1 2026/27,Midlands,Mental health and community trust,Mental Health and Learning Disability,RYG,Coventry and Warwickshire Partnership NHS Trust,Effectiveness of care and population health,Effective discharge,OF2043,Mental health 14-day readmission rate,Q1 26/27,score,3.0,,,,39.0
Q1 2026/27,North East and Yorkshire,Mental health and community trust,Care Trust,TAH,Sheffield Health Partnership University NHS Foundation Trust,Effectiveness of care and population health,Effective discharge,OF2043,Mental health 14-day readmission rate,Q1 26/27,score,2.0,,,,31.0
Q1 2026/27,Midlands,Mental health and community trust,Mental Health and Learning Disability,TAJ,Black Country Healthcare NHS Foundation Trust,Effectiveness of care and population health,Effective discharge,OF2043,Mental health 14-day readmission rate,Q1 26/27,score,2.0,,,,19.0
Q1 2026/27,Midlands,Mental health and community trust,Community,R1A,Herefordshire and Worcestershire Health and Care NHS Trust,Effectiveness of care and population health,Effective discharge,OF2045,Percentage of patients readmitted within 30 days of discharge,Jun-26,score,2.0,,,,
Q1 2026/27,Midlands,Mental health and community trust,Community,R1D,Shropshire Community Health NHS Trust,Effectiveness of care and population health,Effective discharge,OF2045,Percentage of patients readmitted within 30 days of discharge,Jun-26,score,1.0,,,,
Q1 2026/27,London,Mental health and community trust,Mental Health and Learning Disability,RAT,North East London NHS Foundation Trust,Effectiveness of care and population health,Effective discharge,OF2045,Percentage of patients readmitted within 30 days of discharge,Jun-26,score,2.0,,,,
Q1 2026/27,South East,Mental health and community trust,Community,RDR,Sussex Community NHS Foundation Trust,Effectiveness of care and population health,Effective discharge,OF2045,Percentage of patients readmitted within 30 days of discharge,Jun-26,score,2.0,,,,
Q1 2026/27,South West,Mental health and community trust,Mental Health and Learning Disability,RDY,Dorset Healthcare University NHS Foundation Trust,Effectiveness of care and population health,Effective discharge,OF2045,Percentage of patients readmitted within 30 days of discharge,Jun-26,score,2.0,,,,
Q1 2026/27,Midlands,Mental health and community trust,Mental Health and Learning Disability,RHA,Nottinghamshire Healthcare NHS Foundation Trust,Effectiveness of care and population health,Effective discharge,OF2045,Percentage of patients readmitted within 30 days of discharge,Jun-26,score,2.0,,,,
Q1 2026/27,South West,Mental health and community trust,Mental Health and Learning Disability,RJ8,Cornwall Partnership NHS Foundation Trust,Effectiveness of care and population health,Effective discharge,OF2045,Percentage of patients readmitted within 30 days of discharge,Jun-26,score,1.0,,,,
Q1 2026/27,Midlands,Mental health and community trust,Mental Health and Learning Disability,RP1,Northamptonshire Healthcare NHS Foundation Trust,Effectiveness of care and population health,Effective discharge,OF2045,Percentage of patients readmitted within 30 days of discharge,Jun-26,score,2.0,,,,
Q1 2026/27,London,Mental health and community trust,Mental Health and Learning Disability,RQY,South West London and St George's Mental Health NHS Trust,Effectiveness of care and population health,Effective discharge,OF2045,Percentage of patients readmitted within 30 days of discharge,Jun-26,score,2.0,,,,
Q1 2026/27,Midlands,Mental health and community trust,Mental Health and Learning Disability,RRE,Midlands Partnership University NHS Foundation Trust,Effectiveness of care and population health,Effective discharge,OF2045,Percentage of patients readmitted within 30 days of discharge,Jun-26,score,4.0,,,,
Q1 2026/27,Midlands,Mental health and community trust,Mental Health and Learning Disability,RT5,Leicestershire Partnership NHS Trust,Effectiveness of care and population health,Effective discharge,OF2045,Percentage of patients readmitted within 30 days of discharge,Jun-26,score,2.0,,,,
Q1 2026/27,South West,Mental health and community trust,Mental Health and Learning Disability,RTQ,Gloucestershire Health and Care NHS Foundation Trust,Effectiveness of care and population health,Effective discharge,OF2045,Percentage of patients readmitted within 30 days of discharge,Jun-26,score,1.0,,,,
Q1 2026/27,London,Mental health and community trust,Mental Health and Learning Disability,RV3,Central and North West London NHS Foundation Trust,Effectiveness of care and population health,Effective discharge,OF2045,Percentage of patients readmitted within 30 days of discharge,Jun-26,score,2.0,,,,
Q1 2026/27,North East and Yorkshire,Mental health and community trust,Mental Health and Learning Disability,RV9,Humber Teaching NHS Foundation Trust,Effectiveness of care and population health,Effective discharge,OF2045,Percentage of patients readmitted within 30 days of discharge,Jun-26,score,2.0,,,,
Q1 2026/27,South East,Mental health and community trust,Mental Health and Learning Disability,RW1,Hampshire and Isle of Wight Healthcare NHS Foundation Trust,Effectiveness of care and population health,Effective discharge,OF2045,Percentage of patients readmitted within 30 days of discharge,Jun-26,score,1.0,,,,
Q1 2026/27,North West,Mental health and community trust,Mental Health and Learning Disability,RW5,Lancashire & South Cumbria NHS Foundation Trust,Effectiveness of care and population health,Effective discharge,OF2045,Percentage of patients readmitted within 30 days of discharge,Jun-26,score,2.0,,,,
Q1 2026/27,South East,Mental health and community trust,Mental Health and Learning Disability,RWX,Berkshire Healthcare NHS Foundation Trust,Effectiveness of care and population health,Effective discharge,OF2045,Percentage of patients readmitted within 30 days of discharge,Jun-26,score,1.0,,,,
Q1 2026/27,North East and Yorkshire,Mental health and community trust,Mental Health and Learning Disability,RXE,Rotherham Doncaster and South Humber NHS Foundation Trust,Effectiveness of care and population health,Effective discharge,OF2045,Percentage of patients readmitted within 30 days of discharge,Jun-26,score,2.0,,,,
Q1 2026/27,East,Mental health and community trust,Community,RY4,Hertfordshire Community NHS Trust,Effectiveness of care and population health,Effective discharge,OF2045,Percentage of patients readmitted within 30 days of discharge,Jun-26,score,2.0,,,,
Q1 2026/27,Midlands,Mental health and community trust,Community,RY5,Lincolnshire Community Health Services NHS Trust,Effectiveness of care and population health,Effective discharge,OF2045,Percentage of patients readmitted within 30 days of discharge,Jun-26,score,2.0,,,,
Q1 2026/27,Midlands,Mental health and community trust,Community,RY8,Derbyshire Community Health Services NHS Foundation Trust,Effectiveness of care and population health,Effective discharge,OF2045,Percentage of patients readmitted within 30 days of discharge,Jun-26,score,2.0,,,,
Q1 2026/27,Midlands,Mental health and community trust,Community,RYW,Birmingham Community Healthcare NHS Foundation Trust,Effectiveness of care and population health,Effective discharge,OF2045,Percentage of patients readmitted within 30 days of discharge,Jun-26,score,1.0,,,,
Q1 2026/27,South East,Mental health and community trust,Community,RYY,Kent Community Health NHS Foundation Trust,Effectiveness of care and population health,Effective discharge,OF2045,Percentage of patients readmitted within 30 days of discharge,Jun-26,score,2.0,,,,
Q1 2026/27,London,Mental health and community trust,Mental Health and Learning Disability,G6V2S,North London NHS Foundation Trust,Experience of care,Experience,OF2047,NHS staff survey advocacy sub-score,2025,score,3.84,,,,55.0
Q1 2026/27,Midlands,Mental health and community trust,Community,R1A,Herefordshire and Worcestershire Health and Care NHS Trust,Experience of care,Experience,OF2047,NHS staff survey advocacy sub-score,2025,score,2.37,,,,27.0
Q1 2026/27,Midlands,Mental health and community trust,Community,R1D,Shropshire Community Health NHS Trust,Experience of care,Experience,OF2047,NHS staff survey advocacy sub-score,2025,score,2.89,,,,37.0
Q1 2026/27,East,Mental health and community trust,Mental Health and Learning Disability,R1L,Essex Partnership University NHS Foundation Trust,Experience of care,Experience,OF2047,NHS staff survey advocacy sub-score,2025,score,3.05,,,,40.0
Q1 2026/27,London,Mental health and community trust,Mental Health and Learning Disability,RAT,North East London NHS Foundation Trust,Experience of care,Experience,OF2047,NHS staff survey advocacy sub-score,2025,score,2.21,,,,24.0
Q1 2026/27,South East,Mental health and community trust,Community,RDR,Sussex Community NHS Foundation Trust,Experience of care,Experience,OF2047,NHS staff survey advocacy sub-score,2025,score,1.42,,,,9.0
Q1 2026/27,South West,Mental health and community trust,Mental Health and Learning Disability,RDY,Dorset Healthcare University NHS Foundation Trust,Experience of care,Experience,OF2047,NHS staff survey advocacy sub-score,2025,score,1.79,,,,16.0
Q1 2026/27,North East and Yorkshire,Mental health and community trust,Mental Health and Learning Disability,RGD,Leeds and York Partnership NHS Foundation Trust,Experience of care,Experience,OF2047,NHS staff survey advocacy sub-score,2025,score,2.58,,,,31.0
Q1 2026/27,Midlands,Mental health and community trust,Mental Health and Learning Disability,RHA,Nottinghamshire Healthcare NHS Foundation Trust,Experience of care,Experience,OF2047,NHS staff survey advocacy sub-score,2025,score,3.95,,,,57.0
Q1 2026/27,South West,Mental health and community trust,Mental Health and Learning Disability,RJ8,Cornwall Partnership NHS Foundation Trust,Experience of care,Experience,OF2047,NHS staff survey advocacy sub-score,2025,score,2.95,,,,38.0
Q1 2026/27,London,Mental health and community trust,Mental Health and Learning Disability,RKL,West London NHS Trust,Experience of care,Experience,OF2047,NHS staff survey advocacy sub-score,2025,score,1.63,,,,13.0
Q1 2026/27,Midlands,Mental health and community trust,Mental Health and Learning Disability,RLY,North Staffordshire Combined Healthcare NHS Trust,Experience of care,Experience,OF2047,NHS staff survey advocacy sub-score,2025,score,1.21,,,,5.0
Q1 2026/27,East,Mental health and community trust,Mental Health and Learning Disability,RMY,Norfolk and Suffolk NHS Foundation Trust,Experience of care,Experience,OF2047,NHS staff survey advocacy sub-score,2025,score,4.0,,,,58.0
Q1 2026/27,South East,Mental health and community trust,Mental Health and Learning Disability,RNU,Oxford Health NHS Foundation Trust,Experience of care,Experience,OF2047,NHS staff survey advocacy sub-score,2025,score,1.47,,,,10.0
Q1 2026/27,Midlands,Mental health and community trust,Mental Health and Learning Disability,RP1,Northamptonshire Healthcare NHS Foundation Trust,Experience of care,Experience,OF2047,NHS staff survey advocacy sub-score,2025,score,1.89,,,,18.0
Q1 2026/27,Midlands,Mental health and community trust,Mental Health and Learning Disability,RP7,Lincolnshire Partnership NHS Foundation Trust,Experience of care,Experience,OF2047,NHS staff survey advocacy sub-score,2025,score,2.63,,,,32.0
Q1 2026/27,London,Mental health and community trust,Mental Health and Learning Disability,RPG,Oxleas NHS Foundation Trust,Experience of care,Experience,OF2047,NHS staff survey advocacy sub-score,2025,score,1.16,,,,4.0
Q1 2026/27,London,Mental health and community trust,Mental Health and Learning Disability,RQY,South West London and St George's Mental Health NHS Trust,Experience of care,Experience,OF2047,NHS staff survey advocacy sub-score,2025,score,2.0,,,,20.0
Q1 2026/27,Midlands,Mental health and community trust,Mental Health and Learning Disability,RRE,Midlands Partnership University NHS Foundation Trust,Experience of care,Experience,OF2047,NHS staff survey advocacy sub-score,2025,score,1.11,,,,3.0
Q1 2026/27,East,Mental health and community trust,Mental Health and Learning Disability,RT1,Cambridgeshire and Peterborough NHS Foundation Trust,Experience of care,Experience,OF2047,NHS staff survey advocacy sub-score,2025,score,3.26,,,,44.0
Q1 2026/27,North West,Mental health and community trust,Mental Health and Learning Disability,RT2,Pennine Care NHS Foundation Trust,Experience of care,Experience,OF2047,NHS staff survey advocacy sub-score,2025,score,3.16,,,,42.0
Q1 2026/27,Midlands,Mental health and community trust,Mental Health and Learning Disability,RT5,Leicestershire Partnership NHS Trust,Experience of care,Experience,OF2047,NHS staff survey advocacy sub-score,2025,score,2.05,,,,21.0
Q1 2026/27,South West,Mental health and community trust,Mental Health and Learning Disability,RTQ,Gloucestershire Health and Care NHS Foundation Trust,Experience of care,Experience,OF2047,NHS staff survey advocacy sub-score,2025,score,1.84,,,,17.0
Q1 2026/27,London,Mental health and community trust,Mental Health and Learning Disability,RV3,Central and North West London NHS Foundation Trust,Experience of care,Experience,OF2047,NHS staff survey advocacy sub-score,2025,score,1.95,,,,19.0
Q1 2026/27,London,Mental health and community trust,Mental Health and Learning Disability,RV5,South London and Maudsley NHS Foundation Trust,Experience of care,Experience,OF2047,NHS staff survey advocacy sub-score,2025,score,3.0,,,,39.0
Q1 2026/27,North East and Yorkshire,Mental health and community trust,Mental Health and Learning Disability,RV9,Humber Teaching NHS Foundation Trust,Experience of care,Experience,OF2047,NHS staff survey advocacy sub-score,2025,score,1.58,,,,12.0
Q1 2026/27,South West,Mental health and community trust,Mental Health and Learning Disability,RVN,Avon and Wiltshire Mental Health Partnership NHS Trust,Experience of care,Experience,OF2047,NHS staff survey advocacy sub-score,2025,score,2.74,,,,34.0
Q1 2026/27,South East,Mental health and community trust,Mental Health and Learning Disability,RW1,Hampshire and Isle of Wight Healthcare NHS Foundation Trust,Experience of care,Experience,OF2047,NHS staff survey advocacy sub-score,2025,score,3.11,,,,41.0
Q1 2026/27,North West,Mental health and community trust,Mental Health and Learning Disability,RW4,Mersey Care NHS Foundation Trust,Experience of care,Experience,OF2047,NHS staff survey advocacy sub-score,2025,score,2.79,,,,35.0
Q1 2026/27,North West,Mental health and community trust,Mental Health and Learning Disability,RW5,Lancashire & South Cumbria NHS Foundation Trust,Experience of care,Experience,OF2047,NHS staff survey advocacy sub-score,2025,score,3.37,,,,46.0
Q1 2026/27,London,Mental health and community trust,Mental Health and Learning Disability,RWK,East London NHS Foundation Trust,Experience of care,Experience,OF2047,NHS staff survey advocacy sub-score,2025,score,2.11,,,,22.0
Q1 2026/27,East,Mental health and community trust,Mental Health and Learning Disability,RWR,Hertfordshire Partnership University NHS Foundation Trust,Experience of care,Experience,OF2047,NHS staff survey advocacy sub-score,2025,score,1.53,,,,11.0
Q1 2026/27,South West,Mental health and community trust,Mental Health and Learning Disability,RWV,Devon Partnership NHS Trust,Experience of care,Experience,OF2047,NHS staff survey advocacy sub-score,2025,score,3.53,,,,49.0
Q1 2026/27,South East,Mental health and community trust,Mental Health and Learning Disability,RWX,Berkshire Healthcare NHS Foundation Trust,Experience of care,Experience,OF2047,NHS staff survey advocacy sub-score,2025,score,1.0,,,,1.0
Q1 2026/27,South East,Mental health and community trust,Mental Health and Learning Disability,RX2,Sussex Partnership NHS Foundation Trust,Experience of care,Experience,OF2047,NHS staff survey advocacy sub-score,2025,score,3.89,,,,56.0
Q1 2026/27,North East and Yorkshire,Mental health and community trust,Mental Health and Learning Disability,RX3,"Tees, Esk and Wear Valleys NHS Foundation Trust",Experience of care,Experience,OF2047,NHS staff survey advocacy sub-score,2025,score,3.32,,,,45.0
Q1 2026/27,North East and Yorkshire,Mental health and community trust,Mental Health and Learning Disability,RX4,"Cumbria, Northumberland, Tyne and Wear NHS Foundation Trust",Experience of care,Experience,OF2047,NHS staff survey advocacy sub-score,2025,score,3.21,,,,43.0
Q1 2026/27,North West,Mental health and community trust,Mental Health and Learning Disability,RXA,Cheshire and Wirral Partnership NHS Foundation Trust,Experience of care,Experience,OF2047,NHS staff survey advocacy sub-score,2025,score,2.16,,,,23.0
Q1 2026/27,North East and Yorkshire,Mental health and community trust,Mental Health and Learning Disability,RXE,Rotherham Doncaster and South Humber NHS Foundation Trust,Experience of care,Experience,OF2047,NHS staff survey advocacy sub-score,2025,score,3.47,,,,48.0
Q1 2026/27,North East and Yorkshire,Mental health and community trust,Mental Health and Learning Disability,RXG,South West Yorkshire Partnership NHS Foundation Trust,Experience of care,Experience,OF2047,NHS staff survey advocacy sub-score,2025,score,1.68,,,,14.0
Q1 2026/27,Midlands,Mental health and community trust,Mental Health and Learning Disability,RXM,Derbyshire Healthcare NHS Foundation Trust,Experience of care,Experience,OF2047,NHS staff survey advocacy sub-score,2025,score,2.84,,,,36.0
Q1 2026/27,Midlands,Mental health and community trust,Mental Health and Learning Disability,RXT,Birmingham and Solihull Mental Health NHS Foundation Trust,Experience of care,Experience,OF2047,NHS staff survey advocacy sub-score,2025,score,2.53,,,,30.0
Q1 2026/27,North West,Mental health and community trust,Mental Health and Learning Disability,RXV,Greater Manchester Mental Health NHS Foundation Trust,Experience of care,Experience,OF2047,NHS staff survey advocacy sub-score,2025,score,3.68,,,,52.0
Q1 2026/27,South East,Mental health and community trust,Mental Health and Learning Disability,RXX,Surrey and Borders Partnership NHS Foundation Trust,Experience of care,Experience,OF2047,NHS staff survey advocacy sub-score,2025,score,2.26,,,,25.0
Q1 2026/27,South East,Mental health and community trust,Mental Health and Learning Disability,RXY,Kent and Medway Mental Health NHS Trust,Experience of care,Experience,OF2047,NHS staff survey advocacy sub-score,2025,score,3.79,,,,54.0
Q1 2026/27,East,Mental health and community trust,Community,RY3,Norfolk Community Health and Care NHS Trust,Experience of care,Experience,OF2047,NHS staff survey advocacy sub-score,2025,score,1.32,,,,7.0
Q1 2026/27,East,Mental health and community trust,Community,RY4,Hertfordshire Community NHS Trust,Experience of care,Experience,OF2047,NHS staff survey advocacy sub-score,2025,score,1.26,,,,6.0
Q1 2026/27,Midlands,Mental health and community trust,Community,RY5,Lincolnshire Community Health Services NHS Trust,Experience of care,Experience,OF2047,NHS staff survey advocacy sub-score,2025,score,3.42,,,,47.0
Q1 2026/27,North East and Yorkshire,Mental health and community trust,Community,RY6,Leeds Community Healthcare NHS Trust,Experience of care,Experience,OF2047,NHS staff survey advocacy sub-score,2025,score,2.42,,,,28.0
Q1 2026/27,North West,Mental health and community trust,Community,RY7,Wirral Community Health and Care NHS Foundation Trust,Experience of care,Experience,OF2047,NHS staff survey advocacy sub-score,2025,score,2.47,,,,29.0
Q1 2026/27,Midlands,Mental health and community trust,Community,RY8,Derbyshire Community Health Services NHS Foundation Trust,Experience of care,Experience,OF2047,NHS staff survey advocacy sub-score,2025,score,1.37,,,,8.0
Q1 2026/27,Midlands,Mental health and community trust,Mental Health and Learning Disability,RYG,Coventry and Warwickshire Partnership NHS Trust,Experience of care,Experience,OF2047,NHS staff survey advocacy sub-score,2025,score,3.58,,,,50.0
Q1 2026/27,Midlands,Mental health and community trust,Community,RYW,Birmingham Community Healthcare NHS Foundation Trust,Experience of care,Experience,OF2047,NHS staff survey advocacy sub-score,2025,score,2.68,,,,33.0
Q1 2026/27,London,Mental health and community trust,Community,RYX,Central London Community Healthcare NHS Trust,Experience of care,Experience,OF2047,NHS staff survey advocacy sub-score,2025,score,1.74,,,,15.0
Q1 2026/27,South East,Mental health and community trust,Community,RYY,Kent Community Health NHS Foundation Trust,Experience of care,Experience,OF2047,NHS staff survey advocacy sub-score,2025,score,1.05,,,,2.0
Q1 2026/27,North East and Yorkshire,Mental health and community trust,Care Trust,TAD,Bradford District Care NHS Foundation Trust,Experience of care,Experience,OF2047,NHS staff survey advocacy sub-score,2025,score,2.32,,,,26.0
Q1 2026/27,North East and Yorkshire,Mental health and community trust,Care Trust,TAH,Sheffield Health Partnership University NHS Foundation Trust,Experience of care,Experience,OF2047,NHS staff survey advocacy sub-score,2025,score,3.63,,,,51.0
Q1 2026/27,Midlands,Mental health and community trust,Mental Health and Learning Disability,TAJ,Black Country Healthcare NHS Foundation Trust,Experience of care,Experience,OF2047,NHS staff survey advocacy sub-score,2025,score,3.74,,,,53.0
Q1 2026/27,London,Mental health and community trust,Mental Health and Learning Disability,G6V2S,North London NHS Foundation Trust,Effectiveness of care and population health,Preventing ill health,OF2060,Percentage of inpatients referred to and seen by an in-house tobacco treatment services who make a supported attempt to stop smoking,Q4 25/26,score,4.0,,,,26.0
Q1 2026/27,Midlands,Mental health and community trust,Community,R1A,Herefordshire and Worcestershire Health and Care NHS Trust,Effectiveness of care and population health,Preventing ill health,OF2060,Percentage of inpatients referred to and seen by an in-house tobacco treatment services who make a supported attempt to stop smoking,Q4 25/26,score,4.0,,,,26.0
Q1 2026/27,East,Mental health and community trust,Mental Health and Learning Disability,R1L,Essex Partnership University NHS Foundation Trust,Effectiveness of care and population health,Preventing ill health,OF2060,Percentage of inpatients referred to and seen by an in-house tobacco treatment services who make a supported attempt to stop smoking,Q4 25/26,score,4.0,,,,26.0
Q1 2026/27,London,Mental health and community trust,Mental Health and Learning Disability,RAT,North East London NHS Foundation Trust,Effectiveness of care and population health,Preventing ill health,OF2060,Percentage of inpatients referred to and seen by an in-house tobacco treatment services who make a supported attempt to stop smoking,Q4 25/26,score,1.08,,,,2.0
Q1 2026/27,South West,Mental health and community trust,Mental Health and Learning Disability,RDY,Dorset Healthcare University NHS Foundation Trust,Effectiveness of care and population health,Preventing ill health,OF2060,Percentage of inpatients referred to and seen by an in-house tobacco treatment services who make a supported attempt to stop smoking,Q4 25/26,score,4.0,,,,26.0
Q1 2026/27,North East and Yorkshire,Mental health and community trust,Mental Health and Learning Disability,RGD,Leeds and York Partnership NHS Foundation Trust,Effectiveness of care and population health,Preventing ill health,OF2060,Percentage of inpatients referred to and seen by an in-house tobacco treatment services who make a supported attempt to stop smoking,Q4 25/26,score,2.67,,,,21.0
Q1 2026/27,Midlands,Mental health and community trust,Mental Health and Learning Disability,RHA,Nottinghamshire Healthcare NHS Foundation Trust,Effectiveness of care and population health,Preventing ill health,OF2060,Percentage of inpatients referred to and seen by an in-house tobacco treatment services who make a supported attempt to stop smoking,Q4 25/26,score,4.0,,,,26.0
Q1 2026/27,South West,Mental health and community trust,Mental Health and Learning Disability,RJ8,Cornwall Partnership NHS Foundation Trust,Effectiveness of care and population health,Preventing ill health,OF2060,Percentage of inpatients referred to and seen by an in-house tobacco treatment services who make a supported attempt to stop smoking,Q4 25/26,score,4.0,,,,26.0
Q1 2026/27,London,Mental health and community trust,Mental Health and Learning Disability,RKL,West London NHS Trust,Effectiveness of care and population health,Preventing ill health,OF2060,Percentage of inpatients referred to and seen by an in-house tobacco treatment services who make a supported attempt to stop smoking,Q4 25/26,score,1.0,,,,1.0
Q1 2026/27,Midlands,Mental health and community trust,Mental Health and Learning Disability,RLY,North Staffordshire Combined Healthcare NHS Trust,Effectiveness of care and population health,Preventing ill health,OF2060,Percentage of inpatients referred to and seen by an in-house tobacco treatment services who make a supported attempt to stop smoking,Q4 25/26,score,4.0,,,,26.0
Q1 2026/27,East,Mental health and community trust,Mental Health and Learning Disability,RMY,Norfolk and Suffolk NHS Foundation Trust,Effectiveness of care and population health,Preventing ill health,OF2060,Percentage of inpatients referred to and seen by an in-house tobacco treatment services who make a supported attempt to stop smoking,Q4 25/26,score,4.0,,,,26.0
Q1 2026/27,South East,Mental health and community trust,Mental Health and Learning Disability,RNU,Oxford Health NHS Foundation Trust,Effectiveness of care and population health,Preventing ill health,OF2060,Percentage of inpatients referred to and seen by an in-house tobacco treatment services who make a supported attempt to stop smoking,Q4 25/26,score,1.92,,,,12.0
Q1 2026/27,Midlands,Mental health and community trust,Mental Health and Learning Disability,RP1,Northamptonshire Healthcare NHS Foundation Trust,Effectiveness of care and population health,Preventing ill health,OF2060,Percentage of inpatients referred to and seen by an in-house tobacco treatment services who make a supported attempt to stop smoking,Q4 25/26,score,4.0,,,,26.0
Q1 2026/27,Midlands,Mental health and community trust,Mental Health and Learning Disability,RP7,Lincolnshire Partnership NHS Foundation Trust,Effectiveness of care and population health,Preventing ill health,OF2060,Percentage of inpatients referred to and seen by an in-house tobacco treatment services who make a supported attempt to stop smoking,Q4 25/26,score,2.83,,,,23.0
Q1 2026/27,London,Mental health and community trust,Mental Health and Learning Disability,RPG,Oxleas NHS Foundation Trust,Effectiveness of care and population health,Preventing ill health,OF2060,Percentage of inpatients referred to and seen by an in-house tobacco treatment services who make a supported attempt to stop smoking,Q4 25/26,score,1.33,,,,5.0
Q1 2026/27,London,Mental health and community trust,Mental Health and Learning Disability,RQY,South West London and St George's Mental Health NHS Trust,Effectiveness of care and population health,Preventing ill health,OF2060,Percentage of inpatients referred to and seen by an in-house tobacco treatment services who make a supported attempt to stop smoking,Q4 25/26,score,1.83,,,,11.0
Q1 2026/27,Midlands,Mental health and community trust,Mental Health and Learning Disability,RRE,Midlands Partnership University NHS Foundation Trust,Effectiveness of care and population health,Preventing ill health,OF2060,Percentage of inpatients referred to and seen by an in-house tobacco treatment services who make a supported attempt to stop smoking,Q4 25/26,score,2.58,,,,20.0
Q1 2026/27,East,Mental health and community trust,Mental Health and Learning Disability,RT1,Cambridgeshire and Peterborough NHS Foundation Trust,Effectiveness of care and population health,Preventing ill health,OF2060,Percentage of inpatients referred to and seen by an in-house tobacco treatment services who make a supported attempt to stop smoking,Q4 25/26,score,2.08,,,,14.0
Q1 2026/27,North West,Mental health and community trust,Mental Health and Learning Disability,RT2,Pennine Care NHS Foundation Trust,Effectiveness of care and population health,Preventing ill health,OF2060,Percentage of inpatients referred to and seen by an in-house tobacco treatment services who make a supported attempt to stop smoking,Q4 25/26,score,4.0,,,,26.0
Q1 2026/27,Midlands,Mental health and community trust,Mental Health and Learning Disability,RT5,Leicestershire Partnership NHS Trust,Effectiveness of care and population health,Preventing ill health,OF2060,Percentage of inpatients referred to and seen by an in-house tobacco treatment services who make a supported attempt to stop smoking,Q4 25/26,score,2.17,,,,15.0
Q1 2026/27,South West,Mental health and community trust,Mental Health and Learning Disability,RTQ,Gloucestershire Health and Care NHS Foundation Trust,Effectiveness of care and population health,Preventing ill health,OF2060,Percentage of inpatients referred to and seen by an in-house tobacco treatment services who make a supported attempt to stop smoking,Q4 25/26,score,4.0,,,,26.0
Q1 2026/27,London,Mental health and community trust,Mental Health and Learning Disability,RV3,Central and North West London NHS Foundation Trust,Effectiveness of care and population health,Preventing ill health,OF2060,Percentage of inpatients referred to and seen by an in-house tobacco treatment services who make a supported attempt to stop smoking,Q4 25/26,score,4.0,,,,26.0
Q1 2026/27,London,Mental health and community trust,Mental Health and Learning Disability,RV5,South London and Maudsley NHS Foundation Trust,Effectiveness of care and population health,Preventing ill health,OF2060,Percentage of inpatients referred to and seen by an in-house tobacco treatment services who make a supported attempt to stop smoking,Q4 25/26,score,2.25,,,,16.0
Q1 2026/27,North East and Yorkshire,Mental health and community trust,Mental Health and Learning Disability,RV9,Humber Teaching NHS Foundation Trust,Effectiveness of care and population health,Preventing ill health,OF2060,Percentage of inpatients referred to and seen by an in-house tobacco treatment services who make a supported attempt to stop smoking,Q4 25/26,score,2.92,,,,24.0
Q1 2026/27,South West,Mental health and community trust,Mental Health and Learning Disability,RVN,Avon and Wiltshire Mental Health Partnership NHS Trust,Effectiveness of care and population health,Preventing ill health,OF2060,Percentage of inpatients referred to and seen by an in-house tobacco treatment services who make a supported attempt to stop smoking,Q4 25/26,score,1.67,,,,9.0
Q1 2026/27,South East,Mental health and community trust,Mental Health and Learning Disability,RW1,Hampshire and Isle of Wight Healthcare NHS Foundation Trust,Effectiveness of care and population health,Preventing ill health,OF2060,Percentage of inpatients referred to and seen by an in-house tobacco treatment services who make a supported attempt to stop smoking,Q4 25/26,score,4.0,,,,26.0
Q1 2026/27,North West,Mental health and community trust,Mental Health and Learning Disability,RW4,Mersey Care NHS Foundation Trust,Effectiveness of care and population health,Preventing ill health,OF2060,Percentage of inpatients referred to and seen by an in-house tobacco treatment services who make a supported attempt to stop smoking,Q4 25/26,score,4.0,,,,26.0
Q1 2026/27,North West,Mental health and community trust,Mental Health and Learning Disability,RW5,Lancashire & South Cumbria NHS Foundation Trust,Effectiveness of care and population health,Preventing ill health,OF2060,Percentage of inpatients referred to and seen by an in-house tobacco treatment services who make a supported attempt to stop smoking,Q4 25/26,score,2.0,,,,13.0
Q1 2026/27,London,Mental health and community trust,Mental Health and Learning Disability,RWK,East London NHS Foundation Trust,Effectiveness of care and population health,Preventing ill health,OF2060,Percentage of inpatients referred to and seen by an in-house tobacco treatment services who make a supported attempt to stop smoking,Q4 25/26,score,1.75,,,,10.0
Q1 2026/27,East,Mental health and community trust,Mental Health and Learning Disability,RWR,Hertfordshire Partnership University NHS Foundation Trust,Effectiveness of care and population health,Preventing ill health,OF2060,Percentage of inpatients referred to and seen by an in-house tobacco treatment services who make a supported attempt to stop smoking,Q4 25/26,score,2.5,,,,19.0
Q1 2026/27,South West,Mental health and community trust,Mental Health and Learning Disability,RWV,Devon Partnership NHS Trust,Effectiveness of care and population health,Preventing ill health,OF2060,Percentage of inpatients referred to and seen by an in-house tobacco treatment services who make a supported attempt to stop smoking,Q4 25/26,score,4.0,,,,26.0
Q1 2026/27,South East,Mental health and community trust,Mental Health and Learning Disability,RWX,Berkshire Healthcare NHS Foundation Trust,Effectiveness of care and population health,Preventing ill health,OF2060,Percentage of inpatients referred to and seen by an in-house tobacco treatment services who make a supported attempt to stop smoking,Q4 25/26,score,1.58,,,,8.0
Q1 2026/27,South East,Mental health and community trust,Mental Health and Learning Disability,RX2,Sussex Partnership NHS Foundation Trust,Effectiveness of care and population health,Preventing ill health,OF2060,Percentage of inpatients referred to and seen by an in-house tobacco treatment services who make a supported attempt to stop smoking,Q4 25/26,score,1.42,,,,6.0
Q1 2026/27,North East and Yorkshire,Mental health and community trust,Mental Health and Learning Disability,RX3,"Tees, Esk and Wear Valleys NHS Foundation Trust",Effectiveness of care and population health,Preventing ill health,OF2060,Percentage of inpatients referred to and seen by an in-house tobacco treatment services who make a supported attempt to stop smoking,Q4 25/26,score,4.0,,,,26.0
Q1 2026/27,North East and Yorkshire,Mental health and community trust,Mental Health and Learning Disability,RX4,"Cumbria, Northumberland, Tyne and Wear NHS Foundation Trust",Effectiveness of care and population health,Preventing ill health,OF2060,Percentage of inpatients referred to and seen by an in-house tobacco treatment services who make a supported attempt to stop smoking,Q4 25/26,score,4.0,,,,26.0
Q1 2026/27,North West,Mental health and community trust,Mental Health and Learning Disability,RXA,Cheshire and Wirral Partnership NHS Foundation Trust,Effectiveness of care and population health,Preventing ill health,OF2060,Percentage of inpatients referred to and seen by an in-house tobacco treatment services who make a supported attempt to stop smoking,Q4 25/26,score,4.0,,,,26.0
Q1 2026/27,North East and Yorkshire,Mental health and community trust,Mental Health and Learning Disability,RXE,Rotherham Doncaster and South Humber NHS Foundation Trust,Effectiveness of care and population health,Preventing ill health,OF2060,Percentage of inpatients referred to and seen by an in-house tobacco treatment services who make a supported attempt to stop smoking,Q4 25/26,score,3.0,,,,25.0
Q1 2026/27,North East and Yorkshire,Mental health and community trust,Mental Health and Learning Disability,RXG,South West Yorkshire Partnership NHS Foundation Trust,Effectiveness of care and population health,Preventing ill health,OF2060,Percentage of inpatients referred to and seen by an in-house tobacco treatment services who make a supported attempt to stop smoking,Q4 25/26,score,1.17,,,,3.0
Q1 2026/27,Midlands,Mental health and community trust,Mental Health and Learning Disability,RXM,Derbyshire Healthcare NHS Foundation Trust,Effectiveness of care and population health,Preventing ill health,OF2060,Percentage of inpatients referred to and seen by an in-house tobacco treatment services who make a supported attempt to stop smoking,Q4 25/26,score,4.0,,,,26.0
Q1 2026/27,Midlands,Mental health and community trust,Mental Health and Learning Disability,RXT,Birmingham and Solihull Mental Health NHS Foundation Trust,Effectiveness of care and population health,Preventing ill health,OF2060,Percentage of inpatients referred to and seen by an in-house tobacco treatment services who make a supported attempt to stop smoking,Q4 25/26,score,1.5,,,,7.0
Q1 2026/27,North West,Mental health and community trust,Mental Health and Learning Disability,RXV,Greater Manchester Mental Health NHS Foundation Trust,Effectiveness of care and population health,Preventing ill health,OF2060,Percentage of inpatients referred to and seen by an in-house tobacco treatment services who make a supported attempt to stop smoking,Q4 25/26,score,1.25,,,,4.0
Q1 2026/27,South East,Mental health and community trust,Mental Health and Learning Disability,RXX,Surrey and Borders Partnership NHS Foundation Trust,Effectiveness of care and population health,Preventing ill health,OF2060,Percentage of inpatients referred to and seen by an in-house tobacco treatment services who make a supported attempt to stop smoking,Q4 25/26,score,2.42,,,,18.0
Q1 2026/27,South East,Mental health and community trust,Mental Health and Learning Disability,RXY,Kent and Medway Mental Health NHS Trust,Effectiveness of care and population health,Preventing ill health,OF2060,Percentage of inpatients referred to and seen by an in-house tobacco treatment services who make a supported attempt to stop smoking,Q4 25/26,score,4.0,,,,26.0
Q1 2026/27,Midlands,Mental health and community trust,Community,RY5,Lincolnshire Community Health Services NHS Trust,Effectiveness of care and population health,Preventing ill health,OF2060,Percentage of inpatients referred to and seen by an in-house tobacco treatment services who make a supported attempt to stop smoking,Q4 25/26,score,4.0,,,,26.0
Q1 2026/27,Midlands,Mental health and community trust,Mental Health and Learning Disability,RYG,Coventry and Warwickshire Partnership NHS Trust,Effectiveness of care and population health,Preventing ill health,OF2060,Percentage of inpatients referred to and seen by an in-house tobacco treatment services who make a supported attempt to stop smoking,Q4 25/26,score,2.67,,,,21.0
Q1 2026/27,Midlands,Mental health and community trust,Community,RYW,Birmingham Community Healthcare NHS Foundation Trust,Effectiveness of care and population health,Preventing ill health,OF2060,Percentage of inpatients referred to and seen by an in-house tobacco treatment services who make a supported attempt to stop smoking,Q4 25/26,score,4.0,,,,26.0
Q1 2026/27,North East and Yorkshire,Mental health and community trust,Care Trust,TAD,Bradford District Care NHS Foundation Trust,Effectiveness of care and population health,Preventing ill health,OF2060,Percentage of inpatients referred to and seen by an in-house tobacco treatment services who make a supported attempt to stop smoking,Q4 25/26,score,4.0,,,,26.0
Q1 2026/27,North East and Yorkshire,Mental health and community trust,Care Trust,TAH,Sheffield Health Partnership University NHS Foundation Trust,Effectiveness of care and population health,Preventing ill health,OF2060,Percentage of inpatients referred to and seen by an in-house tobacco treatment services who make a supported attempt to stop smoking,Q4 25/26,score,2.33,,,,17.0
Q1 2026/27,Midlands,Mental health and community trust,Mental Health and Learning Disability,TAJ,Black Country Healthcare NHS Foundation Trust,Effectiveness of care and population health,Preventing ill health,OF2060,Percentage of inpatients referred to and seen by an in-house tobacco treatment services who make a supported attempt to stop smoking,Q4 25/26,score,4.0,,,,26.0
Q1 2026/27,London,Mental health and community trust,Mental Health and Learning Disability,G6V2S,North London NHS Foundation Trust,Patient safety,Safe culture,OF2061,NHS Staff survey - raising concerns sub-score,2025,score,3.95,,,,57.0
Q1 2026/27,Midlands,Mental health and community trust,Community,R1A,Herefordshire and Worcestershire Health and Care NHS Trust,Patient safety,Safe culture,OF2061,NHS Staff survey - raising concerns sub-score,2025,score,2.74,,,,34.0
Q1 2026/27,Midlands,Mental health and community trust,Community,R1D,Shropshire Community Health NHS Trust,Patient safety,Safe culture,OF2061,NHS Staff survey - raising concerns sub-score,2025,score,3.37,,,,46.0
Q1 2026/27,East,Mental health and community trust,Mental Health and Learning Disability,R1L,Essex Partnership University NHS Foundation Trust,Patient safety,Safe culture,OF2061,NHS Staff survey - raising concerns sub-score,2025,score,3.0,,,,39.0
Q1 2026/27,London,Mental health and community trust,Mental Health and Learning Disability,RAT,North East London NHS Foundation Trust,Patient safety,Safe culture,OF2061,NHS Staff survey - raising concerns sub-score,2025,score,2.21,,,,24.0
Q1 2026/27,South East,Mental health and community trust,Community,RDR,Sussex Community NHS Foundation Trust,Patient safety,Safe culture,OF2061,NHS Staff survey - raising concerns sub-score,2025,score,1.26,,,,6.0
Q1 2026/27,South West,Mental health and community trust,Mental Health and Learning Disability,RDY,Dorset Healthcare University NHS Foundation Trust,Patient safety,Safe culture,OF2061,NHS Staff survey - raising concerns sub-score,2025,score,1.79,,,,16.0
Q1 2026/27,North East and Yorkshire,Mental health and community trust,Mental Health and Learning Disability,RGD,Leeds and York Partnership NHS Foundation Trust,Patient safety,Safe culture,OF2061,NHS Staff survey - raising concerns sub-score,2025,score,2.63,,,,32.0
Q1 2026/27,Midlands,Mental health and community trust,Mental Health and Learning Disability,RHA,Nottinghamshire Healthcare NHS Foundation Trust,Patient safety,Safe culture,OF2061,NHS Staff survey - raising concerns sub-score,2025,score,3.89,,,,56.0
Q1 2026/27,South West,Mental health and community trust,Mental Health and Learning Disability,RJ8,Cornwall Partnership NHS Foundation Trust,Patient safety,Safe culture,OF2061,NHS Staff survey - raising concerns sub-score,2025,score,3.11,,,,41.0
Q1 2026/27,London,Mental health and community trust,Mental Health and Learning Disability,RKL,West London NHS Trust,Patient safety,Safe culture,OF2061,NHS Staff survey - raising concerns sub-score,2025,score,2.16,,,,23.0
Q1 2026/27,Midlands,Mental health and community trust,Mental Health and Learning Disability,RLY,North Staffordshire Combined Healthcare NHS Trust,Patient safety,Safe culture,OF2061,NHS Staff survey - raising concerns sub-score,2025,score,1.53,,,,11.0
Q1 2026/27,East,Mental health and community trust,Mental Health and Learning Disability,RMY,Norfolk and Suffolk NHS Foundation Trust,Patient safety,Safe culture,OF2061,NHS Staff survey - raising concerns sub-score,2025,score,4.0,,,,58.0
Q1 2026/27,South East,Mental health and community trust,Mental Health and Learning Disability,RNU,Oxford Health NHS Foundation Trust,Patient safety,Safe culture,OF2061,NHS Staff survey - raising concerns sub-score,2025,score,1.42,,,,9.0
Q1 2026/27,Midlands,Mental health and community trust,Mental Health and Learning Disability,RP1,Northamptonshire Healthcare NHS Foundation Trust,Patient safety,Safe culture,OF2061,NHS Staff survey - raising concerns sub-score,2025,score,1.84,,,,17.0
Q1 2026/27,Midlands,Mental health and community trust,Mental Health and Learning Disability,RP7,Lincolnshire Partnership NHS Foundation Trust,Patient safety,Safe culture,OF2061,NHS Staff survey - raising concerns sub-score,2025,score,2.79,,,,35.0
Q1 2026/27,London,Mental health and community trust,Mental Health and Learning Disability,RPG,Oxleas NHS Foundation Trust,Patient safety,Safe culture,OF2061,NHS Staff survey - raising concerns sub-score,2025,score,1.68,,,,14.0
Q1 2026/27,London,Mental health and community trust,Mental Health and Learning Disability,RQY,South West London and St George's Mental Health NHS Trust,Patient safety,Safe culture,OF2061,NHS Staff survey - raising concerns sub-score,2025,score,2.53,,,,30.0
Q1 2026/27,Midlands,Mental health and community trust,Mental Health and Learning Disability,RRE,Midlands Partnership University NHS Foundation Trust,Patient safety,Safe culture,OF2061,NHS Staff survey - raising concerns sub-score,2025,score,1.16,,,,4.0
Q1 2026/27,East,Mental health and community trust,Mental Health and Learning Disability,RT1,Cambridgeshire and Peterborough NHS Foundation Trust,Patient safety,Safe culture,OF2061,NHS Staff survey - raising concerns sub-score,2025,score,3.05,,,,40.0
Q1 2026/27,North West,Mental health and community trust,Mental Health and Learning Disability,RT2,Pennine Care NHS Foundation Trust,Patient safety,Safe culture,OF2061,NHS Staff survey - raising concerns sub-score,2025,score,3.26,,,,44.0
Q1 2026/27,Midlands,Mental health and community trust,Mental Health and Learning Disability,RT5,Leicestershire Partnership NHS Trust,Patient safety,Safe culture,OF2061,NHS Staff survey - raising concerns sub-score,2025,score,1.58,,,,12.0
Q1 2026/27,South West,Mental health and community trust,Mental Health and Learning Disability,RTQ,Gloucestershire Health and Care NHS Foundation Trust,Patient safety,Safe culture,OF2061,NHS Staff survey - raising concerns sub-score,2025,score,2.26,,,,25.0
Q1 2026/27,London,Mental health and community trust,Mental Health and Learning Disability,RV3,Central and North West London NHS Foundation Trust,Patient safety,Safe culture,OF2061,NHS Staff survey - raising concerns sub-score,2025,score,2.42,,,,28.0
Q1 2026/27,London,Mental health and community trust,Mental Health and Learning Disability,RV5,South London and Maudsley NHS Foundation Trust,Patient safety,Safe culture,OF2061,NHS Staff survey - raising concerns sub-score,2025,score,3.53,,,,49.0
Q1 2026/27,North East and Yorkshire,Mental health and community trust,Mental Health and Learning Disability,RV9,Humber Teaching NHS Foundation Trust,Patient safety,Safe culture,OF2061,NHS Staff survey - raising concerns sub-score,2025,score,1.47,,,,10.0
Q1 2026/27,South West,Mental health and community trust,Mental Health and Learning Disability,RVN,Avon and Wiltshire Mental Health Partnership NHS Trust,Patient safety,Safe culture,OF2061,NHS Staff survey - raising concerns sub-score,2025,score,2.89,,,,37.0
Q1 2026/27,South East,Mental health and community trust,Mental Health and Learning Disability,RW1,Hampshire and Isle of Wight Healthcare NHS Foundation Trust,Patient safety,Safe culture,OF2061,NHS Staff survey - raising concerns sub-score,2025,score,2.37,,,,27.0
Q1 2026/27,North West,Mental health and community trust,Mental Health and Learning Disability,RW4,Mersey Care NHS Foundation Trust,Patient safety,Safe culture,OF2061,NHS Staff survey - raising concerns sub-score,2025,score,1.95,,,,19.0
Q1 2026/27,North West,Mental health and community trust,Mental Health and Learning Disability,RW5,Lancashire & South Cumbria NHS Foundation Trust,Patient safety,Safe culture,OF2061,NHS Staff survey - raising concerns sub-score,2025,score,3.32,,,,45.0
Q1 2026/27,London,Mental health and community trust,Mental Health and Learning Disability,RWK,East London NHS Foundation Trust,Patient safety,Safe culture,OF2061,NHS Staff survey - raising concerns sub-score,2025,score,2.32,,,,26.0
Q1 2026/27,East,Mental health and community trust,Mental Health and Learning Disability,RWR,Hertfordshire Partnership University NHS Foundation Trust,Patient safety,Safe culture,OF2061,NHS Staff survey - raising concerns sub-score,2025,score,1.89,,,,18.0
Q1 2026/27,South West,Mental health and community trust,Mental Health and Learning Disability,RWV,Devon Partnership NHS Trust,Patient safety,Safe culture,OF2061,NHS Staff survey - raising concerns sub-score,2025,score,3.21,,,,43.0
Q1 2026/27,South East,Mental health and community trust,Mental Health and Learning Disability,RWX,Berkshire Healthcare NHS Foundation Trust,Patient safety,Safe culture,OF2061,NHS Staff survey - raising concerns sub-score,2025,score,1.0,,,,1.0
Q1 2026/27,South East,Mental health and community trust,Mental Health and Learning Disability,RX2,Sussex Partnership NHS Foundation Trust,Patient safety,Safe culture,OF2061,NHS Staff survey - raising concerns sub-score,2025,score,3.84,,,,55.0
Q1 2026/27,North East and Yorkshire,Mental health and community trust,Mental Health and Learning Disability,RX3,"Tees, Esk and Wear Valleys NHS Foundation Trust",Patient safety,Safe culture,OF2061,NHS Staff survey - raising concerns sub-score,2025,score,2.58,,,,31.0
Q1 2026/27,North East and Yorkshire,Mental health and community trust,Mental Health and Learning Disability,RX4,"Cumbria, Northumberland, Tyne and Wear NHS Foundation Trust",Patient safety,Safe culture,OF2061,NHS Staff survey - raising concerns sub-score,2025,score,3.16,,,,42.0
Q1 2026/27,North West,Mental health and community trust,Mental Health and Learning Disability,RXA,Cheshire and Wirral Partnership NHS Foundation Trust,Patient safety,Safe culture,OF2061,NHS Staff survey - raising concerns sub-score,2025,score,2.05,,,,21.0
Q1 2026/27,North East and Yorkshire,Mental health and community trust,Mental Health and Learning Disability,RXE,Rotherham Doncaster and South Humber NHS Foundation Trust,Patient safety,Safe culture,OF2061,NHS Staff survey - raising concerns sub-score,2025,score,3.42,,,,47.0
Q1 2026/27,North East and Yorkshire,Mental health and community trust,Mental Health and Learning Disability,RXG,South West Yorkshire Partnership NHS Foundation Trust,Patient safety,Safe culture,OF2061,NHS Staff survey - raising concerns sub-score,2025,score,1.74,,,,15.0
Q1 2026/27,Midlands,Mental health and community trust,Mental Health and Learning Disability,RXM,Derbyshire Healthcare NHS Foundation Trust,Patient safety,Safe culture,OF2061,NHS Staff survey - raising concerns sub-score,2025,score,2.68,,,,33.0
Q1 2026/27,Midlands,Mental health and community trust,Mental Health and Learning Disability,RXT,Birmingham and Solihull Mental Health NHS Foundation Trust,Patient safety,Safe culture,OF2061,NHS Staff survey - raising concerns sub-score,2025,score,3.47,,,,48.0
Q1 2026/27,North West,Mental health and community trust,Mental Health and Learning Disability,RXV,Greater Manchester Mental Health NHS Foundation Trust,Patient safety,Safe culture,OF2061,NHS Staff survey - raising concerns sub-score,2025,score,3.63,,,,51.0
Q1 2026/27,South East,Mental health and community trust,Mental Health and Learning Disability,RXX,Surrey and Borders Partnership NHS Foundation Trust,Patient safety,Safe culture,OF2061,NHS Staff survey - raising concerns sub-score,2025,score,2.47,,,,29.0
Q1 2026/27,South East,Mental health and community trust,Mental Health and Learning Disability,RXY,Kent and Medway Mental Health NHS Trust,Patient safety,Safe culture,OF2061,NHS Staff survey - raising concerns sub-score,2025,score,3.74,,,,53.0
Q1 2026/27,East,Mental health and community trust,Community,RY3,Norfolk Community Health and Care NHS Trust,Patient safety,Safe culture,OF2061,NHS Staff survey - raising concerns sub-score,2025,score,1.21,,,,5.0
Q1 2026/27,East,Mental health and community trust,Community,RY4,Hertfordshire Community NHS Trust,Patient safety,Safe culture,OF2061,NHS Staff survey - raising concerns sub-score,2025,score,1.11,,,,3.0
Q1 2026/27,Midlands,Mental health and community trust,Community,RY5,Lincolnshire Community Health Services NHS Trust,Patient safety,Safe culture,OF2061,NHS Staff survey - raising concerns sub-score,2025,score,2.95,,,,38.0
Q1 2026/27,North East and Yorkshire,Mental health and community trust,Community,RY6,Leeds Community Healthcare NHS Trust,Patient safety,Safe culture,OF2061,NHS Staff survey - raising concerns sub-score,2025,score,1.37,,,,8.0
Q1 2026/27,North West,Mental health and community trust,Community,RY7,Wirral Community Health and Care NHS Foundation Trust,Patient safety,Safe culture,OF2061,NHS Staff survey - raising concerns sub-score,2025,score,1.63,,,,13.0
Q1 2026/27,Midlands,Mental health and community trust,Community,RY8,Derbyshire Community Health Services NHS Foundation Trust,Patient safety,Safe culture,OF2061,NHS Staff survey - raising concerns sub-score,2025,score,1.32,,,,7.0
Q1 2026/27,Midlands,Mental health and community trust,Mental Health and Learning Disability,RYG,Coventry and Warwickshire Partnership NHS Trust,Patient safety,Safe culture,OF2061,NHS Staff survey - raising concerns sub-score,2025,score,3.58,,,,50.0
Q1 2026/27,Midlands,Mental health and community trust,Community,RYW,Birmingham Community Healthcare NHS Foundation Trust,Patient safety,Safe culture,OF2061,NHS Staff survey - raising concerns sub-score,2025,score,2.84,,,,36.0
Q1 2026/27,London,Mental health and community trust,Community,RYX,Central London Community Healthcare NHS Trust,Patient safety,Safe culture,OF2061,NHS Staff survey - raising concerns sub-score,2025,score,2.0,,,,20.0
Q1 2026/27,South East,Mental health and community trust,Community,RYY,Kent Community Health NHS Foundation Trust,Patient safety,Safe culture,OF2061,NHS Staff survey - raising concerns sub-score,2025,score,1.05,,,,2.0
Q1 2026/27,North East and Yorkshire,Mental health and community trust,Care Trust,TAD,Bradford District Care NHS Foundation Trust,Patient safety,Safe culture,OF2061,NHS Staff survey - raising concerns sub-score,2025,score,2.11,,,,22.0
Q1 2026/27,North East and Yorkshire,Mental health and community trust,Care Trust,TAH,Sheffield Health Partnership University NHS Foundation Trust,Patient safety,Safe culture,OF2061,NHS Staff survey - raising concerns sub-score,2025,score,3.68,,,,52.0
Q1 2026/27,Midlands,Mental health and community trust,Mental Health and Learning Disability,TAJ,Black Country Healthcare NHS Foundation Trust,Patient safety,Safe culture,OF2061,NHS Staff survey - raising concerns sub-score,2025,score,3.79,,,,54.0
Q1 2026/27,Midlands,Mental health and community trust,Community,R1A,Herefordshire and Worcestershire Health and Care NHS Trust,Experience of care,Patient flow,OF2077,Percentage of intermediate care beds occupied by patients without criteria to reside,Q1 26/27,score,3.32,,,,31.0
Q1 2026/27,Midlands,Mental health and community trust,Community,R1D,Shropshire Community Health NHS Trust,Experience of care,Patient flow,OF2077,Percentage of intermediate care beds occupied by patients without criteria to reside,Q1 26/27,score,2.71,,,,25.0
Q1 2026/27,East,Mental health and community trust,Mental Health and Learning Disability,R1L,Essex Partnership University NHS Foundation Trust,Experience of care,Patient flow,OF2077,Percentage of intermediate care beds occupied by patients without criteria to reside,Q1 26/27,score,2.29,,,,19.0
Q1 2026/27,London,Mental health and community trust,Mental Health and Learning Disability,RAT,North East London NHS Foundation Trust,Experience of care,Patient flow,OF2077,Percentage of intermediate care beds occupied by patients without criteria to reside,Q1 26/27,score,1.18,,,,5.0
Q1 2026/27,South East,Mental health and community trust,Community,RDR,Sussex Community NHS Foundation Trust,Experience of care,Patient flow,OF2077,Percentage of intermediate care beds occupied by patients without criteria to reside,Q1 26/27,score,3.64,,,,34.0
Q1 2026/27,South West,Mental health and community trust,Mental Health and Learning Disability,RDY,Dorset Healthcare University NHS Foundation Trust,Experience of care,Patient flow,OF2077,Percentage of intermediate care beds occupied by patients without criteria to reside,Q1 26/27,score,3.46,,,,32.0
Q1 2026/27,Midlands,Mental health and community trust,Mental Health and Learning Disability,RHA,Nottinghamshire Healthcare NHS Foundation Trust,Experience of care,Patient flow,OF2077,Percentage of intermediate care beds occupied by patients without criteria to reside,Q1 26/27,score,1.75,,,,12.0
Q1 2026/27,South West,Mental health and community trust,Mental Health and Learning Disability,RJ8,Cornwall Partnership NHS Foundation Trust,Experience of care,Patient flow,OF2077,Percentage of intermediate care beds occupied by patients without criteria to reside,Q1 26/27,score,2.68,,,,24.0
Q1 2026/27,London,Mental health and community trust,Mental Health and Learning Disability,RKL,West London NHS Trust,Experience of care,Patient flow,OF2077,Percentage of intermediate care beds occupied by patients without criteria to reside,Q1 26/27,score,2.25,,,,18.0
Q1 2026/27,South East,Mental health and community trust,Mental Health and Learning Disability,RNU,Oxford Health NHS Foundation Trust,Experience of care,Patient flow,OF2077,Percentage of intermediate care beds occupied by patients without criteria to reside,Q1 26/27,score,2.11,,,,17.0
Q1 2026/27,Midlands,Mental health and community trust,Mental Health and Learning Disability,RP1,Northamptonshire Healthcare NHS Foundation Trust,Experience of care,Patient flow,OF2077,Percentage of intermediate care beds occupied by patients without criteria to reside,Q1 26/27,score,1.57,,,,9.0
Q1 2026/27,London,Mental health and community trust,Mental Health and Learning Disability,RPG,Oxleas NHS Foundation Trust,Experience of care,Patient flow,OF2077,Percentage of intermediate care beds occupied by patients without criteria to reside,Q1 26/27,score,1.11,,,,3.0
Q1 2026/27,Midlands,Mental health and community trust,Mental Health and Learning Disability,RRE,Midlands Partnership University NHS Foundation Trust,Experience of care,Patient flow,OF2077,Percentage of intermediate care beds occupied by patients without criteria to reside,Q1 26/27,score,1.82,,,,14.0
Q1 2026/27,East,Mental health and community trust,Mental Health and Learning Disability,RT1,Cambridgeshire and Peterborough NHS Foundation Trust,Experience of care,Patient flow,OF2077,Percentage of intermediate care beds occupied by patients without criteria to reside,Q1 26/27,score,3.57,,,,33.0
Q1 2026/27,North West,Mental health and community trust,Mental Health and Learning Disability,RT2,Pennine Care NHS Foundation Trust,Experience of care,Patient flow,OF2077,Percentage of intermediate care beds occupied by patients without criteria to reside,Q1 26/27,score,1.0,,,,1.0
Q1 2026/27,Midlands,Mental health and community trust,Mental Health and Learning Disability,RT5,Leicestershire Partnership NHS Trust,Experience of care,Patient flow,OF2077,Percentage of intermediate care beds occupied by patients without criteria to reside,Q1 26/27,score,1.61,,,,10.0
Q1 2026/27,South West,Mental health and community trust,Mental Health and Learning Disability,RTQ,Gloucestershire Health and Care NHS Foundation Trust,Experience of care,Patient flow,OF2077,Percentage of intermediate care beds occupied by patients without criteria to reside,Q1 26/27,score,3.82,,,,35.0
Q1 2026/27,London,Mental health and community trust,Mental Health and Learning Disability,RV3,Central and North West London NHS Foundation Trust,Experience of care,Patient flow,OF2077,Percentage of intermediate care beds occupied by patients without criteria to reside,Q1 26/27,score,1.89,,,,15.0
Q1 2026/27,North East and Yorkshire,Mental health and community trust,Mental Health and Learning Disability,RV9,Humber Teaching NHS Foundation Trust,Experience of care,Patient flow,OF2077,Percentage of intermediate care beds occupied by patients without criteria to reside,Q1 26/27,score,2.61,,,,22.0
Q1 2026/27,South East,Mental health and community trust,Mental Health and Learning Disability,RW1,Hampshire and Isle of Wight Healthcare NHS Foundation Trust,Experience of care,Patient flow,OF2077,Percentage of intermediate care beds occupied by patients without criteria to reside,Q1 26/27,score,2.07,,,,16.0
Q1 2026/27,North West,Mental health and community trust,Mental Health and Learning Disability,RW4,Mersey Care NHS Foundation Trust,Experience of care,Patient flow,OF2077,Percentage of intermediate care beds occupied by patients without criteria to reside,Q1 26/27,score,1.64,,,,11.0
Q1 2026/27,North West,Mental health and community trust,Mental Health and Learning Disability,RW5,Lancashire & South Cumbria NHS Foundation Trust,Experience of care,Patient flow,OF2077,Percentage of intermediate care beds occupied by patients without criteria to reside,Q1 26/27,score,1.14,,,,4.0
Q1 2026/27,London,Mental health and community trust,Mental Health and Learning Disability,RWK,East London NHS Foundation Trust,Experience of care,Patient flow,OF2077,Percentage of intermediate care beds occupied by patients without criteria to reside,Q1 26/27,score,3.04,,,,30.0
Q1 2026/27,South East,Mental health and community trust,Mental Health and Learning Disability,RWX,Berkshire Healthcare NHS Foundation Trust,Experience of care,Patient flow,OF2077,Percentage of intermediate care beds occupied by patients without criteria to reside,Q1 26/27,score,2.36,,,,20.0
Q1 2026/27,North East and Yorkshire,Mental health and community trust,Mental Health and Learning Disability,RXE,Rotherham Doncaster and South Humber NHS Foundation Trust,Experience of care,Patient flow,OF2077,Percentage of intermediate care beds occupied by patients without criteria to reside,Q1 26/27,score,1.25,,,,6.0
Q1 2026/27,North East and Yorkshire,Mental health and community trust,Mental Health and Learning Disability,RXG,South West Yorkshire Partnership NHS Foundation Trust,Experience of care,Patient flow,OF2077,Percentage of intermediate care beds occupied by patients without criteria to reside,Q1 26/27,score,1.0,,,,1.0
Q1 2026/27,East,Mental health and community trust,Community,RY3,Norfolk Community Health and Care NHS Trust,Experience of care,Patient flow,OF2077,Percentage of intermediate care beds occupied by patients without criteria to reside,Q1 26/27,score,3.0,,,,29.0
Q1 2026/27,East,Mental health and community trust,Community,RY4,Hertfordshire Community NHS Trust,Experience of care,Patient flow,OF2077,Percentage of intermediate care beds occupied by patients without criteria to reside,Q1 26/27,score,1.32,,,,8.0
Q1 2026/27,Midlands,Mental health and community trust,Community,RY5,Lincolnshire Community Health Services NHS Trust,Experience of care,Patient flow,OF2077,Percentage of intermediate care beds occupied by patients without criteria to reside,Q1 26/27,score,1.79,,,,13.0
Q1 2026/27,North East and Yorkshire,Mental health and community trust,Community,RY6,Leeds Community Healthcare NHS Trust,Experience of care,Patient flow,OF2077,Percentage of intermediate care beds occupied by patients without criteria to reside,Q1 26/27,score,2.64,,,,23.0
Q1 2026/27,North West,Mental health and community trust,Community,RY7,Wirral Community Health and Care NHS Foundation Trust,Experience of care,Patient flow,OF2077,Percentage of intermediate care beds occupied by patients without criteria to reside,Q1 26/27,score,2.86,,,,27.0
Q1 2026/27,Midlands,Mental health and community trust,Community,RY8,Derbyshire Community Health Services NHS Foundation Trust,Experience of care,Patient flow,OF2077,Percentage of intermediate care beds occupied by patients without criteria to reside,Q1 26/27,score,2.46,,,,21.0
Q1 2026/27,Midlands,Mental health and community trust,Community,RYW,Birmingham Community Healthcare NHS Foundation Trust,Experience of care,Patient flow,OF2077,Percentage of intermediate care beds occupied by patients without criteria to reside,Q1 26/27,score,2.82,,,,26.0
Q1 2026/27,London,Mental health and community trust,Community,RYX,Central London Community Healthcare NHS Trust,Experience of care,Patient flow,OF2077,Percentage of intermediate care beds occupied by patients without criteria to reside,Q1 26/27,score,1.29,,,,7.0
Q1 2026/27,South East,Mental health and community trust,Community,RYY,Kent Community Health NHS Foundation Trust,Experience of care,Patient flow,OF2077,Percentage of intermediate care beds occupied by patients without criteria to reside,Q1 26/27,score,2.93,,,,28.0
Q1 2026/27,London,Mental health and community trust,Mental Health and Learning Disability,G6V2S,North London NHS Foundation Trust,"Finance, productivity and innovation",Finance,OF2079,Planned surplus/deficit,2025/26 plan,score,1.0,,,,9.0
Q1 2026/27,Midlands,Mental health and community trust,Community,R1A,Herefordshire and Worcestershire Health and Care NHS Trust,"Finance, productivity and innovation",Finance,OF2079,Planned surplus/deficit,2025/26 plan,score,1.0,,,,9.0
Q1 2026/27,Midlands,Mental health and community trust,Community,R1D,Shropshire Community Health NHS Trust,"Finance, productivity and innovation",Finance,OF2079,Planned surplus/deficit,2025/26 plan,score,1.0,,,,9.0
Q1 2026/27,East,Mental health and community trust,Mental Health and Learning Disability,R1L,Essex Partnership University NHS Foundation Trust,"Finance, productivity and innovation",Finance,OF2079,Planned surplus/deficit,2025/26 plan,score,2.0,,,,57.0
Q1 2026/27,London,Mental health and community trust,Mental Health and Learning Disability,RAT,North East London NHS Foundation Trust,"Finance, productivity and innovation",Finance,OF2079,Planned surplus/deficit,2025/26 plan,score,1.0,,,,9.0
Q1 2026/27,South East,Mental health and community trust,Community,RDR,Sussex Community NHS Foundation Trust,"Finance, productivity and innovation",Finance,OF2079,Planned surplus/deficit,2025/26 plan,score,1.0,,,,9.0
Q1 2026/27,South West,Mental health and community trust,Mental Health and Learning Disability,RDY,Dorset Healthcare University NHS Foundation Trust,"Finance, productivity and innovation",Finance,OF2079,Planned surplus/deficit,2025/26 plan,score,1.0,,,,3.0
Q1 2026/27,North East and Yorkshire,Mental health and community trust,Mental Health and Learning Disability,RGD,Leeds and York Partnership NHS Foundation Trust,"Finance, productivity and innovation",Finance,OF2079,Planned surplus/deficit,2025/26 plan,score,1.0,,,,9.0
Q1 2026/27,Midlands,Mental health and community trust,Mental Health and Learning Disability,RHA,Nottinghamshire Healthcare NHS Foundation Trust,"Finance, productivity and innovation",Finance,OF2079,Planned surplus/deficit,2025/26 plan,score,4.0,,,,58.0
Q1 2026/27,South West,Mental health and community trust,Mental Health and Learning Disability,RJ8,Cornwall Partnership NHS Foundation Trust,"Finance, productivity and innovation",Finance,OF2079,Planned surplus/deficit,2025/26 plan,score,1.0,,,,9.0
Q1 2026/27,London,Mental health and community trust,Mental Health and Learning Disability,RKL,West London NHS Trust,"Finance, productivity and innovation",Finance,OF2079,Planned surplus/deficit,2025/26 plan,score,1.0,,,,9.0
Q1 2026/27,Midlands,Mental health and community trust,Mental Health and Learning Disability,RLY,North Staffordshire Combined Healthcare NHS Trust,"Finance, productivity and innovation",Finance,OF2079,Planned surplus/deficit,2025/26 plan,score,1.0,,,,5.0
Q1 2026/27,East,Mental health and community trust,Mental Health and Learning Disability,RMY,Norfolk and Suffolk NHS Foundation Trust,"Finance, productivity and innovation",Finance,OF2079,Planned surplus/deficit,2025/26 plan,score,2.0,,,,53.0
Q1 2026/27,South East,Mental health and community trust,Mental Health and Learning Disability,RNU,Oxford Health NHS Foundation Trust,"Finance, productivity and innovation",Finance,OF2079,Planned surplus/deficit,2025/26 plan,score,1.0,,,,9.0
Q1 2026/27,Midlands,Mental health and community trust,Mental Health and Learning Disability,RP1,Northamptonshire Healthcare NHS Foundation Trust,"Finance, productivity and innovation",Finance,OF2079,Planned surplus/deficit,2025/26 plan,score,1.0,,,,3.0
Q1 2026/27,Midlands,Mental health and community trust,Mental Health and Learning Disability,RP7,Lincolnshire Partnership NHS Foundation Trust,"Finance, productivity and innovation",Finance,OF2079,Planned surplus/deficit,2025/26 plan,score,2.0,,,,55.0
Q1 2026/27,London,Mental health and community trust,Mental Health and Learning Disability,RPG,Oxleas NHS Foundation Trust,"Finance, productivity and innovation",Finance,OF2079,Planned surplus/deficit,2025/26 plan,score,1.0,,,,6.0
Q1 2026/27,London,Mental health and community trust,Mental Health and Learning Disability,RQY,South West London and St George's Mental Health NHS Trust,"Finance, productivity and innovation",Finance,OF2079,Planned surplus/deficit,2025/26 plan,score,1.0,,,,8.0
Q1 2026/27,Midlands,Mental health and community trust,Mental Health and Learning Disability,RRE,Midlands Partnership University NHS Foundation Trust,"Finance, productivity and innovation",Finance,OF2079,Planned surplus/deficit,2025/26 plan,score,1.0,,,,9.0
Q1 2026/27,East,Mental health and community trust,Mental Health and Learning Disability,RT1,Cambridgeshire and Peterborough NHS Foundation Trust,"Finance, productivity and innovation",Finance,OF2079,Planned surplus/deficit,2025/26 plan,score,1.0,,,,9.0
Q1 2026/27,North West,Mental health and community trust,Mental Health and Learning Disability,RT2,Pennine Care NHS Foundation Trust,"Finance, productivity and innovation",Finance,OF2079,Planned surplus/deficit,2025/26 plan,score,1.0,,,,9.0
Q1 2026/27,Midlands,Mental health and community trust,Mental Health and Learning Disability,RT5,Leicestershire Partnership NHS Trust,"Finance, productivity and innovation",Finance,OF2079,Planned surplus/deficit,2025/26 plan,score,1.0,,,,9.0
Q1 2026/27,South West,Mental health and community trust,Mental Health and Learning Disability,RTQ,Gloucestershire Health and Care NHS Foundation Trust,"Finance, productivity and innovation",Finance,OF2079,Planned surplus/deficit,2025/26 plan,score,1.0,,,,7.0
Q1 2026/27,London,Mental health and community trust,Mental Health and Learning Disability,RV3,Central and North West London NHS Foundation Trust,"Finance, productivity and innovation",Finance,OF2079,Planned surplus/deficit,2025/26 plan,score,1.0,,,,9.0
Q1 2026/27,London,Mental health and community trust,Mental Health and Learning Disability,RV5,South London and Maudsley NHS Foundation Trust,"Finance, productivity and innovation",Finance,OF2079,Planned surplus/deficit,2025/26 plan,score,1.0,,,,9.0
Q1 2026/27,North East and Yorkshire,Mental health and community trust,Mental Health and Learning Disability,RV9,Humber Teaching NHS Foundation Trust,"Finance, productivity and innovation",Finance,OF2079,Planned surplus/deficit,2025/26 plan,score,1.0,,,,9.0
Q1 2026/27,South West,Mental health and community trust,Mental Health and Learning Disability,RVN,Avon and Wiltshire Mental Health Partnership NHS Trust,"Finance, productivity and innovation",Finance,OF2079,Planned surplus/deficit,2025/26 plan,score,1.0,,,,9.0
Q1 2026/27,South East,Mental health and community trust,Mental Health and Learning Disability,RW1,Hampshire and Isle of Wight Healthcare NHS Foundation Trust,"Finance, productivity and innovation",Finance,OF2079,Planned surplus/deficit,2025/26 plan,score,1.0,,,,9.0
Q1 2026/27,North West,Mental health and community trust,Mental Health and Learning Disability,RW4,Mersey Care NHS Foundation Trust,"Finance, productivity and innovation",Finance,OF2079,Planned surplus/deficit,2025/26 plan,score,1.0,,,,2.0
Q1 2026/27,North West,Mental health and community trust,Mental Health and Learning Disability,RW5,Lancashire & South Cumbria NHS Foundation Trust,"Finance, productivity and innovation",Finance,OF2079,Planned surplus/deficit,2025/26 plan,score,1.0,,,,9.0
Q1 2026/27,London,Mental health and community trust,Mental Health and Learning Disability,RWK,East London NHS Foundation Trust,"Finance, productivity and innovation",Finance,OF2079,Planned surplus/deficit,2025/26 plan,score,1.0,,,,9.0
Q1 2026/27,East,Mental health and community trust,Mental Health and Learning Disability,RWR,Hertfordshire Partnership University NHS Foundation Trust,"Finance, productivity and innovation",Finance,OF2079,Planned surplus/deficit,2025/26 plan,score,1.0,,,,9.0
Q1 2026/27,South West,Mental health and community trust,Mental Health and Learning Disability,RWV,Devon Partnership NHS Trust,"Finance, productivity and innovation",Finance,OF2079,Planned surplus/deficit,2025/26 plan,score,1.0,,,,9.0
Q1 2026/27,South East,Mental health and community trust,Mental Health and Learning Disability,RWX,Berkshire Healthcare NHS Foundation Trust,"Finance, productivity and innovation",Finance,OF2079,Planned surplus/deficit,2025/26 plan,score,1.0,,,,9.0
Q1 2026/27,South East,Mental health and community trust,Mental Health and Learning Disability,RX2,Sussex Partnership NHS Foundation Trust,"Finance, productivity and innovation",Finance,OF2079,Planned surplus/deficit,2025/26 plan,score,1.0,,,,9.0
Q1 2026/27,North East and Yorkshire,Mental health and community trust,Mental Health and Learning Disability,RX3,"Tees, Esk and Wear Valleys NHS Foundation Trust","Finance, productivity and innovation",Finance,OF2079,Planned surplus/deficit,2025/26 plan,score,1.0,,,,9.0
Q1 2026/27,North East and Yorkshire,Mental health and community trust,Mental Health and Learning Disability,RX4,"Cumbria, Northumberland, Tyne and Wear NHS Foundation Trust","Finance, productivity and innovation",Finance,OF2079,Planned surplus/deficit,2025/26 plan,score,1.0,,,,9.0
Q1 2026/27,North West,Mental health and community trust,Mental Health and Learning Disability,RXA,Cheshire and Wirral Partnership NHS Foundation Trust,"Finance, productivity and innovation",Finance,OF2079,Planned surplus/deficit,2025/26 plan,score,1.0,,,,9.0
Q1 2026/27,North East and Yorkshire,Mental health and community trust,Mental Health and Learning Disability,RXE,Rotherham Doncaster and South Humber NHS Foundation Trust,"Finance, productivity and innovation",Finance,OF2079,Planned surplus/deficit,2025/26 plan,score,1.0,,,,9.0
Q1 2026/27,North East and Yorkshire,Mental health and community trust,Mental Health and Learning Disability,RXG,South West Yorkshire Partnership NHS Foundation Trust,"Finance, productivity and innovation",Finance,OF2079,Planned surplus/deficit,2025/26 plan,score,1.0,,,,9.0
Q1 2026/27,Midlands,Mental health and community trust,Mental Health and Learning Disability,RXM,Derbyshire Healthcare NHS Foundation Trust,"Finance, productivity and innovation",Finance,OF2079,Planned surplus/deficit,2025/26 plan,score,1.0,,,,9.0
Q1 2026/27,Midlands,Mental health and community trust,Mental Health and Learning Disability,RXT,Birmingham and Solihull Mental Health NHS Foundation Trust,"Finance, productivity and innovation",Finance,OF2079,Planned surplus/deficit,2025/26 plan,score,1.0,,,,9.0
Q1 2026/27,North West,Mental health and community trust,Mental Health and Learning Disability,RXV,Greater Manchester Mental Health NHS Foundation Trust,"Finance, productivity and innovation",Finance,OF2079,Planned surplus/deficit,2025/26 plan,score,2.0,,,,54.0
Q1 2026/27,South East,Mental health and community trust,Mental Health and Learning Disability,RXX,Surrey and Borders Partnership NHS Foundation Trust,"Finance, productivity and innovation",Finance,OF2079,Planned surplus/deficit,2025/26 plan,score,1.0,,,,9.0
Q1 2026/27,South East,Mental health and community trust,Mental Health and Learning Disability,RXY,Kent and Medway Mental Health NHS Trust,"Finance, productivity and innovation",Finance,OF2079,Planned surplus/deficit,2025/26 plan,score,1.0,,,,9.0
Q1 2026/27,East,Mental health and community trust,Community,RY3,Norfolk Community Health and Care NHS Trust,"Finance, productivity and innovation",Finance,OF2079,Planned surplus/deficit,2025/26 plan,score,1.0,,,,9.0
Q1 2026/27,East,Mental health and community trust,Community,RY4,Hertfordshire Community NHS Trust,"Finance, productivity and innovation",Finance,OF2079,Planned surplus/deficit,2025/26 plan,score,1.0,,,,9.0
Q1 2026/27,Midlands,Mental health and community trust,Community,RY5,Lincolnshire Community Health Services NHS Trust,"Finance, productivity and innovation",Finance,OF2079,Planned surplus/deficit,2025/26 plan,score,1.0,,,,9.0
Q1 2026/27,North East and Yorkshire,Mental health and community trust,Community,RY6,Leeds Community Healthcare NHS Trust,"Finance, productivity and innovation",Finance,OF2079,Planned surplus/deficit,2025/26 plan,score,1.0,,,,9.0
Q1 2026/27,North West,Mental health and community trust,Community,RY7,Wirral Community Health and Care NHS Foundation Trust,"Finance, productivity and innovation",Finance,OF2079,Planned surplus/deficit,2025/26 plan,score,1.0,,,,1.0
Q1 2026/27,Midlands,Mental health and community trust,Community,RY8,Derbyshire Community Health Services NHS Foundation Trust,"Finance, productivity and innovation",Finance,OF2079,Planned surplus/deficit,2025/26 plan,score,1.0,,,,9.0
Q1 2026/27,Midlands,Mental health and community trust,Mental Health and Learning Disability,RYG,Coventry and Warwickshire Partnership NHS Trust,"Finance, productivity and innovation",Finance,OF2079,Planned surplus/deficit,2025/26 plan,score,1.0,,,,9.0
Q1 2026/27,Midlands,Mental health and community trust,Community,RYW,Birmingham Community Healthcare NHS Foundation Trust,"Finance, productivity and innovation",Finance,OF2079,Planned surplus/deficit,2025/26 plan,score,1.0,,,,9.0
Q1 2026/27,London,Mental health and community trust,Community,RYX,Central London Community Healthcare NHS Trust,"Finance, productivity and innovation",Finance,OF2079,Planned surplus/deficit,2025/26 plan,score,1.0,,,,9.0
Q1 2026/27,South East,Mental health and community trust,Community,RYY,Kent Community Health NHS Foundation Trust,"Finance, productivity and innovation",Finance,OF2079,Planned surplus/deficit,2025/26 plan,score,1.0,,,,9.0
Q1 2026/27,North East and Yorkshire,Mental health and community trust,Care Trust,TAD,Bradford District Care NHS Foundation Trust,"Finance, productivity and innovation",Finance,OF2079,Planned surplus/deficit,2025/26 plan,score,1.0,,,,9.0
Q1 2026/27,North East and Yorkshire,Mental health and community trust,Care Trust,TAH,Sheffield Health Partnership University NHS Foundation Trust,"Finance, productivity and innovation",Finance,OF2079,Planned surplus/deficit,2025/26 plan,score,2.0,,,,56.0
Q1 2026/27,Midlands,Mental health and community trust,Mental Health and Learning Disability,TAJ,Black Country Healthcare NHS Foundation Trust,"Finance, productivity and innovation",Finance,OF2079,Planned surplus/deficit,2025/26 plan,score,1.0,,,,9.0
Q1 2026/27,London,Mental health and community trust,Mental Health and Learning Disability,G6V2S,North London NHS Foundation Trust,"Finance, productivity and innovation",Finance,OF2080,Combined finance,M3 26/27,score,1.0,,,,
Q1 2026/27,Midlands,Mental health and community trust,Community,R1A,Herefordshire and Worcestershire Health and Care NHS Trust,"Finance, productivity and innovation",Finance,OF2080,Combined finance,M3 26/27,score,1.0,,,,
Q1 2026/27,Midlands,Mental health and community trust,Community,R1D,Shropshire Community Health NHS Trust,"Finance, productivity and innovation",Finance,OF2080,Combined finance,M3 26/27,score,1.0,,,,
Q1 2026/27,East,Mental health and community trust,Mental Health and Learning Disability,R1L,Essex Partnership University NHS Foundation Trust,"Finance, productivity and innovation",Finance,OF2080,Combined finance,M3 26/27,score,3.0,,,,
Q1 2026/27,London,Mental health and community trust,Mental Health and Learning Disability,RAT,North East London NHS Foundation Trust,"Finance, productivity and innovation",Finance,OF2080,Combined finance,M3 26/27,score,1.0,,,,
Q1 2026/27,South East,Mental health and community trust,Community,RDR,Sussex Community NHS Foundation Trust,"Finance, productivity and innovation",Finance,OF2080,Combined finance,M3 26/27,score,1.0,,,,
Q1 2026/27,South West,Mental health and community trust,Mental Health and Learning Disability,RDY,Dorset Healthcare University NHS Foundation Trust,"Finance, productivity and innovation",Finance,OF2080,Combined finance,M3 26/27,score,1.0,,,,
Q1 2026/27,North East and Yorkshire,Mental health and community trust,Mental Health and Learning Disability,RGD,Leeds and York Partnership NHS Foundation Trust,"Finance, productivity and innovation",Finance,OF2080,Combined finance,M3 26/27,score,1.0,,,,
Q1 2026/27,Midlands,Mental health and community trust,Mental Health and Learning Disability,RHA,Nottinghamshire Healthcare NHS Foundation Trust,"Finance, productivity and innovation",Finance,OF2080,Combined finance,M3 26/27,score,4.0,,,,
Q1 2026/27,South West,Mental health and community trust,Mental Health and Learning Disability,RJ8,Cornwall Partnership NHS Foundation Trust,"Finance, productivity and innovation",Finance,OF2080,Combined finance,M3 26/27,score,1.0,,,,
Q1 2026/27,London,Mental health and community trust,Mental Health and Learning Disability,RKL,West London NHS Trust,"Finance, productivity and innovation",Finance,OF2080,Combined finance,M3 26/27,score,1.0,,,,
Q1 2026/27,Midlands,Mental health and community trust,Mental Health and Learning Disability,RLY,North Staffordshire Combined Healthcare NHS Trust,"Finance, productivity and innovation",Finance,OF2080,Combined finance,M3 26/27,score,1.0,,,,
Q1 2026/27,East,Mental health and community trust,Mental Health and Learning Disability,RMY,Norfolk and Suffolk NHS Foundation Trust,"Finance, productivity and innovation",Finance,OF2080,Combined finance,M3 26/27,score,2.0,,,,
Q1 2026/27,South East,Mental health and community trust,Mental Health and Learning Disability,RNU,Oxford Health NHS Foundation Trust,"Finance, productivity and innovation",Finance,OF2080,Combined finance,M3 26/27,score,1.0,,,,
Q1 2026/27,Midlands,Mental health and community trust,Mental Health and Learning Disability,RP1,Northamptonshire Healthcare NHS Foundation Trust,"Finance, productivity and innovation",Finance,OF2080,Combined finance,M3 26/27,score,1.0,,,,
Q1 2026/27,Midlands,Mental health and community trust,Mental Health and Learning Disability,RP7,Lincolnshire Partnership NHS Foundation Trust,"Finance, productivity and innovation",Finance,OF2080,Combined finance,M3 26/27,score,2.0,,,,
Q1 2026/27,London,Mental health and community trust,Mental Health and Learning Disability,RPG,Oxleas NHS Foundation Trust,"Finance, productivity and innovation",Finance,OF2080,Combined finance,M3 26/27,score,1.0,,,,
Q1 2026/27,London,Mental health and community trust,Mental Health and Learning Disability,RQY,South West London and St George's Mental Health NHS Trust,"Finance, productivity and innovation",Finance,OF2080,Combined finance,M3 26/27,score,1.0,,,,
Q1 2026/27,Midlands,Mental health and community trust,Mental Health and Learning Disability,RRE,Midlands Partnership University NHS Foundation Trust,"Finance, productivity and innovation",Finance,OF2080,Combined finance,M3 26/27,score,1.0,,,,
Q1 2026/27,East,Mental health and community trust,Mental Health and Learning Disability,RT1,Cambridgeshire and Peterborough NHS Foundation Trust,"Finance, productivity and innovation",Finance,OF2080,Combined finance,M3 26/27,score,1.0,,,,
Q1 2026/27,North West,Mental health and community trust,Mental Health and Learning Disability,RT2,Pennine Care NHS Foundation Trust,"Finance, productivity and innovation",Finance,OF2080,Combined finance,M3 26/27,score,1.0,,,,
Q1 2026/27,Midlands,Mental health and community trust,Mental Health and Learning Disability,RT5,Leicestershire Partnership NHS Trust,"Finance, productivity and innovation",Finance,OF2080,Combined finance,M3 26/27,score,1.0,,,,
Q1 2026/27,South West,Mental health and community trust,Mental Health and Learning Disability,RTQ,Gloucestershire Health and Care NHS Foundation Trust,"Finance, productivity and innovation",Finance,OF2080,Combined finance,M3 26/27,score,1.0,,,,
Q1 2026/27,London,Mental health and community trust,Mental Health and Learning Disability,RV3,Central and North West London NHS Foundation Trust,"Finance, productivity and innovation",Finance,OF2080,Combined finance,M3 26/27,score,1.0,,,,
Q1 2026/27,London,Mental health and community trust,Mental Health and Learning Disability,RV5,South London and Maudsley NHS Foundation Trust,"Finance, productivity and innovation",Finance,OF2080,Combined finance,M3 26/27,score,1.0,,,,
Q1 2026/27,North East and Yorkshire,Mental health and community trust,Mental Health and Learning Disability,RV9,Humber Teaching NHS Foundation Trust,"Finance, productivity and innovation",Finance,OF2080,Combined finance,M3 26/27,score,1.0,,,,
Q1 2026/27,South West,Mental health and community trust,Mental Health and Learning Disability,RVN,Avon and Wiltshire Mental Health Partnership NHS Trust,"Finance, productivity and innovation",Finance,OF2080,Combined finance,M3 26/27,score,1.0,,,,
Q1 2026/27,South East,Mental health and community trust,Mental Health and Learning Disability,RW1,Hampshire and Isle of Wight Healthcare NHS Foundation Trust,"Finance, productivity and innovation",Finance,OF2080,Combined finance,M3 26/27,score,1.0,,,,
Q1 2026/27,North West,Mental health and community trust,Mental Health and Learning Disability,RW4,Mersey Care NHS Foundation Trust,"Finance, productivity and innovation",Finance,OF2080,Combined finance,M3 26/27,score,1.0,,,,
Q1 2026/27,North West,Mental health and community trust,Mental Health and Learning Disability,RW5,Lancashire & South Cumbria NHS Foundation Trust,"Finance, productivity and innovation",Finance,OF2080,Combined finance,M3 26/27,score,2.0,,,,
Q1 2026/27,London,Mental health and community trust,Mental Health and Learning Disability,RWK,East London NHS Foundation Trust,"Finance, productivity and innovation",Finance,OF2080,Combined finance,M3 26/27,score,1.0,,,,
Q1 2026/27,East,Mental health and community trust,Mental Health and Learning Disability,RWR,Hertfordshire Partnership University NHS Foundation Trust,"Finance, productivity and innovation",Finance,OF2080,Combined finance,M3 26/27,score,1.0,,,,
Q1 2026/27,South West,Mental health and community trust,Mental Health and Learning Disability,RWV,Devon Partnership NHS Trust,"Finance, productivity and innovation",Finance,OF2080,Combined finance,M3 26/27,score,1.0,,,,
Q1 2026/27,South East,Mental health and community trust,Mental Health and Learning Disability,RWX,Berkshire Healthcare NHS Foundation Trust,"Finance, productivity and innovation",Finance,OF2080,Combined finance,M3 26/27,score,1.0,,,,
Q1 2026/27,South East,Mental health and community trust,Mental Health and Learning Disability,RX2,Sussex Partnership NHS Foundation Trust,"Finance, productivity and innovation",Finance,OF2080,Combined finance,M3 26/27,score,1.0,,,,
Q1 2026/27,North East and Yorkshire,Mental health and community trust,Mental Health and Learning Disability,RX3,"Tees, Esk and Wear Valleys NHS Foundation Trust","Finance, productivity and innovation",Finance,OF2080,Combined finance,M3 26/27,score,1.0,,,,
Q1 2026/27,North East and Yorkshire,Mental health and community trust,Mental Health and Learning Disability,RX4,"Cumbria, Northumberland, Tyne and Wear NHS Foundation Trust","Finance, productivity and innovation",Finance,OF2080,Combined finance,M3 26/27,score,1.0,,,,
Q1 2026/27,North West,Mental health and community trust,Mental Health and Learning Disability,RXA,Cheshire and Wirral Partnership NHS Foundation Trust,"Finance, productivity and innovation",Finance,OF2080,Combined finance,M3 26/27,score,1.0,,,,
Q1 2026/27,North East and Yorkshire,Mental health and community trust,Mental Health and Learning Disability,RXE,Rotherham Doncaster and South Humber NHS Foundation Trust,"Finance, productivity and innovation",Finance,OF2080,Combined finance,M3 26/27,score,1.0,,,,
Q1 2026/27,North East and Yorkshire,Mental health and community trust,Mental Health and Learning Disability,RXG,South West Yorkshire Partnership NHS Foundation Trust,"Finance, productivity and innovation",Finance,OF2080,Combined finance,M3 26/27,score,1.0,,,,
Q1 2026/27,Midlands,Mental health and community trust,Mental Health and Learning Disability,RXM,Derbyshire Healthcare NHS Foundation Trust,"Finance, productivity and innovation",Finance,OF2080,Combined finance,M3 26/27,score,1.0,,,,
Q1 2026/27,Midlands,Mental health and community trust,Mental Health and Learning Disability,RXT,Birmingham and Solihull Mental Health NHS Foundation Trust,"Finance, productivity and innovation",Finance,OF2080,Combined finance,M3 26/27,score,2.0,,,,
Q1 2026/27,North West,Mental health and community trust,Mental Health and Learning Disability,RXV,Greater Manchester Mental Health NHS Foundation Trust,"Finance, productivity and innovation",Finance,OF2080,Combined finance,M3 26/27,score,4.0,,,,
Q1 2026/27,South East,Mental health and community trust,Mental Health and Learning Disability,RXX,Surrey and Borders Partnership NHS Foundation Trust,"Finance, productivity and innovation",Finance,OF2080,Combined finance,M3 26/27,score,1.0,,,,
Q1 2026/27,South East,Mental health and community trust,Mental Health and Learning Disability,RXY,Kent and Medway Mental Health NHS Trust,"Finance, productivity and innovation",Finance,OF2080,Combined finance,M3 26/27,score,1.0,,,,
Q1 2026/27,East,Mental health and community trust,Community,RY3,Norfolk Community Health and Care NHS Trust,"Finance, productivity and innovation",Finance,OF2080,Combined finance,M3 26/27,score,1.0,,,,
Q1 2026/27,East,Mental health and community trust,Community,RY4,Hertfordshire Community NHS Trust,"Finance, productivity and innovation",Finance,OF2080,Combined finance,M3 26/27,score,1.0,,,,
Q1 2026/27,Midlands,Mental health and community trust,Community,RY5,Lincolnshire Community Health Services NHS Trust,"Finance, productivity and innovation",Finance,OF2080,Combined finance,M3 26/27,score,1.0,,,,
Q1 2026/27,North East and Yorkshire,Mental health and community trust,Community,RY6,Leeds Community Healthcare NHS Trust,"Finance, productivity and innovation",Finance,OF2080,Combined finance,M3 26/27,score,1.0,,,,
Q1 2026/27,North West,Mental health and community trust,Community,RY7,Wirral Community Health and Care NHS Foundation Trust,"Finance, productivity and innovation",Finance,OF2080,Combined finance,M3 26/27,score,1.0,,,,
Q1 2026/27,Midlands,Mental health and community trust,Community,RY8,Derbyshire Community Health Services NHS Foundation Trust,"Finance, productivity and innovation",Finance,OF2080,Combined finance,M3 26/27,score,1.0,,,,
Q1 2026/27,Midlands,Mental health and community trust,Mental Health and Learning Disability,RYG,Coventry and Warwickshire Partnership NHS Trust,"Finance, productivity and innovation",Finance,OF2080,Combined finance,M3 26/27,score,1.0,,,,
Q1 2026/27,Midlands,Mental health and community trust,Community,RYW,Birmingham Community Healthcare NHS Foundation Trust,"Finance, productivity and innovation",Finance,OF2080,Combined finance,M3 26/27,score,1.0,,,,
Q1 2026/27,London,Mental health and community trust,Community,RYX,Central London Community Healthcare NHS Trust,"Finance, productivity and innovation",Finance,OF2080,Combined finance,M3 26/27,score,1.0,,,,
Q1 2026/27,South East,Mental health and community trust,Community,RYY,Kent Community Health NHS Foundation Trust,"Finance, productivity and innovation",Finance,OF2080,Combined finance,M3 26/27,score,1.0,,,,
Q1 2026/27,North East and Yorkshire,Mental health and community trust,Care Trust,TAD,Bradford District Care NHS Foundation Trust,"Finance, productivity and innovation",Finance,OF2080,Combined finance,M3 26/27,score,1.0,,,,
Q1 2026/27,North East and Yorkshire,Mental health and community trust,Care Trust,TAH,Sheffield Health Partnership University NHS Foundation Trust,"Finance, productivity and innovation",Finance,OF2080,Combined finance,M3 26/27,score,3.0,,,,
Q1 2026/27,Midlands,Mental health and community trust,Mental Health and Learning Disability,TAJ,Black Country Healthcare NHS Foundation Trust,"Finance, productivity and innovation",Finance,OF2080,Combined finance,M3 26/27,score,1.0,,,,
Q1 2026/27,London,Mental health and community trust,Mental Health and Learning Disability,G6V2S,North London NHS Foundation Trust,"Finance, productivity and innovation",Finance,OF2081,Variance to plan year-to-date,Jun-26,score,2.0,,,,50.0
Q1 2026/27,Midlands,Mental health and community trust,Community,R1A,Herefordshire and Worcestershire Health and Care NHS Trust,"Finance, productivity and innovation",Finance,OF2081,Variance to plan year-to-date,Jun-26,score,1.0,,,,29.0
Q1 2026/27,Midlands,Mental health and community trust,Community,R1D,Shropshire Community Health NHS Trust,"Finance, productivity and innovation",Finance,OF2081,Variance to plan year-to-date,Jun-26,score,1.0,,,,3.0
Q1 2026/27,East,Mental health and community trust,Mental Health and Learning Disability,R1L,Essex Partnership University NHS Foundation Trust,"Finance, productivity and innovation",Finance,OF2081,Variance to plan year-to-date,Jun-26,score,3.0,,,,55.0
Q1 2026/27,London,Mental health and community trust,Mental Health and Learning Disability,RAT,North East London NHS Foundation Trust,"Finance, productivity and innovation",Finance,OF2081,Variance to plan year-to-date,Jun-26,score,1.0,,,,29.0
Q1 2026/27,South East,Mental health and community trust,Community,RDR,Sussex Community NHS Foundation Trust,"Finance, productivity and innovation",Finance,OF2081,Variance to plan year-to-date,Jun-26,score,1.0,,,,29.0
Q1 2026/27,South West,Mental health and community trust,Mental Health and Learning Disability,RDY,Dorset Healthcare University NHS Foundation Trust,"Finance, productivity and innovation",Finance,OF2081,Variance to plan year-to-date,Jun-26,score,1.0,,,,25.0
Q1 2026/27,North East and Yorkshire,Mental health and community trust,Mental Health and Learning Disability,RGD,Leeds and York Partnership NHS Foundation Trust,"Finance, productivity and innovation",Finance,OF2081,Variance to plan year-to-date,Jun-26,score,1.0,,,,11.0
Q1 2026/27,Midlands,Mental health and community trust,Mental Health and Learning Disability,RHA,Nottinghamshire Healthcare NHS Foundation Trust,"Finance, productivity and innovation",Finance,OF2081,Variance to plan year-to-date,Jun-26,score,4.0,,,,58.0
Q1 2026/27,South West,Mental health and community trust,Mental Health and Learning Disability,RJ8,Cornwall Partnership NHS Foundation Trust,"Finance, productivity and innovation",Finance,OF2081,Variance to plan year-to-date,Jun-26,score,1.0,,,,29.0
Q1 2026/27,London,Mental health and community trust,Mental Health and Learning Disability,RKL,West London NHS Trust,"Finance, productivity and innovation",Finance,OF2081,Variance to plan year-to-date,Jun-26,score,1.0,,,,29.0
Q1 2026/27,Midlands,Mental health and community trust,Mental Health and Learning Disability,RLY,North Staffordshire Combined Healthcare NHS Trust,"Finance, productivity and innovation",Finance,OF2081,Variance to plan year-to-date,Jun-26,score,1.0,,,,10.0
Q1 2026/27,East,Mental health and community trust,Mental Health and Learning Disability,RMY,Norfolk and Suffolk NHS Foundation Trust,"Finance, productivity and innovation",Finance,OF2081,Variance to plan year-to-date,Jun-26,score,1.0,,,,25.0
Q1 2026/27,South East,Mental health and community trust,Mental Health and Learning Disability,RNU,Oxford Health NHS Foundation Trust,"Finance, productivity and innovation",Finance,OF2081,Variance to plan year-to-date,Jun-26,score,1.0,,,,7.0
Q1 2026/27,Midlands,Mental health and community trust,Mental Health and Learning Disability,RP1,Northamptonshire Healthcare NHS Foundation Trust,"Finance, productivity and innovation",Finance,OF2081,Variance to plan year-to-date,Jun-26,score,1.0,,,,4.0
Q1 2026/27,Midlands,Mental health and community trust,Mental Health and Learning Disability,RP7,Lincolnshire Partnership NHS Foundation Trust,"Finance, productivity and innovation",Finance,OF2081,Variance to plan year-to-date,Jun-26,score,1.0,,,,29.0
Q1 2026/27,London,Mental health and community trust,Mental Health and Learning Disability,RPG,Oxleas NHS Foundation Trust,"Finance, productivity and innovation",Finance,OF2081,Variance to plan year-to-date,Jun-26,score,1.0,,,,17.0
Q1 2026/27,London,Mental health and community trust,Mental Health and Learning Disability,RQY,South West London and St George's Mental Health NHS Trust,"Finance, productivity and innovation",Finance,OF2081,Variance to plan year-to-date,Jun-26,score,1.0,,,,29.0
Q1 2026/27,Midlands,Mental health and community trust,Mental Health and Learning Disability,RRE,Midlands Partnership University NHS Foundation Trust,"Finance, productivity and innovation",Finance,OF2081,Variance to plan year-to-date,Jun-26,score,1.0,,,,29.0
Q1 2026/27,East,Mental health and community trust,Mental Health and Learning Disability,RT1,Cambridgeshire and Peterborough NHS Foundation Trust,"Finance, productivity and innovation",Finance,OF2081,Variance to plan year-to-date,Jun-26,score,2.0,,,,49.0
Q1 2026/27,North West,Mental health and community trust,Mental Health and Learning Disability,RT2,Pennine Care NHS Foundation Trust,"Finance, productivity and innovation",Finance,OF2081,Variance to plan year-to-date,Jun-26,score,1.0,,,,25.0
Q1 2026/27,Midlands,Mental health and community trust,Mental Health and Learning Disability,RT5,Leicestershire Partnership NHS Trust,"Finance, productivity and innovation",Finance,OF2081,Variance to plan year-to-date,Jun-26,score,1.0,,,,29.0
Q1 2026/27,South West,Mental health and community trust,Mental Health and Learning Disability,RTQ,Gloucestershire Health and Care NHS Foundation Trust,"Finance, productivity and innovation",Finance,OF2081,Variance to plan year-to-date,Jun-26,score,1.0,,,,17.0
Q1 2026/27,London,Mental health and community trust,Mental Health and Learning Disability,RV3,Central and North West London NHS Foundation Trust,"Finance, productivity and innovation",Finance,OF2081,Variance to plan year-to-date,Jun-26,score,1.0,,,,15.0
Q1 2026/27,London,Mental health and community trust,Mental Health and Learning Disability,RV5,South London and Maudsley NHS Foundation Trust,"Finance, productivity and innovation",Finance,OF2081,Variance to plan year-to-date,Jun-26,score,1.0,,,,17.0
Q1 2026/27,North East and Yorkshire,Mental health and community trust,Mental Health and Learning Disability,RV9,Humber Teaching NHS Foundation Trust,"Finance, productivity and innovation",Finance,OF2081,Variance to plan year-to-date,Jun-26,score,1.0,,,,29.0
Q1 2026/27,South West,Mental health and community trust,Mental Health and Learning Disability,RVN,Avon and Wiltshire Mental Health Partnership NHS Trust,"Finance, productivity and innovation",Finance,OF2081,Variance to plan year-to-date,Jun-26,score,1.0,,,,29.0
Q1 2026/27,South East,Mental health and community trust,Mental Health and Learning Disability,RW1,Hampshire and Isle of Wight Healthcare NHS Foundation Trust,"Finance, productivity and innovation",Finance,OF2081,Variance to plan year-to-date,Jun-26,score,1.0,,,,29.0
Q1 2026/27,North West,Mental health and community trust,Mental Health and Learning Disability,RW4,Mersey Care NHS Foundation Trust,"Finance, productivity and innovation",Finance,OF2081,Variance to plan year-to-date,Jun-26,score,1.0,,,,12.0
Q1 2026/27,North West,Mental health and community trust,Mental Health and Learning Disability,RW5,Lancashire & South Cumbria NHS Foundation Trust,"Finance, productivity and innovation",Finance,OF2081,Variance to plan year-to-date,Jun-26,score,3.0,,,,54.0
Q1 2026/27,London,Mental health and community trust,Mental Health and Learning Disability,RWK,East London NHS Foundation Trust,"Finance, productivity and innovation",Finance,OF2081,Variance to plan year-to-date,Jun-26,score,1.0,,,,15.0
Q1 2026/27,East,Mental health and community trust,Mental Health and Learning Disability,RWR,Hertfordshire Partnership University NHS Foundation Trust,"Finance, productivity and innovation",Finance,OF2081,Variance to plan year-to-date,Jun-26,score,1.0,,,,29.0
Q1 2026/27,South West,Mental health and community trust,Mental Health and Learning Disability,RWV,Devon Partnership NHS Trust,"Finance, productivity and innovation",Finance,OF2081,Variance to plan year-to-date,Jun-26,score,1.0,,,,29.0
Q1 2026/27,South East,Mental health and community trust,Mental Health and Learning Disability,RWX,Berkshire Healthcare NHS Foundation Trust,"Finance, productivity and innovation",Finance,OF2081,Variance to plan year-to-date,Jun-26,score,1.0,,,,29.0
Q1 2026/27,South East,Mental health and community trust,Mental Health and Learning Disability,RX2,Sussex Partnership NHS Foundation Trust,"Finance, productivity and innovation",Finance,OF2081,Variance to plan year-to-date,Jun-26,score,1.0,,,,29.0
Q1 2026/27,North East and Yorkshire,Mental health and community trust,Mental Health and Learning Disability,RX3,"Tees, Esk and Wear Valleys NHS Foundation Trust","Finance, productivity and innovation",Finance,OF2081,Variance to plan year-to-date,Jun-26,score,1.0,,,,1.0
Q1 2026/27,North East and Yorkshire,Mental health and community trust,Mental Health and Learning Disability,RX4,"Cumbria, Northumberland, Tyne and Wear NHS Foundation Trust","Finance, productivity and innovation",Finance,OF2081,Variance to plan year-to-date,Jun-26,score,1.0,,,,8.0
Q1 2026/27,North West,Mental health and community trust,Mental Health and Learning Disability,RXA,Cheshire and Wirral Partnership NHS Foundation Trust,"Finance, productivity and innovation",Finance,OF2081,Variance to plan year-to-date,Jun-26,score,1.0,,,,17.0
Q1 2026/27,North East and Yorkshire,Mental health and community trust,Mental Health and Learning Disability,RXE,Rotherham Doncaster and South Humber NHS Foundation Trust,"Finance, productivity and innovation",Finance,OF2081,Variance to plan year-to-date,Jun-26,score,1.0,,,,9.0
Q1 2026/27,North East and Yorkshire,Mental health and community trust,Mental Health and Learning Disability,RXG,South West Yorkshire Partnership NHS Foundation Trust,"Finance, productivity and innovation",Finance,OF2081,Variance to plan year-to-date,Jun-26,score,1.0,,,,25.0
Q1 2026/27,Midlands,Mental health and community trust,Mental Health and Learning Disability,RXM,Derbyshire Healthcare NHS Foundation Trust,"Finance, productivity and innovation",Finance,OF2081,Variance to plan year-to-date,Jun-26,score,2.0,,,,52.0
Q1 2026/27,Midlands,Mental health and community trust,Mental Health and Learning Disability,RXT,Birmingham and Solihull Mental Health NHS Foundation Trust,"Finance, productivity and innovation",Finance,OF2081,Variance to plan year-to-date,Jun-26,score,3.0,,,,56.0
Q1 2026/27,North West,Mental health and community trust,Mental Health and Learning Disability,RXV,Greater Manchester Mental Health NHS Foundation Trust,"Finance, productivity and innovation",Finance,OF2081,Variance to plan year-to-date,Jun-26,score,4.0,,,,57.0
Q1 2026/27,South East,Mental health and community trust,Mental Health and Learning Disability,RXX,Surrey and Borders Partnership NHS Foundation Trust,"Finance, productivity and innovation",Finance,OF2081,Variance to plan year-to-date,Jun-26,score,1.0,,,,12.0
Q1 2026/27,South East,Mental health and community trust,Mental Health and Learning Disability,RXY,Kent and Medway Mental Health NHS Trust,"Finance, productivity and innovation",Finance,OF2081,Variance to plan year-to-date,Jun-26,score,1.0,,,,29.0
Q1 2026/27,East,Mental health and community trust,Community,RY3,Norfolk Community Health and Care NHS Trust,"Finance, productivity and innovation",Finance,OF2081,Variance to plan year-to-date,Jun-26,score,1.0,,,,17.0
Q1 2026/27,East,Mental health and community trust,Community,RY4,Hertfordshire Community NHS Trust,"Finance, productivity and innovation",Finance,OF2081,Variance to plan year-to-date,Jun-26,score,1.0,,,,29.0
Q1 2026/27,Midlands,Mental health and community trust,Community,RY5,Lincolnshire Community Health Services NHS Trust,"Finance, productivity and innovation",Finance,OF2081,Variance to plan year-to-date,Jun-26,score,1.0,,,,5.0
Q1 2026/27,North East and Yorkshire,Mental health and community trust,Community,RY6,Leeds Community Healthcare NHS Trust,"Finance, productivity and innovation",Finance,OF2081,Variance to plan year-to-date,Jun-26,score,1.0,,,,6.0
Q1 2026/27,North West,Mental health and community trust,Community,RY7,Wirral Community Health and Care NHS Foundation Trust,"Finance, productivity and innovation",Finance,OF2081,Variance to plan year-to-date,Jun-26,score,1.0,,,,2.0
Q1 2026/27,Midlands,Mental health and community trust,Community,RY8,Derbyshire Community Health Services NHS Foundation Trust,"Finance, productivity and innovation",Finance,OF2081,Variance to plan year-to-date,Jun-26,score,1.0,,,,29.0
Q1 2026/27,Midlands,Mental health and community trust,Mental Health and Learning Disability,RYG,Coventry and Warwickshire Partnership NHS Trust,"Finance, productivity and innovation",Finance,OF2081,Variance to plan year-to-date,Jun-26,score,1.0,,,,17.0
Q1 2026/27,Midlands,Mental health and community trust,Community,RYW,Birmingham Community Healthcare NHS Foundation Trust,"Finance, productivity and innovation",Finance,OF2081,Variance to plan year-to-date,Jun-26,score,2.0,,,,51.0
Q1 2026/27,London,Mental health and community trust,Community,RYX,Central London Community Healthcare NHS Trust,"Finance, productivity and innovation",Finance,OF2081,Variance to plan year-to-date,Jun-26,score,1.0,,,,29.0
Q1 2026/27,South East,Mental health and community trust,Community,RYY,Kent Community Health NHS Foundation Trust,"Finance, productivity and innovation",Finance,OF2081,Variance to plan year-to-date,Jun-26,score,1.0,,,,12.0
Q1 2026/27,North East and Yorkshire,Mental health and community trust,Care Trust,TAD,Bradford District Care NHS Foundation Trust,"Finance, productivity and innovation",Finance,OF2081,Variance to plan year-to-date,Jun-26,score,1.0,,,,17.0
Q1 2026/27,North East and Yorkshire,Mental health and community trust,Care Trust,TAH,Sheffield Health Partnership University NHS Foundation Trust,"Finance, productivity and innovation",Finance,OF2081,Variance to plan year-to-date,Jun-26,score,3.0,,,,53.0
Q1 2026/27,Midlands,Mental health and community trust,Mental Health and Learning Disability,TAJ,Black Country Healthcare NHS Foundation Trust,"Finance, productivity and innovation",Finance,OF2081,Variance to plan year-to-date,Jun-26,score,1.0,,,,17.0
Q1 2026/27,London,Mental health and community trust,Mental Health and Learning Disability,G6V2S,North London NHS Foundation Trust,People,People and culture,OF2082,Sickness absence rate,Mar-26,score,1.54,,,,7.0
Q1 2026/27,Midlands,Mental health and community trust,Community,R1A,Herefordshire and Worcestershire Health and Care NHS Trust,People,People and culture,OF2082,Sickness absence rate,Mar-26,score,3.42,,,,37.0
Q1 2026/27,Midlands,Mental health and community trust,Community,R1D,Shropshire Community Health NHS Trust,People,People and culture,OF2082,Sickness absence rate,Mar-26,score,2.54,,,,23.0
Q1 2026/27,East,Mental health and community trust,Mental Health and Learning Disability,R1L,Essex Partnership University NHS Foundation Trust,People,People and culture,OF2082,Sickness absence rate,Mar-26,score,2.57,,,,24.0
Q1 2026/27,London,Mental health and community trust,Mental Health and Learning Disability,RAT,North East London NHS Foundation Trust,People,People and culture,OF2082,Sickness absence rate,Mar-26,score,2.49,,,,22.0
Q1 2026/27,South East,Mental health and community trust,Community,RDR,Sussex Community NHS Foundation Trust,People,People and culture,OF2082,Sickness absence rate,Mar-26,score,2.28,,,,17.0
Q1 2026/27,South West,Mental health and community trust,Mental Health and Learning Disability,RDY,Dorset Healthcare University NHS Foundation Trust,People,People and culture,OF2082,Sickness absence rate,Mar-26,score,2.03,,,,12.0
Q1 2026/27,North East and Yorkshire,Mental health and community trust,Mental Health and Learning Disability,RGD,Leeds and York Partnership NHS Foundation Trust,People,People and culture,OF2082,Sickness absence rate,Mar-26,score,3.76,,,,51.0
Q1 2026/27,Midlands,Mental health and community trust,Mental Health and Learning Disability,RHA,Nottinghamshire Healthcare NHS Foundation Trust,People,People and culture,OF2082,Sickness absence rate,Mar-26,score,3.75,,,,50.0
Q1 2026/27,South West,Mental health and community trust,Mental Health and Learning Disability,RJ8,Cornwall Partnership NHS Foundation Trust,People,People and culture,OF2082,Sickness absence rate,Mar-26,score,3.51,,,,40.0
Q1 2026/27,London,Mental health and community trust,Mental Health and Learning Disability,RKL,West London NHS Trust,People,People and culture,OF2082,Sickness absence rate,Mar-26,score,2.06,,,,13.0
Q1 2026/27,Midlands,Mental health and community trust,Mental Health and Learning Disability,RLY,North Staffordshire Combined Healthcare NHS Trust,People,People and culture,OF2082,Sickness absence rate,Mar-26,score,3.39,,,,36.0
Q1 2026/27,East,Mental health and community trust,Mental Health and Learning Disability,RMY,Norfolk and Suffolk NHS Foundation Trust,People,People and culture,OF2082,Sickness absence rate,Mar-26,score,3.27,,,,34.0
Q1 2026/27,South East,Mental health and community trust,Mental Health and Learning Disability,RNU,Oxford Health NHS Foundation Trust,People,People and culture,OF2082,Sickness absence rate,Mar-26,score,1.81,,,,9.0
Q1 2026/27,Midlands,Mental health and community trust,Mental Health and Learning Disability,RP1,Northamptonshire Healthcare NHS Foundation Trust,People,People and culture,OF2082,Sickness absence rate,Mar-26,score,3.63,,,,45.0
Q1 2026/27,Midlands,Mental health and community trust,Mental Health and Learning Disability,RP7,Lincolnshire Partnership NHS Foundation Trust,People,People and culture,OF2082,Sickness absence rate,Mar-26,score,2.79,,,,26.0
Q1 2026/27,London,Mental health and community trust,Mental Health and Learning Disability,RPG,Oxleas NHS Foundation Trust,People,People and culture,OF2082,Sickness absence rate,Mar-26,score,2.4,,,,20.0
Q1 2026/27,London,Mental health and community trust,Mental Health and Learning Disability,RQY,South West London and St George's Mental Health NHS Trust,People,People and culture,OF2082,Sickness absence rate,Mar-26,score,1.51,,,,5.0
Q1 2026/27,Midlands,Mental health and community trust,Mental Health and Learning Disability,RRE,Midlands Partnership University NHS Foundation Trust,People,People and culture,OF2082,Sickness absence rate,Mar-26,score,3.25,,,,33.0
Q1 2026/27,East,Mental health and community trust,Mental Health and Learning Disability,RT1,Cambridgeshire and Peterborough NHS Foundation Trust,People,People and culture,OF2082,Sickness absence rate,Mar-26,score,1.97,,,,11.0
Q1 2026/27,North West,Mental health and community trust,Mental Health and Learning Disability,RT2,Pennine Care NHS Foundation Trust,People,People and culture,OF2082,Sickness absence rate,Mar-26,score,3.67,,,,48.0
Q1 2026/27,Midlands,Mental health and community trust,Mental Health and Learning Disability,RT5,Leicestershire Partnership NHS Trust,People,People and culture,OF2082,Sickness absence rate,Mar-26,score,2.45,,,,21.0
Q1 2026/27,South West,Mental health and community trust,Mental Health and Learning Disability,RTQ,Gloucestershire Health and Care NHS Foundation Trust,People,People and culture,OF2082,Sickness absence rate,Mar-26,score,2.27,,,,16.0
Q1 2026/27,London,Mental health and community trust,Mental Health and Learning Disability,RV3,Central and North West London NHS Foundation Trust,People,People and culture,OF2082,Sickness absence rate,Mar-26,score,1.19,,,,2.0
Q1 2026/27,London,Mental health and community trust,Mental Health and Learning Disability,RV5,South London and Maudsley NHS Foundation Trust,People,People and culture,OF2082,Sickness absence rate,Mar-26,score,1.55,,,,8.0
Q1 2026/27,North East and Yorkshire,Mental health and community trust,Mental Health and Learning Disability,RV9,Humber Teaching NHS Foundation Trust,People,People and culture,OF2082,Sickness absence rate,Mar-26,score,2.3,,,,18.0
Q1 2026/27,South West,Mental health and community trust,Mental Health and Learning Disability,RVN,Avon and Wiltshire Mental Health Partnership NHS Trust,People,People and culture,OF2082,Sickness absence rate,Mar-26,score,1.94,,,,10.0
Q1 2026/27,South East,Mental health and community trust,Mental Health and Learning Disability,RW1,Hampshire and Isle of Wight Healthcare NHS Foundation Trust,People,People and culture,OF2082,Sickness absence rate,Mar-26,score,3.03,,,,30.0
Q1 2026/27,North West,Mental health and community trust,Mental Health and Learning Disability,RW4,Mersey Care NHS Foundation Trust,People,People and culture,OF2082,Sickness absence rate,Mar-26,score,3.93,,,,57.0
Q1 2026/27,North West,Mental health and community trust,Mental Health and Learning Disability,RW5,Lancashire & South Cumbria NHS Foundation Trust,People,People and culture,OF2082,Sickness absence rate,Mar-26,score,3.87,,,,56.0
Q1 2026/27,London,Mental health and community trust,Mental Health and Learning Disability,RWK,East London NHS Foundation Trust,People,People and culture,OF2082,Sickness absence rate,Mar-26,score,2.72,,,,25.0
Q1 2026/27,East,Mental health and community trust,Mental Health and Learning Disability,RWR,Hertfordshire Partnership University NHS Foundation Trust,People,People and culture,OF2082,Sickness absence rate,Mar-26,score,2.93,,,,29.0
Q1 2026/27,South West,Mental health and community trust,Mental Health and Learning Disability,RWV,Devon Partnership NHS Trust,People,People and culture,OF2082,Sickness absence rate,Mar-26,score,3.61,,,,44.0
Q1 2026/27,South East,Mental health and community trust,Mental Health and Learning Disability,RWX,Berkshire Healthcare NHS Foundation Trust,People,People and culture,OF2082,Sickness absence rate,Mar-26,score,1.52,,,,6.0
Q1 2026/27,South East,Mental health and community trust,Mental Health and Learning Disability,RX2,Sussex Partnership NHS Foundation Trust,People,People and culture,OF2082,Sickness absence rate,Mar-26,score,2.82,,,,27.0
Q1 2026/27,North East and Yorkshire,Mental health and community trust,Mental Health and Learning Disability,RX3,"Tees, Esk and Wear Valleys NHS Foundation Trust",People,People and culture,OF2082,Sickness absence rate,Mar-26,score,3.66,,,,47.0
Q1 2026/27,North East and Yorkshire,Mental health and community trust,Mental Health and Learning Disability,RX4,"Cumbria, Northumberland, Tyne and Wear NHS Foundation Trust",People,People and culture,OF2082,Sickness absence rate,Mar-26,score,3.46,,,,39.0
Q1 2026/27,North West,Mental health and community trust,Mental Health and Learning Disability,RXA,Cheshire and Wirral Partnership NHS Foundation Trust,People,People and culture,OF2082,Sickness absence rate,Mar-26,score,3.43,,,,38.0
Q1 2026/27,North East and Yorkshire,Mental health and community trust,Mental Health and Learning Disability,RXE,Rotherham Doncaster and South Humber NHS Foundation Trust,People,People and culture,OF2082,Sickness absence rate,Mar-26,score,3.79,,,,53.0
Q1 2026/27,North East and Yorkshire,Mental health and community trust,Mental Health and Learning Disability,RXG,South West Yorkshire Partnership NHS Foundation Trust,People,People and culture,OF2082,Sickness absence rate,Mar-26,score,2.13,,,,14.0
Q1 2026/27,Midlands,Mental health and community trust,Mental Health and Learning Disability,RXM,Derbyshire Healthcare NHS Foundation Trust,People,People and culture,OF2082,Sickness absence rate,Mar-26,score,3.21,,,,32.0
Q1 2026/27,Midlands,Mental health and community trust,Mental Health and Learning Disability,RXT,Birmingham and Solihull Mental Health NHS Foundation Trust,People,People and culture,OF2082,Sickness absence rate,Mar-26,score,3.09,,,,31.0
Q1 2026/27,North West,Mental health and community trust,Mental Health and Learning Disability,RXV,Greater Manchester Mental Health NHS Foundation Trust,People,People and culture,OF2082,Sickness absence rate,Mar-26,score,3.84,,,,55.0
Q1 2026/27,South East,Mental health and community trust,Mental Health and Learning Disability,RXX,Surrey and Borders Partnership NHS Foundation Trust,People,People and culture,OF2082,Sickness absence rate,Mar-26,score,1.39,,,,4.0
Q1 2026/27,South East,Mental health and community trust,Mental Health and Learning Disability,RXY,Kent and Medway Mental Health NHS Trust,People,People and culture,OF2082,Sickness absence rate,Mar-26,score,2.22,,,,15.0
Q1 2026/27,East,Mental health and community trust,Community,RY3,Norfolk Community Health and Care NHS Trust,People,People and culture,OF2082,Sickness absence rate,Mar-26,score,2.91,,,,28.0
Q1 2026/27,East,Mental health and community trust,Community,RY4,Hertfordshire Community NHS Trust,People,People and culture,OF2082,Sickness absence rate,Mar-26,score,1.15,,,,1.0
Q1 2026/27,Midlands,Mental health and community trust,Community,RY5,Lincolnshire Community Health Services NHS Trust,People,People and culture,OF2082,Sickness absence rate,Mar-26,score,3.31,,,,35.0
Q1 2026/27,North East and Yorkshire,Mental health and community trust,Community,RY6,Leeds Community Healthcare NHS Trust,People,People and culture,OF2082,Sickness absence rate,Mar-26,score,3.94,,,,58.0
Q1 2026/27,North West,Mental health and community trust,Community,RY7,Wirral Community Health and Care NHS Foundation Trust,People,People and culture,OF2082,Sickness absence rate,Mar-26,score,3.72,,,,49.0
Q1 2026/27,Midlands,Mental health and community trust,Community,RY8,Derbyshire Community Health Services NHS Foundation Trust,People,People and culture,OF2082,Sickness absence rate,Mar-26,score,3.52,,,,41.0
Q1 2026/27,Midlands,Mental health and community trust,Mental Health and Learning Disability,RYG,Coventry and Warwickshire Partnership NHS Trust,People,People and culture,OF2082,Sickness absence rate,Mar-26,score,3.6,,,,43.0
Q1 2026/27,Midlands,Mental health and community trust,Community,RYW,Birmingham Community Healthcare NHS Foundation Trust,People,People and culture,OF2082,Sickness absence rate,Mar-26,score,3.64,,,,46.0
Q1 2026/27,London,Mental health and community trust,Community,RYX,Central London Community Healthcare NHS Trust,People,People and culture,OF2082,Sickness absence rate,Mar-26,score,2.33,,,,19.0
Q1 2026/27,South East,Mental health and community trust,Community,RYY,Kent Community Health NHS Foundation Trust,People,People and culture,OF2082,Sickness absence rate,Mar-26,score,1.24,,,,3.0
Q1 2026/27,North East and Yorkshire,Mental health and community trust,Care Trust,TAD,Bradford District Care NHS Foundation Trust,People,People and culture,OF2082,Sickness absence rate,Mar-26,score,3.78,,,,52.0
Q1 2026/27,North East and Yorkshire,Mental health and community trust,Care Trust,TAH,Sheffield Health Partnership University NHS Foundation Trust,People,People and culture,OF2082,Sickness absence rate,Mar-26,score,3.58,,,,42.0
Q1 2026/27,Midlands,Mental health and community trust,Mental Health and Learning Disability,TAJ,Black Country Healthcare NHS Foundation Trust,People,People and culture,OF2082,Sickness absence rate,Mar-26,score,3.82,,,,54.0
Q1 2026/27,London,Mental health and community trust,Mental Health and Learning Disability,G6V2S,North London NHS Foundation Trust,People,People and culture,OF2084,NHS staff survey engagement theme sub-score ,2025,score,3.79,,,,54.0
Q1 2026/27,Midlands,Mental health and community trust,Community,R1A,Herefordshire and Worcestershire Health and Care NHS Trust,People,People and culture,OF2084,NHS staff survey engagement theme sub-score ,2025,score,2.21,,,,24.0
Q1 2026/27,Midlands,Mental health and community trust,Community,R1D,Shropshire Community Health NHS Trust,People,People and culture,OF2084,NHS staff survey engagement theme sub-score ,2025,score,2.95,,,,38.0
Q1 2026/27,East,Mental health and community trust,Mental Health and Learning Disability,R1L,Essex Partnership University NHS Foundation Trust,People,People and culture,OF2084,NHS staff survey engagement theme sub-score ,2025,score,2.53,,,,30.0
Q1 2026/27,London,Mental health and community trust,Mental Health and Learning Disability,RAT,North East London NHS Foundation Trust,People,People and culture,OF2084,NHS staff survey engagement theme sub-score ,2025,score,2.42,,,,28.0
Q1 2026/27,South East,Mental health and community trust,Community,RDR,Sussex Community NHS Foundation Trust,People,People and culture,OF2084,NHS staff survey engagement theme sub-score ,2025,score,1.47,,,,10.0
Q1 2026/27,South West,Mental health and community trust,Mental Health and Learning Disability,RDY,Dorset Healthcare University NHS Foundation Trust,People,People and culture,OF2084,NHS staff survey engagement theme sub-score ,2025,score,1.95,,,,19.0
Q1 2026/27,North East and Yorkshire,Mental health and community trust,Mental Health and Learning Disability,RGD,Leeds and York Partnership NHS Foundation Trust,People,People and culture,OF2084,NHS staff survey engagement theme sub-score ,2025,score,2.84,,,,36.0
Q1 2026/27,Midlands,Mental health and community trust,Mental Health and Learning Disability,RHA,Nottinghamshire Healthcare NHS Foundation Trust,People,People and culture,OF2084,NHS staff survey engagement theme sub-score ,2025,score,3.95,,,,57.0
Q1 2026/27,South West,Mental health and community trust,Mental Health and Learning Disability,RJ8,Cornwall Partnership NHS Foundation Trust,People,People and culture,OF2084,NHS staff survey engagement theme sub-score ,2025,score,2.79,,,,35.0
Q1 2026/27,London,Mental health and community trust,Mental Health and Learning Disability,RKL,West London NHS Trust,People,People and culture,OF2084,NHS staff survey engagement theme sub-score ,2025,score,1.21,,,,5.0
Q1 2026/27,Midlands,Mental health and community trust,Mental Health and Learning Disability,RLY,North Staffordshire Combined Healthcare NHS Trust,People,People and culture,OF2084,NHS staff survey engagement theme sub-score ,2025,score,1.11,,,,3.0
Q1 2026/27,East,Mental health and community trust,Mental Health and Learning Disability,RMY,Norfolk and Suffolk NHS Foundation Trust,People,People and culture,OF2084,NHS staff survey engagement theme sub-score ,2025,score,4.0,,,,58.0
Q1 2026/27,South East,Mental health and community trust,Mental Health and Learning Disability,RNU,Oxford Health NHS Foundation Trust,People,People and culture,OF2084,NHS staff survey engagement theme sub-score ,2025,score,1.53,,,,11.0
Q1 2026/27,Midlands,Mental health and community trust,Mental Health and Learning Disability,RP1,Northamptonshire Healthcare NHS Foundation Trust,People,People and culture,OF2084,NHS staff survey engagement theme sub-score ,2025,score,1.68,,,,14.0
Q1 2026/27,Midlands,Mental health and community trust,Mental Health and Learning Disability,RP7,Lincolnshire Partnership NHS Foundation Trust,People,People and culture,OF2084,NHS staff survey engagement theme sub-score ,2025,score,2.74,,,,34.0
Q1 2026/27,London,Mental health and community trust,Mental Health and Learning Disability,RPG,Oxleas NHS Foundation Trust,People,People and culture,OF2084,NHS staff survey engagement theme sub-score ,2025,score,1.05,,,,2.0
Q1 2026/27,London,Mental health and community trust,Mental Health and Learning Disability,RQY,South West London and St George's Mental Health NHS Trust,People,People and culture,OF2084,NHS staff survey engagement theme sub-score ,2025,score,2.05,,,,21.0
Q1 2026/27,Midlands,Mental health and community trust,Mental Health and Learning Disability,RRE,Midlands Partnership University NHS Foundation Trust,People,People and culture,OF2084,NHS staff survey engagement theme sub-score ,2025,score,1.16,,,,4.0
Q1 2026/27,East,Mental health and community trust,Mental Health and Learning Disability,RT1,Cambridgeshire and Peterborough NHS Foundation Trust,People,People and culture,OF2084,NHS staff survey engagement theme sub-score ,2025,score,3.11,,,,41.0
Q1 2026/27,North West,Mental health and community trust,Mental Health and Learning Disability,RT2,Pennine Care NHS Foundation Trust,People,People and culture,OF2084,NHS staff survey engagement theme sub-score ,2025,score,3.0,,,,39.0
Q1 2026/27,Midlands,Mental health and community trust,Mental Health and Learning Disability,RT5,Leicestershire Partnership NHS Trust,People,People and culture,OF2084,NHS staff survey engagement theme sub-score ,2025,score,1.89,,,,18.0
Q1 2026/27,South West,Mental health and community trust,Mental Health and Learning Disability,RTQ,Gloucestershire Health and Care NHS Foundation Trust,People,People and culture,OF2084,NHS staff survey engagement theme sub-score ,2025,score,1.84,,,,17.0
Q1 2026/27,London,Mental health and community trust,Mental Health and Learning Disability,RV3,Central and North West London NHS Foundation Trust,People,People and culture,OF2084,NHS staff survey engagement theme sub-score ,2025,score,1.79,,,,16.0
Q1 2026/27,London,Mental health and community trust,Mental Health and Learning Disability,RV5,South London and Maudsley NHS Foundation Trust,People,People and culture,OF2084,NHS staff survey engagement theme sub-score ,2025,score,2.68,,,,33.0
Q1 2026/27,North East and Yorkshire,Mental health and community trust,Mental Health and Learning Disability,RV9,Humber Teaching NHS Foundation Trust,People,People and culture,OF2084,NHS staff survey engagement theme sub-score ,2025,score,1.74,,,,15.0
Q1 2026/27,South West,Mental health and community trust,Mental Health and Learning Disability,RVN,Avon and Wiltshire Mental Health Partnership NHS Trust,People,People and culture,OF2084,NHS staff survey engagement theme sub-score ,2025,score,2.32,,,,26.0
Q1 2026/27,South East,Mental health and community trust,Mental Health and Learning Disability,RW1,Hampshire and Isle of Wight Healthcare NHS Foundation Trust,People,People and culture,OF2084,NHS staff survey engagement theme sub-score ,2025,score,3.16,,,,42.0
Q1 2026/27,North West,Mental health and community trust,Mental Health and Learning Disability,RW4,Mersey Care NHS Foundation Trust,People,People and culture,OF2084,NHS staff survey engagement theme sub-score ,2025,score,2.63,,,,32.0
Q1 2026/27,North West,Mental health and community trust,Mental Health and Learning Disability,RW5,Lancashire & South Cumbria NHS Foundation Trust,People,People and culture,OF2084,NHS staff survey engagement theme sub-score ,2025,score,3.47,,,,48.0
Q1 2026/27,London,Mental health and community trust,Mental Health and Learning Disability,RWK,East London NHS Foundation Trust,People,People and culture,OF2084,NHS staff survey engagement theme sub-score ,2025,score,2.0,,,,20.0
Q1 2026/27,East,Mental health and community trust,Mental Health and Learning Disability,RWR,Hertfordshire Partnership University NHS Foundation Trust,People,People and culture,OF2084,NHS staff survey engagement theme sub-score ,2025,score,1.32,,,,7.0
Q1 2026/27,South West,Mental health and community trust,Mental Health and Learning Disability,RWV,Devon Partnership NHS Trust,People,People and culture,OF2084,NHS staff survey engagement theme sub-score ,2025,score,3.42,,,,47.0
Q1 2026/27,South East,Mental health and community trust,Mental Health and Learning Disability,RWX,Berkshire Healthcare NHS Foundation Trust,People,People and culture,OF2084,NHS staff survey engagement theme sub-score ,2025,score,1.0,,,,1.0
Q1 2026/27,South East,Mental health and community trust,Mental Health and Learning Disability,RX2,Sussex Partnership NHS Foundation Trust,People,People and culture,OF2084,NHS staff survey engagement theme sub-score ,2025,score,3.89,,,,56.0
Q1 2026/27,North East and Yorkshire,Mental health and community trust,Mental Health and Learning Disability,RX3,"Tees, Esk and Wear Valleys NHS Foundation Trust",People,People and culture,OF2084,NHS staff survey engagement theme sub-score ,2025,score,3.21,,,,43.0
Q1 2026/27,North East and Yorkshire,Mental health and community trust,Mental Health and Learning Disability,RX4,"Cumbria, Northumberland, Tyne and Wear NHS Foundation Trust",People,People and culture,OF2084,NHS staff survey engagement theme sub-score ,2025,score,3.32,,,,45.0
Q1 2026/27,North West,Mental health and community trust,Mental Health and Learning Disability,RXA,Cheshire and Wirral Partnership NHS Foundation Trust,People,People and culture,OF2084,NHS staff survey engagement theme sub-score ,2025,score,2.47,,,,29.0
Q1 2026/27,North East and Yorkshire,Mental health and community trust,Mental Health and Learning Disability,RXE,Rotherham Doncaster and South Humber NHS Foundation Trust,People,People and culture,OF2084,NHS staff survey engagement theme sub-score ,2025,score,3.37,,,,46.0
Q1 2026/27,North East and Yorkshire,Mental health and community trust,Mental Health and Learning Disability,RXG,South West Yorkshire Partnership NHS Foundation Trust,People,People and culture,OF2084,NHS staff survey engagement theme sub-score ,2025,score,1.63,,,,13.0
Q1 2026/27,Midlands,Mental health and community trust,Mental Health and Learning Disability,RXM,Derbyshire Healthcare NHS Foundation Trust,People,People and culture,OF2084,NHS staff survey engagement theme sub-score ,2025,score,2.58,,,,31.0
Q1 2026/27,Midlands,Mental health and community trust,Mental Health and Learning Disability,RXT,Birmingham and Solihull Mental Health NHS Foundation Trust,People,People and culture,OF2084,NHS staff survey engagement theme sub-score ,2025,score,2.11,,,,22.0
Q1 2026/27,North West,Mental health and community trust,Mental Health and Learning Disability,RXV,Greater Manchester Mental Health NHS Foundation Trust,People,People and culture,OF2084,NHS staff survey engagement theme sub-score ,2025,score,3.68,,,,52.0
Q1 2026/27,South East,Mental health and community trust,Mental Health and Learning Disability,RXX,Surrey and Borders Partnership NHS Foundation Trust,People,People and culture,OF2084,NHS staff survey engagement theme sub-score ,2025,score,2.37,,,,27.0
Q1 2026/27,South East,Mental health and community trust,Mental Health and Learning Disability,RXY,Kent and Medway Mental Health NHS Trust,People,People and culture,OF2084,NHS staff survey engagement theme sub-score ,2025,score,3.74,,,,53.0
Q1 2026/27,East,Mental health and community trust,Community,RY3,Norfolk Community Health and Care NHS Trust,People,People and culture,OF2084,NHS staff survey engagement theme sub-score ,2025,score,1.42,,,,9.0
Q1 2026/27,East,Mental health and community trust,Community,RY4,Hertfordshire Community NHS Trust,People,People and culture,OF2084,NHS staff survey engagement theme sub-score ,2025,score,1.37,,,,8.0
Q1 2026/27,Midlands,Mental health and community trust,Community,RY5,Lincolnshire Community Health Services NHS Trust,People,People and culture,OF2084,NHS staff survey engagement theme sub-score ,2025,score,3.58,,,,50.0
Q1 2026/27,North East and Yorkshire,Mental health and community trust,Community,RY6,Leeds Community Healthcare NHS Trust,People,People and culture,OF2084,NHS staff survey engagement theme sub-score ,2025,score,2.89,,,,37.0
Q1 2026/27,North West,Mental health and community trust,Community,RY7,Wirral Community Health and Care NHS Foundation Trust,People,People and culture,OF2084,NHS staff survey engagement theme sub-score ,2025,score,3.26,,,,44.0
Q1 2026/27,Midlands,Mental health and community trust,Community,RY8,Derbyshire Community Health Services NHS Foundation Trust,People,People and culture,OF2084,NHS staff survey engagement theme sub-score ,2025,score,2.16,,,,23.0
Q1 2026/27,Midlands,Mental health and community trust,Mental Health and Learning Disability,RYG,Coventry and Warwickshire Partnership NHS Trust,People,People and culture,OF2084,NHS staff survey engagement theme sub-score ,2025,score,3.53,,,,49.0
Q1 2026/27,Midlands,Mental health and community trust,Community,RYW,Birmingham Community Healthcare NHS Foundation Trust,People,People and culture,OF2084,NHS staff survey engagement theme sub-score ,2025,score,3.05,,,,40.0
Q1 2026/27,London,Mental health and community trust,Community,RYX,Central London Community Healthcare NHS Trust,People,People and culture,OF2084,NHS staff survey engagement theme sub-score ,2025,score,1.58,,,,12.0
Q1 2026/27,South East,Mental health and community trust,Community,RYY,Kent Community Health NHS Foundation Trust,People,People and culture,OF2084,NHS staff survey engagement theme sub-score ,2025,score,1.26,,,,6.0
Q1 2026/27,North East and Yorkshire,Mental health and community trust,Care Trust,TAD,Bradford District Care NHS Foundation Trust,People,People and culture,OF2084,NHS staff survey engagement theme sub-score ,2025,score,2.26,,,,25.0
Q1 2026/27,North East and Yorkshire,Mental health and community trust,Care Trust,TAH,Sheffield Health Partnership University NHS Foundation Trust,People,People and culture,OF2084,NHS staff survey engagement theme sub-score ,2025,score,3.63,,,,51.0
Q1 2026/27,Midlands,Mental health and community trust,Mental Health and Learning Disability,TAJ,Black Country Healthcare NHS Foundation Trust,People,People and culture,OF2084,NHS staff survey engagement theme sub-score ,2025,score,3.84,,,,55.0
Q1 2026/27,London,Mental health and community trust,Mental Health and Learning Disability,G6V2S,North London NHS Foundation Trust,"Finance, productivity and innovation",Productivity,OF2086,Relative cost difference (National Cost Collection Index),2025,score,1.0,,,,7.0
Q1 2026/27,Midlands,Mental health and community trust,Community,R1A,Herefordshire and Worcestershire Health and Care NHS Trust,"Finance, productivity and innovation",Productivity,OF2086,Relative cost difference (National Cost Collection Index),2025,score,2.8,,,,32.0
Q1 2026/27,Midlands,Mental health and community trust,Community,R1D,Shropshire Community Health NHS Trust,"Finance, productivity and innovation",Productivity,OF2086,Relative cost difference (National Cost Collection Index),2025,score,1.0,,,,16.0
Q1 2026/27,East,Mental health and community trust,Mental Health and Learning Disability,R1L,Essex Partnership University NHS Foundation Trust,"Finance, productivity and innovation",Productivity,OF2086,Relative cost difference (National Cost Collection Index),2025,score,1.0,,,,8.0
Q1 2026/27,London,Mental health and community trust,Mental Health and Learning Disability,RAT,North East London NHS Foundation Trust,"Finance, productivity and innovation",Productivity,OF2086,Relative cost difference (National Cost Collection Index),2025,score,2.36,,,,27.0
Q1 2026/27,South East,Mental health and community trust,Community,RDR,Sussex Community NHS Foundation Trust,"Finance, productivity and innovation",Productivity,OF2086,Relative cost difference (National Cost Collection Index),2025,score,1.0,,,,22.0
Q1 2026/27,South West,Mental health and community trust,Mental Health and Learning Disability,RDY,Dorset Healthcare University NHS Foundation Trust,"Finance, productivity and innovation",Productivity,OF2086,Relative cost difference (National Cost Collection Index),2025,score,3.01,,,,35.0
Q1 2026/27,North East and Yorkshire,Mental health and community trust,Mental Health and Learning Disability,RGD,Leeds and York Partnership NHS Foundation Trust,"Finance, productivity and innovation",Productivity,OF2086,Relative cost difference (National Cost Collection Index),2025,score,3.29,,,,42.0
Q1 2026/27,Midlands,Mental health and community trust,Mental Health and Learning Disability,RHA,Nottinghamshire Healthcare NHS Foundation Trust,"Finance, productivity and innovation",Productivity,OF2086,Relative cost difference (National Cost Collection Index),2025,score,3.21,,,,40.0
Q1 2026/27,South West,Mental health and community trust,Mental Health and Learning Disability,RJ8,Cornwall Partnership NHS Foundation Trust,"Finance, productivity and innovation",Productivity,OF2086,Relative cost difference (National Cost Collection Index),2025,score,2.86,,,,33.0
Q1 2026/27,London,Mental health and community trust,Mental Health and Learning Disability,RKL,West London NHS Trust,"Finance, productivity and innovation",Productivity,OF2086,Relative cost difference (National Cost Collection Index),2025,score,1.0,,,,19.0
Q1 2026/27,Midlands,Mental health and community trust,Mental Health and Learning Disability,RLY,North Staffordshire Combined Healthcare NHS Trust,"Finance, productivity and innovation",Productivity,OF2086,Relative cost difference (National Cost Collection Index),2025,score,1.0,,,,11.0
Q1 2026/27,East,Mental health and community trust,Mental Health and Learning Disability,RMY,Norfolk and Suffolk NHS Foundation Trust,"Finance, productivity and innovation",Productivity,OF2086,Relative cost difference (National Cost Collection Index),2025,score,3.63,,,,50.0
Q1 2026/27,South East,Mental health and community trust,Mental Health and Learning Disability,RNU,Oxford Health NHS Foundation Trust,"Finance, productivity and innovation",Productivity,OF2086,Relative cost difference (National Cost Collection Index),2025,score,3.16,,,,37.0
Q1 2026/27,Midlands,Mental health and community trust,Mental Health and Learning Disability,RP1,Northamptonshire Healthcare NHS Foundation Trust,"Finance, productivity and innovation",Productivity,OF2086,Relative cost difference (National Cost Collection Index),2025,score,1.0,,,,1.0
Q1 2026/27,Midlands,Mental health and community trust,Mental Health and Learning Disability,RP7,Lincolnshire Partnership NHS Foundation Trust,"Finance, productivity and innovation",Productivity,OF2086,Relative cost difference (National Cost Collection Index),2025,score,3.55,,,,47.0
Q1 2026/27,London,Mental health and community trust,Mental Health and Learning Disability,RPG,Oxleas NHS Foundation Trust,"Finance, productivity and innovation",Productivity,OF2086,Relative cost difference (National Cost Collection Index),2025,score,3.31,,,,43.0
Q1 2026/27,London,Mental health and community trust,Mental Health and Learning Disability,RQY,South West London and St George's Mental Health NHS Trust,"Finance, productivity and innovation",Productivity,OF2086,Relative cost difference (National Cost Collection Index),2025,score,2.65,,,,30.0
Q1 2026/27,Midlands,Mental health and community trust,Mental Health and Learning Disability,RRE,Midlands Partnership University NHS Foundation Trust,"Finance, productivity and innovation",Productivity,OF2086,Relative cost difference (National Cost Collection Index),2025,score,1.0,,,,12.0
Q1 2026/27,East,Mental health and community trust,Mental Health and Learning Disability,RT1,Cambridgeshire and Peterborough NHS Foundation Trust,"Finance, productivity and innovation",Productivity,OF2086,Relative cost difference (National Cost Collection Index),2025,score,2.49,,,,28.0
Q1 2026/27,North West,Mental health and community trust,Mental Health and Learning Disability,RT2,Pennine Care NHS Foundation Trust,"Finance, productivity and innovation",Productivity,OF2086,Relative cost difference (National Cost Collection Index),2025,score,1.0,,,,14.0
Q1 2026/27,Midlands,Mental health and community trust,Mental Health and Learning Disability,RT5,Leicestershire Partnership NHS Trust,"Finance, productivity and innovation",Productivity,OF2086,Relative cost difference (National Cost Collection Index),2025,score,1.0,,,,15.0
Q1 2026/27,South West,Mental health and community trust,Mental Health and Learning Disability,RTQ,Gloucestershire Health and Care NHS Foundation Trust,"Finance, productivity and innovation",Productivity,OF2086,Relative cost difference (National Cost Collection Index),2025,score,3.48,,,,45.0
Q1 2026/27,London,Mental health and community trust,Mental Health and Learning Disability,RV3,Central and North West London NHS Foundation Trust,"Finance, productivity and innovation",Productivity,OF2086,Relative cost difference (National Cost Collection Index),2025,score,2.0,,,,24.0
Q1 2026/27,London,Mental health and community trust,Mental Health and Learning Disability,RV5,South London and Maudsley NHS Foundation Trust,"Finance, productivity and innovation",Productivity,OF2086,Relative cost difference (National Cost Collection Index),2025,score,1.0,,,,21.0
Q1 2026/27,North East and Yorkshire,Mental health and community trust,Mental Health and Learning Disability,RV9,Humber Teaching NHS Foundation Trust,"Finance, productivity and innovation",Productivity,OF2086,Relative cost difference (National Cost Collection Index),2025,score,3.59,,,,49.0
Q1 2026/27,South West,Mental health and community trust,Mental Health and Learning Disability,RVN,Avon and Wiltshire Mental Health Partnership NHS Trust,"Finance, productivity and innovation",Productivity,OF2086,Relative cost difference (National Cost Collection Index),2025,score,3.89,,,,56.0
Q1 2026/27,South East,Mental health and community trust,Mental Health and Learning Disability,RW1,Hampshire and Isle of Wight Healthcare NHS Foundation Trust,"Finance, productivity and innovation",Productivity,OF2086,Relative cost difference (National Cost Collection Index),2025,score,1.0,,,,20.0
Q1 2026/27,North West,Mental health and community trust,Mental Health and Learning Disability,RW4,Mersey Care NHS Foundation Trust,"Finance, productivity and innovation",Productivity,OF2086,Relative cost difference (National Cost Collection Index),2025,score,1.0,,,,23.0
Q1 2026/27,North West,Mental health and community trust,Mental Health and Learning Disability,RW5,Lancashire & South Cumbria NHS Foundation Trust,"Finance, productivity and innovation",Productivity,OF2086,Relative cost difference (National Cost Collection Index),2025,score,2.07,,,,25.0
Q1 2026/27,London,Mental health and community trust,Mental Health and Learning Disability,RWK,East London NHS Foundation Trust,"Finance, productivity and innovation",Productivity,OF2086,Relative cost difference (National Cost Collection Index),2025,score,1.0,,,,18.0
Q1 2026/27,East,Mental health and community trust,Mental Health and Learning Disability,RWR,Hertfordshire Partnership University NHS Foundation Trust,"Finance, productivity and innovation",Productivity,OF2086,Relative cost difference (National Cost Collection Index),2025,score,2.73,,,,31.0
Q1 2026/27,South West,Mental health and community trust,Mental Health and Learning Disability,RWV,Devon Partnership NHS Trust,"Finance, productivity and innovation",Productivity,OF2086,Relative cost difference (National Cost Collection Index),2025,score,3.51,,,,46.0
Q1 2026/27,South East,Mental health and community trust,Mental Health and Learning Disability,RWX,Berkshire Healthcare NHS Foundation Trust,"Finance, productivity and innovation",Productivity,OF2086,Relative cost difference (National Cost Collection Index),2025,score,4.0,,,,58.0
Q1 2026/27,South East,Mental health and community trust,Mental Health and Learning Disability,RX2,Sussex Partnership NHS Foundation Trust,"Finance, productivity and innovation",Productivity,OF2086,Relative cost difference (National Cost Collection Index),2025,score,3.79,,,,54.0
Q1 2026/27,North East and Yorkshire,Mental health and community trust,Mental Health and Learning Disability,RX3,"Tees, Esk and Wear Valleys NHS Foundation Trust","Finance, productivity and innovation",Productivity,OF2086,Relative cost difference (National Cost Collection Index),2025,score,1.0,,,,17.0
Q1 2026/27,North East and Yorkshire,Mental health and community trust,Mental Health and Learning Disability,RX4,"Cumbria, Northumberland, Tyne and Wear NHS Foundation Trust","Finance, productivity and innovation",Productivity,OF2086,Relative cost difference (National Cost Collection Index),2025,score,3.42,,,,44.0
Q1 2026/27,North West,Mental health and community trust,Mental Health and Learning Disability,RXA,Cheshire and Wirral Partnership NHS Foundation Trust,"Finance, productivity and innovation",Productivity,OF2086,Relative cost difference (National Cost Collection Index),2025,score,3.91,,,,57.0
Q1 2026/27,North East and Yorkshire,Mental health and community trust,Mental Health and Learning Disability,RXE,Rotherham Doncaster and South Humber NHS Foundation Trust,"Finance, productivity and innovation",Productivity,OF2086,Relative cost difference (National Cost Collection Index),2025,score,1.0,,,,6.0
Q1 2026/27,North East and Yorkshire,Mental health and community trust,Mental Health and Learning Disability,RXG,South West Yorkshire Partnership NHS Foundation Trust,"Finance, productivity and innovation",Productivity,OF2086,Relative cost difference (National Cost Collection Index),2025,score,1.0,,,,9.0
Q1 2026/27,Midlands,Mental health and community trust,Mental Health and Learning Disability,RXM,Derbyshire Healthcare NHS Foundation Trust,"Finance, productivity and innovation",Productivity,OF2086,Relative cost difference (National Cost Collection Index),2025,score,1.0,,,,3.0
Q1 2026/27,Midlands,Mental health and community trust,Mental Health and Learning Disability,RXT,Birmingham and Solihull Mental Health NHS Foundation Trust,"Finance, productivity and innovation",Productivity,OF2086,Relative cost difference (National Cost Collection Index),2025,score,1.0,,,,13.0
Q1 2026/27,North West,Mental health and community trust,Mental Health and Learning Disability,RXV,Greater Manchester Mental Health NHS Foundation Trust,"Finance, productivity and innovation",Productivity,OF2086,Relative cost difference (National Cost Collection Index),2025,score,1.0,,,,2.0
Q1 2026/27,South East,Mental health and community trust,Mental Health and Learning Disability,RXX,Surrey and Borders Partnership NHS Foundation Trust,"Finance, productivity and innovation",Productivity,OF2086,Relative cost difference (National Cost Collection Index),2025,score,3.57,,,,48.0
Q1 2026/27,South East,Mental health and community trust,Mental Health and Learning Disability,RXY,Kent and Medway Mental Health NHS Trust,"Finance, productivity and innovation",Productivity,OF2086,Relative cost difference (National Cost Collection Index),2025,score,1.0,,,,5.0
Q1 2026/27,East,Mental health and community trust,Community,RY3,Norfolk Community Health and Care NHS Trust,"Finance, productivity and innovation",Productivity,OF2086,Relative cost difference (National Cost Collection Index),2025,score,2.17,,,,26.0
Q1 2026/27,East,Mental health and community trust,Community,RY4,Hertfordshire Community NHS Trust,"Finance, productivity and innovation",Productivity,OF2086,Relative cost difference (National Cost Collection Index),2025,score,3.2,,,,39.0
Q1 2026/27,Midlands,Mental health and community trust,Community,RY5,Lincolnshire Community Health Services NHS Trust,"Finance, productivity and innovation",Productivity,OF2086,Relative cost difference (National Cost Collection Index),2025,score,3.87,,,,55.0
Q1 2026/27,North East and Yorkshire,Mental health and community trust,Community,RY6,Leeds Community Healthcare NHS Trust,"Finance, productivity and innovation",Productivity,OF2086,Relative cost difference (National Cost Collection Index),2025,score,3.74,,,,52.0
Q1 2026/27,North West,Mental health and community trust,Community,RY7,Wirral Community Health and Care NHS Foundation Trust,"Finance, productivity and innovation",Productivity,OF2086,Relative cost difference (National Cost Collection Index),2025,score,1.0,,,,4.0
Q1 2026/27,Midlands,Mental health and community trust,Community,RY8,Derbyshire Community Health Services NHS Foundation Trust,"Finance, productivity and innovation",Productivity,OF2086,Relative cost difference (National Cost Collection Index),2025,score,3.05,,,,36.0
Q1 2026/27,Midlands,Mental health and community trust,Mental Health and Learning Disability,RYG,Coventry and Warwickshire Partnership NHS Trust,"Finance, productivity and innovation",Productivity,OF2086,Relative cost difference (National Cost Collection Index),2025,score,3.78,,,,53.0
Q1 2026/27,Midlands,Mental health and community trust,Community,RYW,Birmingham Community Healthcare NHS Foundation Trust,"Finance, productivity and innovation",Productivity,OF2086,Relative cost difference (National Cost Collection Index),2025,score,3.18,,,,38.0
Q1 2026/27,London,Mental health and community trust,Community,RYX,Central London Community Healthcare NHS Trust,"Finance, productivity and innovation",Productivity,OF2086,Relative cost difference (National Cost Collection Index),2025,score,3.27,,,,41.0
Q1 2026/27,South East,Mental health and community trust,Community,RYY,Kent Community Health NHS Foundation Trust,"Finance, productivity and innovation",Productivity,OF2086,Relative cost difference (National Cost Collection Index),2025,score,1.0,,,,10.0
Q1 2026/27,North East and Yorkshire,Mental health and community trust,Care Trust,TAD,Bradford District Care NHS Foundation Trust,"Finance, productivity and innovation",Productivity,OF2086,Relative cost difference (National Cost Collection Index),2025,score,2.97,,,,34.0
Q1 2026/27,North East and Yorkshire,Mental health and community trust,Care Trust,TAH,Sheffield Health Partnership University NHS Foundation Trust,"Finance, productivity and innovation",Productivity,OF2086,Relative cost difference (National Cost Collection Index),2025,score,2.64,,,,29.0
Q1 2026/27,Midlands,Mental health and community trust,Mental Health and Learning Disability,TAJ,Black Country Healthcare NHS Foundation Trust,"Finance, productivity and innovation",Productivity,OF2086,Relative cost difference (National Cost Collection Index),2025,score,3.7,,,,51.0
Q1 2026/27,London,Mental health and community trust,Mental Health and Learning Disability,G6V2S,North London NHS Foundation Trust,Experience of care,Patient flow,OF2093,Mean length of stay for adult acute and psychiatric intensive care unit patients,Q1 26/27,score,3.0,,,,44.0
Q1 2026/27,Midlands,Mental health and community trust,Community,R1A,Herefordshire and Worcestershire Health and Care NHS Trust,Experience of care,Patient flow,OF2093,Mean length of stay for adult acute and psychiatric intensive care unit patients,Q1 26/27,score,1.0,,,,4.0
Q1 2026/27,East,Mental health and community trust,Mental Health and Learning Disability,R1L,Essex Partnership University NHS Foundation Trust,Experience of care,Patient flow,OF2093,Mean length of stay for adult acute and psychiatric intensive care unit patients,Q1 26/27,score,3.0,,,,28.0
Q1 2026/27,London,Mental health and community trust,Mental Health and Learning Disability,RAT,North East London NHS Foundation Trust,Experience of care,Patient flow,OF2093,Mean length of stay for adult acute and psychiatric intensive care unit patients,Q1 26/27,score,1.0,,,,6.0
Q1 2026/27,South West,Mental health and community trust,Mental Health and Learning Disability,RDY,Dorset Healthcare University NHS Foundation Trust,Experience of care,Patient flow,OF2093,Mean length of stay for adult acute and psychiatric intensive care unit patients,Q1 26/27,score,4.0,,,,47.0
Q1 2026/27,North East and Yorkshire,Mental health and community trust,Mental Health and Learning Disability,RGD,Leeds and York Partnership NHS Foundation Trust,Experience of care,Patient flow,OF2093,Mean length of stay for adult acute and psychiatric intensive care unit patients,Q1 26/27,score,4.0,,,,46.0
Q1 2026/27,Midlands,Mental health and community trust,Mental Health and Learning Disability,RHA,Nottinghamshire Healthcare NHS Foundation Trust,Experience of care,Patient flow,OF2093,Mean length of stay for adult acute and psychiatric intensive care unit patients,Q1 26/27,score,2.0,,,,21.0
Q1 2026/27,South West,Mental health and community trust,Mental Health and Learning Disability,RJ8,Cornwall Partnership NHS Foundation Trust,Experience of care,Patient flow,OF2093,Mean length of stay for adult acute and psychiatric intensive care unit patients,Q1 26/27,score,2.0,,,,11.0
Q1 2026/27,London,Mental health and community trust,Mental Health and Learning Disability,RKL,West London NHS Trust,Experience of care,Patient flow,OF2093,Mean length of stay for adult acute and psychiatric intensive care unit patients,Q1 26/27,score,2.0,,,,16.0
Q1 2026/27,Midlands,Mental health and community trust,Mental Health and Learning Disability,RLY,North Staffordshire Combined Healthcare NHS Trust,Experience of care,Patient flow,OF2093,Mean length of stay for adult acute and psychiatric intensive care unit patients,Q1 26/27,score,1.0,,,,3.0
Q1 2026/27,East,Mental health and community trust,Mental Health and Learning Disability,RMY,Norfolk and Suffolk NHS Foundation Trust,Experience of care,Patient flow,OF2093,Mean length of stay for adult acute and psychiatric intensive care unit patients,Q1 26/27,score,1.0,,,,9.0
Q1 2026/27,South East,Mental health and community trust,Mental Health and Learning Disability,RNU,Oxford Health NHS Foundation Trust,Experience of care,Patient flow,OF2093,Mean length of stay for adult acute and psychiatric intensive care unit patients,Q1 26/27,score,2.0,,,,14.0
Q1 2026/27,Midlands,Mental health and community trust,Mental Health and Learning Disability,RP1,Northamptonshire Healthcare NHS Foundation Trust,Experience of care,Patient flow,OF2093,Mean length of stay for adult acute and psychiatric intensive care unit patients,Q1 26/27,score,2.0,,,,21.0
Q1 2026/27,Midlands,Mental health and community trust,Mental Health and Learning Disability,RP7,Lincolnshire Partnership NHS Foundation Trust,Experience of care,Patient flow,OF2093,Mean length of stay for adult acute and psychiatric intensive care unit patients,Q1 26/27,score,1.0,,,,1.0
Q1 2026/27,London,Mental health and community trust,Mental Health and Learning Disability,RPG,Oxleas NHS Foundation Trust,Experience of care,Patient flow,OF2093,Mean length of stay for adult acute and psychiatric intensive care unit patients,Q1 26/27,score,2.0,,,,14.0
Q1 2026/27,London,Mental health and community trust,Mental Health and Learning Disability,RQY,South West London and St George's Mental Health NHS Trust,Experience of care,Patient flow,OF2093,Mean length of stay for adult acute and psychiatric intensive care unit patients,Q1 26/27,score,3.0,,,,39.0
Q1 2026/27,Midlands,Mental health and community trust,Mental Health and Learning Disability,RRE,Midlands Partnership University NHS Foundation Trust,Experience of care,Patient flow,OF2093,Mean length of stay for adult acute and psychiatric intensive care unit patients,Q1 26/27,score,2.0,,,,11.0
Q1 2026/27,East,Mental health and community trust,Mental Health and Learning Disability,RT1,Cambridgeshire and Peterborough NHS Foundation Trust,Experience of care,Patient flow,OF2093,Mean length of stay for adult acute and psychiatric intensive care unit patients,Q1 26/27,score,2.0,,,,17.0
Q1 2026/27,North West,Mental health and community trust,Mental Health and Learning Disability,RT2,Pennine Care NHS Foundation Trust,Experience of care,Patient flow,OF2093,Mean length of stay for adult acute and psychiatric intensive care unit patients,Q1 26/27,score,3.0,,,,32.0
Q1 2026/27,Midlands,Mental health and community trust,Mental Health and Learning Disability,RT5,Leicestershire Partnership NHS Trust,Experience of care,Patient flow,OF2093,Mean length of stay for adult acute and psychiatric intensive care unit patients,Q1 26/27,score,3.0,,,,30.0
Q1 2026/27,South West,Mental health and community trust,Mental Health and Learning Disability,RTQ,Gloucestershire Health and Care NHS Foundation Trust,Experience of care,Patient flow,OF2093,Mean length of stay for adult acute and psychiatric intensive care unit patients,Q1 26/27,score,3.0,,,,41.0
Q1 2026/27,London,Mental health and community trust,Mental Health and Learning Disability,RV3,Central and North West London NHS Foundation Trust,Experience of care,Patient flow,OF2093,Mean length of stay for adult acute and psychiatric intensive care unit patients,Q1 26/27,score,1.0,,,,6.0
Q1 2026/27,London,Mental health and community trust,Mental Health and Learning Disability,RV5,South London and Maudsley NHS Foundation Trust,Experience of care,Patient flow,OF2093,Mean length of stay for adult acute and psychiatric intensive care unit patients,Q1 26/27,score,2.0,,,,11.0
Q1 2026/27,North East and Yorkshire,Mental health and community trust,Mental Health and Learning Disability,RV9,Humber Teaching NHS Foundation Trust,Experience of care,Patient flow,OF2093,Mean length of stay for adult acute and psychiatric intensive care unit patients,Q1 26/27,score,1.0,,,,2.0
Q1 2026/27,South West,Mental health and community trust,Mental Health and Learning Disability,RVN,Avon and Wiltshire Mental Health Partnership NHS Trust,Experience of care,Patient flow,OF2093,Mean length of stay for adult acute and psychiatric intensive care unit patients,Q1 26/27,score,3.0,,,,36.0
Q1 2026/27,South East,Mental health and community trust,Mental Health and Learning Disability,RW1,Hampshire and Isle of Wight Healthcare NHS Foundation Trust,Experience of care,Patient flow,OF2093,Mean length of stay for adult acute and psychiatric intensive care unit patients,Q1 26/27,score,2.0,,,,26.0
Q1 2026/27,North West,Mental health and community trust,Mental Health and Learning Disability,RW4,Mersey Care NHS Foundation Trust,Experience of care,Patient flow,OF2093,Mean length of stay for adult acute and psychiatric intensive care unit patients,Q1 26/27,score,3.0,,,,30.0
Q1 2026/27,North West,Mental health and community trust,Mental Health and Learning Disability,RW5,Lancashire & South Cumbria NHS Foundation Trust,Experience of care,Patient flow,OF2093,Mean length of stay for adult acute and psychiatric intensive care unit patients,Q1 26/27,score,3.0,,,,42.0
Q1 2026/27,London,Mental health and community trust,Mental Health and Learning Disability,RWK,East London NHS Foundation Trust,Experience of care,Patient flow,OF2093,Mean length of stay for adult acute and psychiatric intensive care unit patients,Q1 26/27,score,2.0,,,,23.0
Q1 2026/27,East,Mental health and community trust,Mental Health and Learning Disability,RWR,Hertfordshire Partnership University NHS Foundation Trust,Experience of care,Patient flow,OF2093,Mean length of stay for adult acute and psychiatric intensive care unit patients,Q1 26/27,score,2.0,,,,17.0
Q1 2026/27,South West,Mental health and community trust,Mental Health and Learning Disability,RWV,Devon Partnership NHS Trust,Experience of care,Patient flow,OF2093,Mean length of stay for adult acute and psychiatric intensive care unit patients,Q1 26/27,score,3.0,,,,40.0
Q1 2026/27,South East,Mental health and community trust,Mental Health and Learning Disability,RWX,Berkshire Healthcare NHS Foundation Trust,Experience of care,Patient flow,OF2093,Mean length of stay for adult acute and psychiatric intensive care unit patients,Q1 26/27,score,3.0,,,,28.0
Q1 2026/27,South East,Mental health and community trust,Mental Health and Learning Disability,RX2,Sussex Partnership NHS Foundation Trust,Experience of care,Patient flow,OF2093,Mean length of stay for adult acute and psychiatric intensive care unit patients,Q1 26/27,score,3.0,,,,38.0
Q1 2026/27,North East and Yorkshire,Mental health and community trust,Mental Health and Learning Disability,RX3,"Tees, Esk and Wear Valleys NHS Foundation Trust",Experience of care,Patient flow,OF2093,Mean length of stay for adult acute and psychiatric intensive care unit patients,Q1 26/27,score,1.0,,,,4.0
Q1 2026/27,North East and Yorkshire,Mental health and community trust,Mental Health and Learning Disability,RX4,"Cumbria, Northumberland, Tyne and Wear NHS Foundation Trust",Experience of care,Patient flow,OF2093,Mean length of stay for adult acute and psychiatric intensive care unit patients,Q1 26/27,score,3.0,,,,34.0
Q1 2026/27,North West,Mental health and community trust,Mental Health and Learning Disability,RXA,Cheshire and Wirral Partnership NHS Foundation Trust,Experience of care,Patient flow,OF2093,Mean length of stay for adult acute and psychiatric intensive care unit patients,Q1 26/27,score,2.0,,,,17.0
Q1 2026/27,North East and Yorkshire,Mental health and community trust,Mental Health and Learning Disability,RXE,Rotherham Doncaster and South Humber NHS Foundation Trust,Experience of care,Patient flow,OF2093,Mean length of stay for adult acute and psychiatric intensive care unit patients,Q1 26/27,score,1.0,,,,9.0
Q1 2026/27,North East and Yorkshire,Mental health and community trust,Mental Health and Learning Disability,RXG,South West Yorkshire Partnership NHS Foundation Trust,Experience of care,Patient flow,OF2093,Mean length of stay for adult acute and psychiatric intensive care unit patients,Q1 26/27,score,2.0,,,,23.0
Q1 2026/27,Midlands,Mental health and community trust,Mental Health and Learning Disability,RXM,Derbyshire Healthcare NHS Foundation Trust,Experience of care,Patient flow,OF2093,Mean length of stay for adult acute and psychiatric intensive care unit patients,Q1 26/27,score,3.0,,,,36.0
Q1 2026/27,Midlands,Mental health and community trust,Mental Health and Learning Disability,RXT,Birmingham and Solihull Mental Health NHS Foundation Trust,Experience of care,Patient flow,OF2093,Mean length of stay for adult acute and psychiatric intensive care unit patients,Q1 26/27,score,3.0,,,,44.0
Q1 2026/27,North West,Mental health and community trust,Mental Health and Learning Disability,RXV,Greater Manchester Mental Health NHS Foundation Trust,Experience of care,Patient flow,OF2093,Mean length of stay for adult acute and psychiatric intensive care unit patients,Q1 26/27,score,3.0,,,,43.0
Q1 2026/27,South East,Mental health and community trust,Mental Health and Learning Disability,RXX,Surrey and Borders Partnership NHS Foundation Trust,Experience of care,Patient flow,OF2093,Mean length of stay for adult acute and psychiatric intensive care unit patients,Q1 26/27,score,3.0,,,,34.0
Q1 2026/27,South East,Mental health and community trust,Mental Health and Learning Disability,RXY,Kent and Medway Mental Health NHS Trust,Experience of care,Patient flow,OF2093,Mean length of stay for adult acute and psychiatric intensive care unit patients,Q1 26/27,score,3.0,,,,32.0
Q1 2026/27,Midlands,Mental health and community trust,Mental Health and Learning Disability,RYG,Coventry and Warwickshire Partnership NHS Trust,Experience of care,Patient flow,OF2093,Mean length of stay for adult acute and psychiatric intensive care unit patients,Q1 26/27,score,2.0,,,,25.0
Q1 2026/27,North East and Yorkshire,Mental health and community trust,Care Trust,TAD,Bradford District Care NHS Foundation Trust,Experience of care,Patient flow,OF2093,Mean length of stay for adult acute and psychiatric intensive care unit patients,Q1 26/27,score,2.0,,,,26.0
Q1 2026/27,North East and Yorkshire,Mental health and community trust,Care Trust,TAH,Sheffield Health Partnership University NHS Foundation Trust,Experience of care,Patient flow,OF2093,Mean length of stay for adult acute and psychiatric intensive care unit patients,Q1 26/27,score,1.0,,,,8.0
Q1 2026/27,Midlands,Mental health and community trust,Mental Health and Learning Disability,TAJ,Black Country Healthcare NHS Foundation Trust,Experience of care,Patient flow,OF2093,Mean length of stay for adult acute and psychiatric intensive care unit patients,Q1 26/27,score,2.0,,,,17.0
Q1 2026/27,London,Mental health and community trust,Mental Health and Learning Disability,G6V2S,North London NHS Foundation Trust,"Finance, productivity and innovation",Innovation,OF2094,Percentage of clinical trials set up within 90 days,Q1 26/27,score,1.0,,,,1.0
Q1 2026/27,Midlands,Mental health and community trust,Community,R1A,Herefordshire and Worcestershire Health and Care NHS Trust,"Finance, productivity and innovation",Innovation,OF2094,Percentage of clinical trials set up within 90 days,Q1 26/27,score,1.0,,,,1.0
Q1 2026/27,Midlands,Mental health and community trust,Community,R1D,Shropshire Community Health NHS Trust,"Finance, productivity and innovation",Innovation,OF2094,Percentage of clinical trials set up within 90 days,Q1 26/27,score,4.0,,,,38.0
Q1 2026/27,London,Mental health and community trust,Mental Health and Learning Disability,RAT,North East London NHS Foundation Trust,"Finance, productivity and innovation",Innovation,OF2094,Percentage of clinical trials set up within 90 days,Q1 26/27,score,1.0,,,,1.0
Q1 2026/27,South East,Mental health and community trust,Community,RDR,Sussex Community NHS Foundation Trust,"Finance, productivity and innovation",Innovation,OF2094,Percentage of clinical trials set up within 90 days,Q1 26/27,score,4.0,,,,25.0
Q1 2026/27,Midlands,Mental health and community trust,Mental Health and Learning Disability,RHA,Nottinghamshire Healthcare NHS Foundation Trust,"Finance, productivity and innovation",Innovation,OF2094,Percentage of clinical trials set up within 90 days,Q1 26/27,score,4.0,,,,37.0
Q1 2026/27,South West,Mental health and community trust,Mental Health and Learning Disability,RJ8,Cornwall Partnership NHS Foundation Trust,"Finance, productivity and innovation",Innovation,OF2094,Percentage of clinical trials set up within 90 days,Q1 26/27,score,4.0,,,,25.0
Q1 2026/27,London,Mental health and community trust,Mental Health and Learning Disability,RKL,West London NHS Trust,"Finance, productivity and innovation",Innovation,OF2094,Percentage of clinical trials set up within 90 days,Q1 26/27,score,1.0,,,,1.0
Q1 2026/27,Midlands,Mental health and community trust,Mental Health and Learning Disability,RLY,North Staffordshire Combined Healthcare NHS Trust,"Finance, productivity and innovation",Innovation,OF2094,Percentage of clinical trials set up within 90 days,Q1 26/27,score,4.0,,,,38.0
Q1 2026/27,South East,Mental health and community trust,Mental Health and Learning Disability,RNU,Oxford Health NHS Foundation Trust,"Finance, productivity and innovation",Innovation,OF2094,Percentage of clinical trials set up within 90 days,Q1 26/27,score,4.0,,,,38.0
Q1 2026/27,Midlands,Mental health and community trust,Mental Health and Learning Disability,RP1,Northamptonshire Healthcare NHS Foundation Trust,"Finance, productivity and innovation",Innovation,OF2094,Percentage of clinical trials set up within 90 days,Q1 26/27,score,4.0,,,,25.0
Q1 2026/27,Midlands,Mental health and community trust,Mental Health and Learning Disability,RP7,Lincolnshire Partnership NHS Foundation Trust,"Finance, productivity and innovation",Innovation,OF2094,Percentage of clinical trials set up within 90 days,Q1 26/27,score,4.0,,,,25.0
Q1 2026/27,London,Mental health and community trust,Mental Health and Learning Disability,RPG,Oxleas NHS Foundation Trust,"Finance, productivity and innovation",Innovation,OF2094,Percentage of clinical trials set up within 90 days,Q1 26/27,score,4.0,,,,38.0
Q1 2026/27,London,Mental health and community trust,Mental Health and Learning Disability,RQY,South West London and St George's Mental Health NHS Trust,"Finance, productivity and innovation",Innovation,OF2094,Percentage of clinical trials set up within 90 days,Q1 26/27,score,1.0,,,,1.0
Q1 2026/27,Midlands,Mental health and community trust,Mental Health and Learning Disability,RRE,Midlands Partnership University NHS Foundation Trust,"Finance, productivity and innovation",Innovation,OF2094,Percentage of clinical trials set up within 90 days,Q1 26/27,score,1.0,,,,1.0
Q1 2026/27,East,Mental health and community trust,Mental Health and Learning Disability,RT1,Cambridgeshire and Peterborough NHS Foundation Trust,"Finance, productivity and innovation",Innovation,OF2094,Percentage of clinical trials set up within 90 days,Q1 26/27,score,4.0,,,,25.0
Q1 2026/27,South West,Mental health and community trust,Mental Health and Learning Disability,RTQ,Gloucestershire Health and Care NHS Foundation Trust,"Finance, productivity and innovation",Innovation,OF2094,Percentage of clinical trials set up within 90 days,Q1 26/27,score,4.0,,,,25.0
Q1 2026/27,London,Mental health and community trust,Mental Health and Learning Disability,RV3,Central and North West London NHS Foundation Trust,"Finance, productivity and innovation",Innovation,OF2094,Percentage of clinical trials set up within 90 days,Q1 26/27,score,4.0,,,,25.0
Q1 2026/27,London,Mental health and community trust,Mental Health and Learning Disability,RV5,South London and Maudsley NHS Foundation Trust,"Finance, productivity and innovation",Innovation,OF2094,Percentage of clinical trials set up within 90 days,Q1 26/27,score,4.0,,,,24.0
Q1 2026/27,North East and Yorkshire,Mental health and community trust,Mental Health and Learning Disability,RV9,Humber Teaching NHS Foundation Trust,"Finance, productivity and innovation",Innovation,OF2094,Percentage of clinical trials set up within 90 days,Q1 26/27,score,1.0,,,,1.0
Q1 2026/27,South West,Mental health and community trust,Mental Health and Learning Disability,RVN,Avon and Wiltshire Mental Health Partnership NHS Trust,"Finance, productivity and innovation",Innovation,OF2094,Percentage of clinical trials set up within 90 days,Q1 26/27,score,4.0,,,,38.0
Q1 2026/27,South East,Mental health and community trust,Mental Health and Learning Disability,RW1,Hampshire and Isle of Wight Healthcare NHS Foundation Trust,"Finance, productivity and innovation",Innovation,OF2094,Percentage of clinical trials set up within 90 days,Q1 26/27,score,1.0,,,,1.0
Q1 2026/27,North West,Mental health and community trust,Mental Health and Learning Disability,RW4,Mersey Care NHS Foundation Trust,"Finance, productivity and innovation",Innovation,OF2094,Percentage of clinical trials set up within 90 days,Q1 26/27,score,1.0,,,,1.0
Q1 2026/27,North West,Mental health and community trust,Mental Health and Learning Disability,RW5,Lancashire & South Cumbria NHS Foundation Trust,"Finance, productivity and innovation",Innovation,OF2094,Percentage of clinical trials set up within 90 days,Q1 26/27,score,4.0,,,,25.0
Q1 2026/27,East,Mental health and community trust,Mental Health and Learning Disability,RWR,Hertfordshire Partnership University NHS Foundation Trust,"Finance, productivity and innovation",Innovation,OF2094,Percentage of clinical trials set up within 90 days,Q1 26/27,score,1.0,,,,1.0
Q1 2026/27,South West,Mental health and community trust,Mental Health and Learning Disability,RWV,Devon Partnership NHS Trust,"Finance, productivity and innovation",Innovation,OF2094,Percentage of clinical trials set up within 90 days,Q1 26/27,score,2.0,,,,20.0
Q1 2026/27,South East,Mental health and community trust,Mental Health and Learning Disability,RWX,Berkshire Healthcare NHS Foundation Trust,"Finance, productivity and innovation",Innovation,OF2094,Percentage of clinical trials set up within 90 days,Q1 26/27,score,1.0,,,,1.0
Q1 2026/27,South East,Mental health and community trust,Mental Health and Learning Disability,RX2,Sussex Partnership NHS Foundation Trust,"Finance, productivity and innovation",Innovation,OF2094,Percentage of clinical trials set up within 90 days,Q1 26/27,score,4.0,,,,36.0
Q1 2026/27,North East and Yorkshire,Mental health and community trust,Mental Health and Learning Disability,RX3,"Tees, Esk and Wear Valleys NHS Foundation Trust","Finance, productivity and innovation",Innovation,OF2094,Percentage of clinical trials set up within 90 days,Q1 26/27,score,4.0,,,,21.0
Q1 2026/27,North East and Yorkshire,Mental health and community trust,Mental Health and Learning Disability,RX4,"Cumbria, Northumberland, Tyne and Wear NHS Foundation Trust","Finance, productivity and innovation",Innovation,OF2094,Percentage of clinical trials set up within 90 days,Q1 26/27,score,4.0,,,,25.0
Q1 2026/27,North East and Yorkshire,Mental health and community trust,Mental Health and Learning Disability,RXE,Rotherham Doncaster and South Humber NHS Foundation Trust,"Finance, productivity and innovation",Innovation,OF2094,Percentage of clinical trials set up within 90 days,Q1 26/27,score,1.0,,,,1.0
Q1 2026/27,North East and Yorkshire,Mental health and community trust,Mental Health and Learning Disability,RXG,South West Yorkshire Partnership NHS Foundation Trust,"Finance, productivity and innovation",Innovation,OF2094,Percentage of clinical trials set up within 90 days,Q1 26/27,score,4.0,,,,25.0
Q1 2026/27,Midlands,Mental health and community trust,Mental Health and Learning Disability,RXM,Derbyshire Healthcare NHS Foundation Trust,"Finance, productivity and innovation",Innovation,OF2094,Percentage of clinical trials set up within 90 days,Q1 26/27,score,1.0,,,,1.0
Q1 2026/27,Midlands,Mental health and community trust,Mental Health and Learning Disability,RXT,Birmingham and Solihull Mental Health NHS Foundation Trust,"Finance, productivity and innovation",Innovation,OF2094,Percentage of clinical trials set up within 90 days,Q1 26/27,score,1.0,,,,1.0
Q1 2026/27,South East,Mental health and community trust,Mental Health and Learning Disability,RXX,Surrey and Borders Partnership NHS Foundation Trust,"Finance, productivity and innovation",Innovation,OF2094,Percentage of clinical trials set up within 90 days,Q1 26/27,score,4.0,,,,23.0
Q1 2026/27,South East,Mental health and community trust,Mental Health and Learning Disability,RXY,Kent and Medway Mental Health NHS Trust,"Finance, productivity and innovation",Innovation,OF2094,Percentage of clinical trials set up within 90 days,Q1 26/27,score,1.0,,,,1.0
Q1 2026/27,East,Mental health and community trust,Community,RY3,Norfolk Community Health and Care NHS Trust,"Finance, productivity and innovation",Innovation,OF2094,Percentage of clinical trials set up within 90 days,Q1 26/27,score,1.0,,,,1.0
Q1 2026/27,East,Mental health and community trust,Community,RY4,Hertfordshire Community NHS Trust,"Finance, productivity and innovation",Innovation,OF2094,Percentage of clinical trials set up within 90 days,Q1 26/27,score,1.0,,,,1.0
Q1 2026/27,North East and Yorkshire,Mental health and community trust,Community,RY6,Leeds Community Healthcare NHS Trust,"Finance, productivity and innovation",Innovation,OF2094,Percentage of clinical trials set up within 90 days,Q1 26/27,score,4.0,,,,38.0
Q1 2026/27,Midlands,Mental health and community trust,Mental Health and Learning Disability,RYG,Coventry and Warwickshire Partnership NHS Trust,"Finance, productivity and innovation",Innovation,OF2094,Percentage of clinical trials set up within 90 days,Q1 26/27,score,4.0,,,,38.0
Q1 2026/27,Midlands,Mental health and community trust,Community,RYW,Birmingham Community Healthcare NHS Foundation Trust,"Finance, productivity and innovation",Innovation,OF2094,Percentage of clinical trials set up within 90 days,Q1 26/27,score,1.0,,,,1.0
Q1 2026/27,London,Mental health and community trust,Community,RYX,Central London Community Healthcare NHS Trust,"Finance, productivity and innovation",Innovation,OF2094,Percentage of clinical trials set up within 90 days,Q1 26/27,score,4.0,,,,38.0
Q1 2026/27,South East,Mental health and community trust,Community,RYY,Kent Community Health NHS Foundation Trust,"Finance, productivity and innovation",Innovation,OF2094,Percentage of clinical trials set up within 90 days,Q1 26/27,score,4.0,,,,22.0
Q1 2026/27,North East and Yorkshire,Mental health and community trust,Care Trust,TAD,Bradford District Care NHS Foundation Trust,"Finance, productivity and innovation",Innovation,OF2094,Percentage of clinical trials set up within 90 days,Q1 26/27,score,1.0,,,,1.0
Q1 2026/27,North East and Yorkshire,Mental health and community trust,Care Trust,TAH,Sheffield Health Partnership University NHS Foundation Trust,"Finance, productivity and innovation",Innovation,OF2094,Percentage of clinical trials set up within 90 days,Q1 26/27,score,4.0,,,,25.0
Q1 2026/27,London,Mental health and community trust,Mental Health and Learning Disability,G6V2S,North London NHS Foundation Trust,Experience of care,Patient flow,OF2095,Mean length of stay for older adult acute mental health patients  ,Q1 26/27,score,4.0,,,,44.0
Q1 2026/27,Midlands,Mental health and community trust,Community,R1A,Herefordshire and Worcestershire Health and Care NHS Trust,Experience of care,Patient flow,OF2095,Mean length of stay for older adult acute mental health patients  ,Q1 26/27,score,2.0,,,,10.0
Q1 2026/27,East,Mental health and community trust,Mental Health and Learning Disability,R1L,Essex Partnership University NHS Foundation Trust,Experience of care,Patient flow,OF2095,Mean length of stay for older adult acute mental health patients  ,Q1 26/27,score,2.0,,,,27.0
Q1 2026/27,London,Mental health and community trust,Mental Health and Learning Disability,RAT,North East London NHS Foundation Trust,Experience of care,Patient flow,OF2095,Mean length of stay for older adult acute mental health patients  ,Q1 26/27,score,2.0,,,,13.0
Q1 2026/27,South West,Mental health and community trust,Mental Health and Learning Disability,RDY,Dorset Healthcare University NHS Foundation Trust,Experience of care,Patient flow,OF2095,Mean length of stay for older adult acute mental health patients  ,Q1 26/27,score,3.0,,,,40.0
Q1 2026/27,North East and Yorkshire,Mental health and community trust,Mental Health and Learning Disability,RGD,Leeds and York Partnership NHS Foundation Trust,Experience of care,Patient flow,OF2095,Mean length of stay for older adult acute mental health patients  ,Q1 26/27,score,3.0,,,,37.0
Q1 2026/27,Midlands,Mental health and community trust,Mental Health and Learning Disability,RHA,Nottinghamshire Healthcare NHS Foundation Trust,Experience of care,Patient flow,OF2095,Mean length of stay for older adult acute mental health patients  ,Q1 26/27,score,2.0,,,,27.0
Q1 2026/27,South West,Mental health and community trust,Mental Health and Learning Disability,RJ8,Cornwall Partnership NHS Foundation Trust,Experience of care,Patient flow,OF2095,Mean length of stay for older adult acute mental health patients  ,Q1 26/27,score,2.0,,,,19.0
Q1 2026/27,London,Mental health and community trust,Mental Health and Learning Disability,RKL,West London NHS Trust,Experience of care,Patient flow,OF2095,Mean length of stay for older adult acute mental health patients  ,Q1 26/27,score,4.0,,,,45.0
Q1 2026/27,Midlands,Mental health and community trust,Mental Health and Learning Disability,RLY,North Staffordshire Combined Healthcare NHS Trust,Experience of care,Patient flow,OF2095,Mean length of stay for older adult acute mental health patients  ,Q1 26/27,score,1.0,,,,1.0
Q1 2026/27,East,Mental health and community trust,Mental Health and Learning Disability,RMY,Norfolk and Suffolk NHS Foundation Trust,Experience of care,Patient flow,OF2095,Mean length of stay for older adult acute mental health patients  ,Q1 26/27,score,3.0,,,,36.0
Q1 2026/27,South East,Mental health and community trust,Mental Health and Learning Disability,RNU,Oxford Health NHS Foundation Trust,Experience of care,Patient flow,OF2095,Mean length of stay for older adult acute mental health patients  ,Q1 26/27,score,1.0,,,,4.0
Q1 2026/27,Midlands,Mental health and community trust,Mental Health and Learning Disability,RP1,Northamptonshire Healthcare NHS Foundation Trust,Experience of care,Patient flow,OF2095,Mean length of stay for older adult acute mental health patients  ,Q1 26/27,score,1.0,,,,2.0
Q1 2026/27,Midlands,Mental health and community trust,Mental Health and Learning Disability,RP7,Lincolnshire Partnership NHS Foundation Trust,Experience of care,Patient flow,OF2095,Mean length of stay for older adult acute mental health patients  ,Q1 26/27,score,4.0,,,,46.0
Q1 2026/27,London,Mental health and community trust,Mental Health and Learning Disability,RPG,Oxleas NHS Foundation Trust,Experience of care,Patient flow,OF2095,Mean length of stay for older adult acute mental health patients  ,Q1 26/27,score,3.0,,,,35.0
Q1 2026/27,London,Mental health and community trust,Mental Health and Learning Disability,RQY,South West London and St George's Mental Health NHS Trust,Experience of care,Patient flow,OF2095,Mean length of stay for older adult acute mental health patients  ,Q1 26/27,score,3.0,,,,41.0
Q1 2026/27,Midlands,Mental health and community trust,Mental Health and Learning Disability,RRE,Midlands Partnership University NHS Foundation Trust,Experience of care,Patient flow,OF2095,Mean length of stay for older adult acute mental health patients  ,Q1 26/27,score,2.0,,,,18.0
Q1 2026/27,East,Mental health and community trust,Mental Health and Learning Disability,RT1,Cambridgeshire and Peterborough NHS Foundation Trust,Experience of care,Patient flow,OF2095,Mean length of stay for older adult acute mental health patients  ,Q1 26/27,score,2.0,,,,10.0
Q1 2026/27,North West,Mental health and community trust,Mental Health and Learning Disability,RT2,Pennine Care NHS Foundation Trust,Experience of care,Patient flow,OF2095,Mean length of stay for older adult acute mental health patients  ,Q1 26/27,score,2.0,,,,25.0
Q1 2026/27,Midlands,Mental health and community trust,Mental Health and Learning Disability,RT5,Leicestershire Partnership NHS Trust,Experience of care,Patient flow,OF2095,Mean length of stay for older adult acute mental health patients  ,Q1 26/27,score,2.0,,,,16.0
Q1 2026/27,South West,Mental health and community trust,Mental Health and Learning Disability,RTQ,Gloucestershire Health and Care NHS Foundation Trust,Experience of care,Patient flow,OF2095,Mean length of stay for older adult acute mental health patients  ,Q1 26/27,score,4.0,,,,47.0
Q1 2026/27,London,Mental health and community trust,Mental Health and Learning Disability,RV3,Central and North West London NHS Foundation Trust,Experience of care,Patient flow,OF2095,Mean length of stay for older adult acute mental health patients  ,Q1 26/27,score,3.0,,,,29.0
Q1 2026/27,London,Mental health and community trust,Mental Health and Learning Disability,RV5,South London and Maudsley NHS Foundation Trust,Experience of care,Patient flow,OF2095,Mean length of stay for older adult acute mental health patients  ,Q1 26/27,score,1.0,,,,5.0
Q1 2026/27,North East and Yorkshire,Mental health and community trust,Mental Health and Learning Disability,RV9,Humber Teaching NHS Foundation Trust,Experience of care,Patient flow,OF2095,Mean length of stay for older adult acute mental health patients  ,Q1 26/27,score,2.0,,,,8.0
Q1 2026/27,South West,Mental health and community trust,Mental Health and Learning Disability,RVN,Avon and Wiltshire Mental Health Partnership NHS Trust,Experience of care,Patient flow,OF2095,Mean length of stay for older adult acute mental health patients  ,Q1 26/27,score,3.0,,,,31.0
Q1 2026/27,South East,Mental health and community trust,Mental Health and Learning Disability,RW1,Hampshire and Isle of Wight Healthcare NHS Foundation Trust,Experience of care,Patient flow,OF2095,Mean length of stay for older adult acute mental health patients  ,Q1 26/27,score,3.0,,,,39.0
Q1 2026/27,North West,Mental health and community trust,Mental Health and Learning Disability,RW4,Mersey Care NHS Foundation Trust,Experience of care,Patient flow,OF2095,Mean length of stay for older adult acute mental health patients  ,Q1 26/27,score,2.0,,,,19.0
Q1 2026/27,North West,Mental health and community trust,Mental Health and Learning Disability,RW5,Lancashire & South Cumbria NHS Foundation Trust,Experience of care,Patient flow,OF2095,Mean length of stay for older adult acute mental health patients  ,Q1 26/27,score,4.0,,,,42.0
Q1 2026/27,London,Mental health and community trust,Mental Health and Learning Disability,RWK,East London NHS Foundation Trust,Experience of care,Patient flow,OF2095,Mean length of stay for older adult acute mental health patients  ,Q1 26/27,score,3.0,,,,33.0
Q1 2026/27,East,Mental health and community trust,Mental Health and Learning Disability,RWR,Hertfordshire Partnership University NHS Foundation Trust,Experience of care,Patient flow,OF2095,Mean length of stay for older adult acute mental health patients  ,Q1 26/27,score,2.0,,,,12.0
Q1 2026/27,South West,Mental health and community trust,Mental Health and Learning Disability,RWV,Devon Partnership NHS Trust,Experience of care,Patient flow,OF2095,Mean length of stay for older adult acute mental health patients  ,Q1 26/27,score,2.0,,,,23.0
Q1 2026/27,South East,Mental health and community trust,Mental Health and Learning Disability,RWX,Berkshire Healthcare NHS Foundation Trust,Experience of care,Patient flow,OF2095,Mean length of stay for older adult acute mental health patients  ,Q1 26/27,score,2.0,,,,23.0
Q1 2026/27,South East,Mental health and community trust,Mental Health and Learning Disability,RX2,Sussex Partnership NHS Foundation Trust,Experience of care,Patient flow,OF2095,Mean length of stay for older adult acute mental health patients  ,Q1 26/27,score,3.0,,,,30.0
Q1 2026/27,North East and Yorkshire,Mental health and community trust,Mental Health and Learning Disability,RX3,"Tees, Esk and Wear Valleys NHS Foundation Trust",Experience of care,Patient flow,OF2095,Mean length of stay for older adult acute mental health patients  ,Q1 26/27,score,2.0,,,,7.0
Q1 2026/27,North East and Yorkshire,Mental health and community trust,Mental Health and Learning Disability,RX4,"Cumbria, Northumberland, Tyne and Wear NHS Foundation Trust",Experience of care,Patient flow,OF2095,Mean length of stay for older adult acute mental health patients  ,Q1 26/27,score,2.0,,,,25.0
Q1 2026/27,North West,Mental health and community trust,Mental Health and Learning Disability,RXA,Cheshire and Wirral Partnership NHS Foundation Trust,Experience of care,Patient flow,OF2095,Mean length of stay for older adult acute mental health patients  ,Q1 26/27,score,2.0,,,,15.0
Q1 2026/27,North East and Yorkshire,Mental health and community trust,Mental Health and Learning Disability,RXE,Rotherham Doncaster and South Humber NHS Foundation Trust,Experience of care,Patient flow,OF2095,Mean length of stay for older adult acute mental health patients  ,Q1 26/27,score,1.0,,,,2.0
Q1 2026/27,North East and Yorkshire,Mental health and community trust,Mental Health and Learning Disability,RXG,South West Yorkshire Partnership NHS Foundation Trust,Experience of care,Patient flow,OF2095,Mean length of stay for older adult acute mental health patients  ,Q1 26/27,score,2.0,,,,22.0
Q1 2026/27,Midlands,Mental health and community trust,Mental Health and Learning Disability,RXM,Derbyshire Healthcare NHS Foundation Trust,Experience of care,Patient flow,OF2095,Mean length of stay for older adult acute mental health patients  ,Q1 26/27,score,2.0,,,,13.0
Q1 2026/27,Midlands,Mental health and community trust,Mental Health and Learning Disability,RXT,Birmingham and Solihull Mental Health NHS Foundation Trust,Experience of care,Patient flow,OF2095,Mean length of stay for older adult acute mental health patients  ,Q1 26/27,score,3.0,,,,32.0
Q1 2026/27,North West,Mental health and community trust,Mental Health and Learning Disability,RXV,Greater Manchester Mental Health NHS Foundation Trust,Experience of care,Patient flow,OF2095,Mean length of stay for older adult acute mental health patients  ,Q1 26/27,score,4.0,,,,48.0
Q1 2026/27,South East,Mental health and community trust,Mental Health and Learning Disability,RXX,Surrey and Borders Partnership NHS Foundation Trust,Experience of care,Patient flow,OF2095,Mean length of stay for older adult acute mental health patients  ,Q1 26/27,score,2.0,,,,16.0
Q1 2026/27,South East,Mental health and community trust,Mental Health and Learning Disability,RXY,Kent and Medway Mental Health NHS Trust,Experience of care,Patient flow,OF2095,Mean length of stay for older adult acute mental health patients  ,Q1 26/27,score,3.0,,,,34.0
Q1 2026/27,Midlands,Mental health and community trust,Community,RY8,Derbyshire Community Health Services NHS Foundation Trust,Experience of care,Patient flow,OF2095,Mean length of stay for older adult acute mental health patients  ,Q1 26/27,score,1.0,,,,6.0
Q1 2026/27,Midlands,Mental health and community trust,Mental Health and Learning Disability,RYG,Coventry and Warwickshire Partnership NHS Trust,Experience of care,Patient flow,OF2095,Mean length of stay for older adult acute mental health patients  ,Q1 26/27,score,4.0,,,,43.0
Q1 2026/27,North East and Yorkshire,Mental health and community trust,Care Trust,TAD,Bradford District Care NHS Foundation Trust,Experience of care,Patient flow,OF2095,Mean length of stay for older adult acute mental health patients  ,Q1 26/27,score,2.0,,,,19.0
Q1 2026/27,North East and Yorkshire,Mental health and community trust,Care Trust,TAH,Sheffield Health Partnership University NHS Foundation Trust,Experience of care,Patient flow,OF2095,Mean length of stay for older adult acute mental health patients  ,Q1 26/27,score,2.0,,,,8.0
Q1 2026/27,Midlands,Mental health and community trust,Mental Health and Learning Disability,TAJ,Black Country Healthcare NHS Foundation Trust,Experience of care,Patient flow,OF2095,Mean length of stay for older adult acute mental health patients  ,Q1 26/27,score,3.0,,,,37.0
Q1 2026/27,London,Mental health and community trust,Mental Health and Learning Disability,G6V2S,North London NHS Foundation Trust,"Finance, productivity and innovation",Innovation,OF2096,Overall Data Quality Maturity Index,M1 26/27,score,2.22,,,,30.0
Q1 2026/27,Midlands,Mental health and community trust,Community,R1A,Herefordshire and Worcestershire Health and Care NHS Trust,"Finance, productivity and innovation",Innovation,OF2096,Overall Data Quality Maturity Index,M1 26/27,score,2.98,,,,41.0
Q1 2026/27,Midlands,Mental health and community trust,Community,R1D,Shropshire Community Health NHS Trust,"Finance, productivity and innovation",Innovation,OF2096,Overall Data Quality Maturity Index,M1 26/27,score,1.19,,,,6.0
Q1 2026/27,East,Mental health and community trust,Mental Health and Learning Disability,R1L,Essex Partnership University NHS Foundation Trust,"Finance, productivity and innovation",Innovation,OF2096,Overall Data Quality Maturity Index,M1 26/27,score,2.92,,,,39.0
Q1 2026/27,London,Mental health and community trust,Mental Health and Learning Disability,RAT,North East London NHS Foundation Trust,"Finance, productivity and innovation",Innovation,OF2096,Overall Data Quality Maturity Index,M1 26/27,score,2.95,,,,40.0
Q1 2026/27,South East,Mental health and community trust,Community,RDR,Sussex Community NHS Foundation Trust,"Finance, productivity and innovation",Innovation,OF2096,Overall Data Quality Maturity Index,M1 26/27,score,3.73,,,,47.0
Q1 2026/27,South West,Mental health and community trust,Mental Health and Learning Disability,RDY,Dorset Healthcare University NHS Foundation Trust,"Finance, productivity and innovation",Innovation,OF2096,Overall Data Quality Maturity Index,M1 26/27,score,3.78,,,,50.0
Q1 2026/27,North East and Yorkshire,Mental health and community trust,Mental Health and Learning Disability,RGD,Leeds and York Partnership NHS Foundation Trust,"Finance, productivity and innovation",Innovation,OF2096,Overall Data Quality Maturity Index,M1 26/27,score,2.28,,,,31.0
Q1 2026/27,Midlands,Mental health and community trust,Mental Health and Learning Disability,RHA,Nottinghamshire Healthcare NHS Foundation Trust,"Finance, productivity and innovation",Innovation,OF2096,Overall Data Quality Maturity Index,M1 26/27,score,1.36,,,,13.0
Q1 2026/27,South West,Mental health and community trust,Mental Health and Learning Disability,RJ8,Cornwall Partnership NHS Foundation Trust,"Finance, productivity and innovation",Innovation,OF2096,Overall Data Quality Maturity Index,M1 26/27,score,2.77,,,,36.0
Q1 2026/27,London,Mental health and community trust,Mental Health and Learning Disability,RKL,West London NHS Trust,"Finance, productivity and innovation",Innovation,OF2096,Overall Data Quality Maturity Index,M1 26/27,score,1.25,,,,8.0
Q1 2026/27,Midlands,Mental health and community trust,Mental Health and Learning Disability,RLY,North Staffordshire Combined Healthcare NHS Trust,"Finance, productivity and innovation",Innovation,OF2096,Overall Data Quality Maturity Index,M1 26/27,score,1.05,,,,1.0
Q1 2026/27,East,Mental health and community trust,Mental Health and Learning Disability,RMY,Norfolk and Suffolk NHS Foundation Trust,"Finance, productivity and innovation",Innovation,OF2096,Overall Data Quality Maturity Index,M1 26/27,score,1.31,,,,10.0
Q1 2026/27,South East,Mental health and community trust,Mental Health and Learning Disability,RNU,Oxford Health NHS Foundation Trust,"Finance, productivity and innovation",Innovation,OF2096,Overall Data Quality Maturity Index,M1 26/27,score,3.88,,,,54.0
Q1 2026/27,Midlands,Mental health and community trust,Mental Health and Learning Disability,RP1,Northamptonshire Healthcare NHS Foundation Trust,"Finance, productivity and innovation",Innovation,OF2096,Overall Data Quality Maturity Index,M1 26/27,score,2.83,,,,37.0
Q1 2026/27,Midlands,Mental health and community trust,Mental Health and Learning Disability,RP7,Lincolnshire Partnership NHS Foundation Trust,"Finance, productivity and innovation",Innovation,OF2096,Overall Data Quality Maturity Index,M1 26/27,score,1.3,,,,9.0
Q1 2026/27,London,Mental health and community trust,Mental Health and Learning Disability,RPG,Oxleas NHS Foundation Trust,"Finance, productivity and innovation",Innovation,OF2096,Overall Data Quality Maturity Index,M1 26/27,score,3.53,,,,45.0
Q1 2026/27,London,Mental health and community trust,Mental Health and Learning Disability,RQY,South West London and St George's Mental Health NHS Trust,"Finance, productivity and innovation",Innovation,OF2096,Overall Data Quality Maturity Index,M1 26/27,score,1.44,,,,16.0
Q1 2026/27,Midlands,Mental health and community trust,Mental Health and Learning Disability,RRE,Midlands Partnership University NHS Foundation Trust,"Finance, productivity and innovation",Innovation,OF2096,Overall Data Quality Maturity Index,M1 26/27,score,1.81,,,,21.0
Q1 2026/27,East,Mental health and community trust,Mental Health and Learning Disability,RT1,Cambridgeshire and Peterborough NHS Foundation Trust,"Finance, productivity and innovation",Innovation,OF2096,Overall Data Quality Maturity Index,M1 26/27,score,4.0,,,,58.0
Q1 2026/27,North West,Mental health and community trust,Mental Health and Learning Disability,RT2,Pennine Care NHS Foundation Trust,"Finance, productivity and innovation",Innovation,OF2096,Overall Data Quality Maturity Index,M1 26/27,score,1.69,,,,18.0
Q1 2026/27,Midlands,Mental health and community trust,Mental Health and Learning Disability,RT5,Leicestershire Partnership NHS Trust,"Finance, productivity and innovation",Innovation,OF2096,Overall Data Quality Maturity Index,M1 26/27,score,2.64,,,,35.0
Q1 2026/27,South West,Mental health and community trust,Mental Health and Learning Disability,RTQ,Gloucestershire Health and Care NHS Foundation Trust,"Finance, productivity and innovation",Innovation,OF2096,Overall Data Quality Maturity Index,M1 26/27,score,2.16,,,,28.0
Q1 2026/27,London,Mental health and community trust,Mental Health and Learning Disability,RV3,Central and North West London NHS Foundation Trust,"Finance, productivity and innovation",Innovation,OF2096,Overall Data Quality Maturity Index,M1 26/27,score,1.98,,,,24.0
Q1 2026/27,London,Mental health and community trust,Mental Health and Learning Disability,RV5,South London and Maudsley NHS Foundation Trust,"Finance, productivity and innovation",Innovation,OF2096,Overall Data Quality Maturity Index,M1 26/27,score,1.14,,,,4.0
Q1 2026/27,North East and Yorkshire,Mental health and community trust,Mental Health and Learning Disability,RV9,Humber Teaching NHS Foundation Trust,"Finance, productivity and innovation",Innovation,OF2096,Overall Data Quality Maturity Index,M1 26/27,score,3.13,,,,43.0
Q1 2026/27,South West,Mental health and community trust,Mental Health and Learning Disability,RVN,Avon and Wiltshire Mental Health Partnership NHS Trust,"Finance, productivity and innovation",Innovation,OF2096,Overall Data Quality Maturity Index,M1 26/27,score,2.09,,,,26.0
Q1 2026/27,South East,Mental health and community trust,Mental Health and Learning Disability,RW1,Hampshire and Isle of Wight Healthcare NHS Foundation Trust,"Finance, productivity and innovation",Innovation,OF2096,Overall Data Quality Maturity Index,M1 26/27,score,3.75,,,,48.0
Q1 2026/27,North West,Mental health and community trust,Mental Health and Learning Disability,RW4,Mersey Care NHS Foundation Trust,"Finance, productivity and innovation",Innovation,OF2096,Overall Data Quality Maturity Index,M1 26/27,score,3.59,,,,46.0
Q1 2026/27,North West,Mental health and community trust,Mental Health and Learning Disability,RW5,Lancashire & South Cumbria NHS Foundation Trust,"Finance, productivity and innovation",Innovation,OF2096,Overall Data Quality Maturity Index,M1 26/27,score,3.84,,,,52.0
Q1 2026/27,London,Mental health and community trust,Mental Health and Learning Disability,RWK,East London NHS Foundation Trust,"Finance, productivity and innovation",Innovation,OF2096,Overall Data Quality Maturity Index,M1 26/27,score,2.39,,,,34.0
Q1 2026/27,East,Mental health and community trust,Mental Health and Learning Disability,RWR,Hertfordshire Partnership University NHS Foundation Trust,"Finance, productivity and innovation",Innovation,OF2096,Overall Data Quality Maturity Index,M1 26/27,score,1.69,,,,18.0
Q1 2026/27,South West,Mental health and community trust,Mental Health and Learning Disability,RWV,Devon Partnership NHS Trust,"Finance, productivity and innovation",Innovation,OF2096,Overall Data Quality Maturity Index,M1 26/27,score,1.31,,,,10.0
Q1 2026/27,South East,Mental health and community trust,Mental Health and Learning Disability,RWX,Berkshire Healthcare NHS Foundation Trust,"Finance, productivity and innovation",Innovation,OF2096,Overall Data Quality Maturity Index,M1 26/27,score,1.08,,,,2.0
Q1 2026/27,South East,Mental health and community trust,Mental Health and Learning Disability,RX2,Sussex Partnership NHS Foundation Trust,"Finance, productivity and innovation",Innovation,OF2096,Overall Data Quality Maturity Index,M1 26/27,score,2.2,,,,29.0
Q1 2026/27,North East and Yorkshire,Mental health and community trust,Mental Health and Learning Disability,RX3,"Tees, Esk and Wear Valleys NHS Foundation Trust","Finance, productivity and innovation",Innovation,OF2096,Overall Data Quality Maturity Index,M1 26/27,score,2.0,,,,25.0
Q1 2026/27,North East and Yorkshire,Mental health and community trust,Mental Health and Learning Disability,RX4,"Cumbria, Northumberland, Tyne and Wear NHS Foundation Trust","Finance, productivity and innovation",Innovation,OF2096,Overall Data Quality Maturity Index,M1 26/27,score,1.72,,,,20.0
Q1 2026/27,North West,Mental health and community trust,Mental Health and Learning Disability,RXA,Cheshire and Wirral Partnership NHS Foundation Trust,"Finance, productivity and innovation",Innovation,OF2096,Overall Data Quality Maturity Index,M1 26/27,score,2.28,,,,31.0
Q1 2026/27,North East and Yorkshire,Mental health and community trust,Mental Health and Learning Disability,RXE,Rotherham Doncaster and South Humber NHS Foundation Trust,"Finance, productivity and innovation",Innovation,OF2096,Overall Data Quality Maturity Index,M1 26/27,score,1.36,,,,13.0
Q1 2026/27,North East and Yorkshire,Mental health and community trust,Mental Health and Learning Disability,RXG,South West Yorkshire Partnership NHS Foundation Trust,"Finance, productivity and innovation",Innovation,OF2096,Overall Data Quality Maturity Index,M1 26/27,score,1.81,,,,21.0
Q1 2026/27,Midlands,Mental health and community trust,Mental Health and Learning Disability,RXM,Derbyshire Healthcare NHS Foundation Trust,"Finance, productivity and innovation",Innovation,OF2096,Overall Data Quality Maturity Index,M1 26/27,score,1.13,,,,3.0
Q1 2026/27,Midlands,Mental health and community trust,Mental Health and Learning Disability,RXT,Birmingham and Solihull Mental Health NHS Foundation Trust,"Finance, productivity and innovation",Innovation,OF2096,Overall Data Quality Maturity Index,M1 26/27,score,1.36,,,,13.0
Q1 2026/27,North West,Mental health and community trust,Mental Health and Learning Disability,RXV,Greater Manchester Mental Health NHS Foundation Trust,"Finance, productivity and innovation",Innovation,OF2096,Overall Data Quality Maturity Index,M1 26/27,score,1.16,,,,5.0
Q1 2026/27,South East,Mental health and community trust,Mental Health and Learning Disability,RXX,Surrey and Borders Partnership NHS Foundation Trust,"Finance, productivity and innovation",Innovation,OF2096,Overall Data Quality Maturity Index,M1 26/27,score,2.09,,,,26.0
Q1 2026/27,South East,Mental health and community trust,Mental Health and Learning Disability,RXY,Kent and Medway Mental Health NHS Trust,"Finance, productivity and innovation",Innovation,OF2096,Overall Data Quality Maturity Index,M1 26/27,score,2.33,,,,33.0
Q1 2026/27,East,Mental health and community trust,Community,RY3,Norfolk Community Health and Care NHS Trust,"Finance, productivity and innovation",Innovation,OF2096,Overall Data Quality Maturity Index,M1 26/27,score,1.23,,,,7.0
Q1 2026/27,East,Mental health and community trust,Community,RY4,Hertfordshire Community NHS Trust,"Finance, productivity and innovation",Innovation,OF2096,Overall Data Quality Maturity Index,M1 26/27,score,3.25,,,,44.0
Q1 2026/27,Midlands,Mental health and community trust,Community,RY5,Lincolnshire Community Health Services NHS Trust,"Finance, productivity and innovation",Innovation,OF2096,Overall Data Quality Maturity Index,M1 26/27,score,1.53,,,,17.0
Q1 2026/27,North East and Yorkshire,Mental health and community trust,Community,RY6,Leeds Community Healthcare NHS Trust,"Finance, productivity and innovation",Innovation,OF2096,Overall Data Quality Maturity Index,M1 26/27,score,3.98,,,,57.0
Q1 2026/27,North West,Mental health and community trust,Community,RY7,Wirral Community Health and Care NHS Foundation Trust,"Finance, productivity and innovation",Innovation,OF2096,Overall Data Quality Maturity Index,M1 26/27,score,3.91,,,,56.0
Q1 2026/27,Midlands,Mental health and community trust,Community,RY8,Derbyshire Community Health Services NHS Foundation Trust,"Finance, productivity and innovation",Innovation,OF2096,Overall Data Quality Maturity Index,M1 26/27,score,1.95,,,,23.0
Q1 2026/27,Midlands,Mental health and community trust,Mental Health and Learning Disability,RYG,Coventry and Warwickshire Partnership NHS Trust,"Finance, productivity and innovation",Innovation,OF2096,Overall Data Quality Maturity Index,M1 26/27,score,3.86,,,,53.0
Q1 2026/27,Midlands,Mental health and community trust,Community,RYW,Birmingham Community Healthcare NHS Foundation Trust,"Finance, productivity and innovation",Innovation,OF2096,Overall Data Quality Maturity Index,M1 26/27,score,3.89,,,,55.0
Q1 2026/27,London,Mental health and community trust,Community,RYX,Central London Community Healthcare NHS Trust,"Finance, productivity and innovation",Innovation,OF2096,Overall Data Quality Maturity Index,M1 26/27,score,3.77,,,,49.0
Q1 2026/27,South East,Mental health and community trust,Community,RYY,Kent Community Health NHS Foundation Trust,"Finance, productivity and innovation",Innovation,OF2096,Overall Data Quality Maturity Index,M1 26/27,score,3.02,,,,42.0
Q1 2026/27,North East and Yorkshire,Mental health and community trust,Care Trust,TAD,Bradford District Care NHS Foundation Trust,"Finance, productivity and innovation",Innovation,OF2096,Overall Data Quality Maturity Index,M1 26/27,score,2.89,,,,38.0
Q1 2026/27,North East and Yorkshire,Mental health and community trust,Care Trust,TAH,Sheffield Health Partnership University NHS Foundation Trust,"Finance, productivity and innovation",Innovation,OF2096,Overall Data Quality Maturity Index,M1 26/27,score,3.8,,,,51.0
Q1 2026/27,Midlands,Mental health and community trust,Mental Health and Learning Disability,TAJ,Black Country Healthcare NHS Foundation Trust,"Finance, productivity and innovation",Innovation,OF2096,Overall Data Quality Maturity Index,M1 26/27,score,1.31,,,,10.0
Q1 2026/27,London,Mental health and community trust,Mental Health and Learning Disability,G6V2S,North London NHS Foundation Trust,People,People and culture,OF2101,Percentage of frontline healthcare workers to receive a flu vaccination,M11 25/26,score,3.96,,,,56.0
Q1 2026/27,Midlands,Mental health and community trust,Community,R1A,Herefordshire and Worcestershire Health and Care NHS Trust,People,People and culture,OF2101,Percentage of frontline healthcare workers to receive a flu vaccination,M11 25/26,score,3.18,,,,34.0
Q1 2026/27,Midlands,Mental health and community trust,Community,R1D,Shropshire Community Health NHS Trust,People,People and culture,OF2101,Percentage of frontline healthcare workers to receive a flu vaccination,M11 25/26,score,1.99,,,,14.0
Q1 2026/27,East,Mental health and community trust,Mental Health and Learning Disability,R1L,Essex Partnership University NHS Foundation Trust,People,People and culture,OF2101,Percentage of frontline healthcare workers to receive a flu vaccination,M11 25/26,score,3.99,,,,58.0
Q1 2026/27,London,Mental health and community trust,Mental Health and Learning Disability,RAT,North East London NHS Foundation Trust,People,People and culture,OF2101,Percentage of frontline healthcare workers to receive a flu vaccination,M11 25/26,score,3.93,,,,54.0
Q1 2026/27,South East,Mental health and community trust,Community,RDR,Sussex Community NHS Foundation Trust,People,People and culture,OF2101,Percentage of frontline healthcare workers to receive a flu vaccination,M11 25/26,score,1.39,,,,6.0
Q1 2026/27,South West,Mental health and community trust,Mental Health and Learning Disability,RDY,Dorset Healthcare University NHS Foundation Trust,People,People and culture,OF2101,Percentage of frontline healthcare workers to receive a flu vaccination,M11 25/26,score,2.72,,,,24.0
Q1 2026/27,North East and Yorkshire,Mental health and community trust,Mental Health and Learning Disability,RGD,Leeds and York Partnership NHS Foundation Trust,People,People and culture,OF2101,Percentage of frontline healthcare workers to receive a flu vaccination,M11 25/26,score,3.61,,,,46.0
Q1 2026/27,Midlands,Mental health and community trust,Mental Health and Learning Disability,RHA,Nottinghamshire Healthcare NHS Foundation Trust,People,People and culture,OF2101,Percentage of frontline healthcare workers to receive a flu vaccination,M11 25/26,score,3.34,,,,39.0
Q1 2026/27,South West,Mental health and community trust,Mental Health and Learning Disability,RJ8,Cornwall Partnership NHS Foundation Trust,People,People and culture,OF2101,Percentage of frontline healthcare workers to receive a flu vaccination,M11 25/26,score,2.58,,,,22.0
Q1 2026/27,London,Mental health and community trust,Mental Health and Learning Disability,RKL,West London NHS Trust,People,People and culture,OF2101,Percentage of frontline healthcare workers to receive a flu vaccination,M11 25/26,score,3.82,,,,51.0
Q1 2026/27,Midlands,Mental health and community trust,Mental Health and Learning Disability,RLY,North Staffordshire Combined Healthcare NHS Trust,People,People and culture,OF2101,Percentage of frontline healthcare workers to receive a flu vaccination,M11 25/26,score,1.87,,,,11.0
Q1 2026/27,East,Mental health and community trust,Mental Health and Learning Disability,RMY,Norfolk and Suffolk NHS Foundation Trust,People,People and culture,OF2101,Percentage of frontline healthcare workers to receive a flu vaccination,M11 25/26,score,1.69,,,,9.0
Q1 2026/27,South East,Mental health and community trust,Mental Health and Learning Disability,RNU,Oxford Health NHS Foundation Trust,People,People and culture,OF2101,Percentage of frontline healthcare workers to receive a flu vaccination,M11 25/26,score,1.61,,,,8.0
Q1 2026/27,Midlands,Mental health and community trust,Mental Health and Learning Disability,RP1,Northamptonshire Healthcare NHS Foundation Trust,People,People and culture,OF2101,Percentage of frontline healthcare workers to receive a flu vaccination,M11 25/26,score,3.49,,,,42.0
Q1 2026/27,Midlands,Mental health and community trust,Mental Health and Learning Disability,RP7,Lincolnshire Partnership NHS Foundation Trust,People,People and culture,OF2101,Percentage of frontline healthcare workers to receive a flu vaccination,M11 25/26,score,2.69,,,,23.0
Q1 2026/27,London,Mental health and community trust,Mental Health and Learning Disability,RPG,Oxleas NHS Foundation Trust,People,People and culture,OF2101,Percentage of frontline healthcare workers to receive a flu vaccination,M11 25/26,score,3.63,,,,47.0
Q1 2026/27,London,Mental health and community trust,Mental Health and Learning Disability,RQY,South West London and St George's Mental Health NHS Trust,People,People and culture,OF2101,Percentage of frontline healthcare workers to receive a flu vaccination,M11 25/26,score,3.81,,,,50.0
Q1 2026/27,Midlands,Mental health and community trust,Mental Health and Learning Disability,RRE,Midlands Partnership University NHS Foundation Trust,People,People and culture,OF2101,Percentage of frontline healthcare workers to receive a flu vaccination,M11 25/26,score,3.01,,,,31.0
Q1 2026/27,East,Mental health and community trust,Mental Health and Learning Disability,RT1,Cambridgeshire and Peterborough NHS Foundation Trust,People,People and culture,OF2101,Percentage of frontline healthcare workers to receive a flu vaccination,M11 25/26,score,2.54,,,,20.0
Q1 2026/27,North West,Mental health and community trust,Mental Health and Learning Disability,RT2,Pennine Care NHS Foundation Trust,People,People and culture,OF2101,Percentage of frontline healthcare workers to receive a flu vaccination,M11 25/26,score,3.3,,,,36.0
Q1 2026/27,Midlands,Mental health and community trust,Mental Health and Learning Disability,RT5,Leicestershire Partnership NHS Trust,People,People and culture,OF2101,Percentage of frontline healthcare workers to receive a flu vaccination,M11 25/26,score,2.99,,,,29.0
Q1 2026/27,South West,Mental health and community trust,Mental Health and Learning Disability,RTQ,Gloucestershire Health and Care NHS Foundation Trust,People,People and culture,OF2101,Percentage of frontline healthcare workers to receive a flu vaccination,M11 25/26,score,1.72,,,,10.0
Q1 2026/27,London,Mental health and community trust,Mental Health and Learning Disability,RV3,Central and North West London NHS Foundation Trust,People,People and culture,OF2101,Percentage of frontline healthcare workers to receive a flu vaccination,M11 25/26,score,3.84,,,,52.0
Q1 2026/27,London,Mental health and community trust,Mental Health and Learning Disability,RV5,South London and Maudsley NHS Foundation Trust,People,People and culture,OF2101,Percentage of frontline healthcare workers to receive a flu vaccination,M11 25/26,score,3.6,,,,45.0
Q1 2026/27,North East and Yorkshire,Mental health and community trust,Mental Health and Learning Disability,RV9,Humber Teaching NHS Foundation Trust,People,People and culture,OF2101,Percentage of frontline healthcare workers to receive a flu vaccination,M11 25/26,score,1.01,,,,1.0
Q1 2026/27,South West,Mental health and community trust,Mental Health and Learning Disability,RVN,Avon and Wiltshire Mental Health Partnership NHS Trust,People,People and culture,OF2101,Percentage of frontline healthcare workers to receive a flu vaccination,M11 25/26,score,2.1,,,,15.0
Q1 2026/27,South East,Mental health and community trust,Mental Health and Learning Disability,RW1,Hampshire and Isle of Wight Healthcare NHS Foundation Trust,People,People and culture,OF2101,Percentage of frontline healthcare workers to receive a flu vaccination,M11 25/26,score,3.0,,,,30.0
Q1 2026/27,North West,Mental health and community trust,Mental Health and Learning Disability,RW4,Mersey Care NHS Foundation Trust,People,People and culture,OF2101,Percentage of frontline healthcare workers to receive a flu vaccination,M11 25/26,score,3.43,,,,41.0
Q1 2026/27,North West,Mental health and community trust,Mental Health and Learning Disability,RW5,Lancashire & South Cumbria NHS Foundation Trust,People,People and culture,OF2101,Percentage of frontline healthcare workers to receive a flu vaccination,M11 25/26,score,3.57,,,,44.0
Q1 2026/27,London,Mental health and community trust,Mental Health and Learning Disability,RWK,East London NHS Foundation Trust,People,People and culture,OF2101,Percentage of frontline healthcare workers to receive a flu vaccination,M11 25/26,score,3.94,,,,55.0
Q1 2026/27,East,Mental health and community trust,Mental Health and Learning Disability,RWR,Hertfordshire Partnership University NHS Foundation Trust,People,People and culture,OF2101,Percentage of frontline healthcare workers to receive a flu vaccination,M11 25/26,score,3.76,,,,49.0
Q1 2026/27,South West,Mental health and community trust,Mental Health and Learning Disability,RWV,Devon Partnership NHS Trust,People,People and culture,OF2101,Percentage of frontline healthcare workers to receive a flu vaccination,M11 25/26,score,2.37,,,,18.0
Q1 2026/27,South East,Mental health and community trust,Mental Health and Learning Disability,RWX,Berkshire Healthcare NHS Foundation Trust,People,People and culture,OF2101,Percentage of frontline healthcare workers to receive a flu vaccination,M11 25/26,score,2.48,,,,19.0
Q1 2026/27,South East,Mental health and community trust,Mental Health and Learning Disability,RX2,Sussex Partnership NHS Foundation Trust,People,People and culture,OF2101,Percentage of frontline healthcare workers to receive a flu vaccination,M11 25/26,score,3.36,,,,40.0
Q1 2026/27,North East and Yorkshire,Mental health and community trust,Mental Health and Learning Disability,RX3,"Tees, Esk and Wear Valleys NHS Foundation Trust",People,People and culture,OF2101,Percentage of frontline healthcare workers to receive a flu vaccination,M11 25/26,score,2.84,,,,25.0
Q1 2026/27,North East and Yorkshire,Mental health and community trust,Mental Health and Learning Disability,RX4,"Cumbria, Northumberland, Tyne and Wear NHS Foundation Trust",People,People and culture,OF2101,Percentage of frontline healthcare workers to receive a flu vaccination,M11 25/26,score,2.87,,,,26.0
Q1 2026/27,North West,Mental health and community trust,Mental Health and Learning Disability,RXA,Cheshire and Wirral Partnership NHS Foundation Trust,People,People and culture,OF2101,Percentage of frontline healthcare workers to receive a flu vaccination,M11 25/26,score,3.12,,,,33.0
Q1 2026/27,North East and Yorkshire,Mental health and community trust,Mental Health and Learning Disability,RXE,Rotherham Doncaster and South Humber NHS Foundation Trust,People,People and culture,OF2101,Percentage of frontline healthcare workers to receive a flu vaccination,M11 25/26,score,1.1,,,,2.0
Q1 2026/27,North East and Yorkshire,Mental health and community trust,Mental Health and Learning Disability,RXG,South West Yorkshire Partnership NHS Foundation Trust,People,People and culture,OF2101,Percentage of frontline healthcare workers to receive a flu vaccination,M11 25/26,score,2.15,,,,16.0
Q1 2026/27,Midlands,Mental health and community trust,Mental Health and Learning Disability,RXM,Derbyshire Healthcare NHS Foundation Trust,People,People and culture,OF2101,Percentage of frontline healthcare workers to receive a flu vaccination,M11 25/26,score,3.3,,,,36.0
Q1 2026/27,Midlands,Mental health and community trust,Mental Health and Learning Disability,RXT,Birmingham and Solihull Mental Health NHS Foundation Trust,People,People and culture,OF2101,Percentage of frontline healthcare workers to receive a flu vaccination,M11 25/26,score,3.97,,,,57.0
Q1 2026/27,North West,Mental health and community trust,Mental Health and Learning Disability,RXV,Greater Manchester Mental Health NHS Foundation Trust,People,People and culture,OF2101,Percentage of frontline healthcare workers to receive a flu vaccination,M11 25/26,score,3.55,,,,43.0
Q1 2026/27,South East,Mental health and community trust,Mental Health and Learning Disability,RXX,Surrey and Borders Partnership NHS Foundation Trust,People,People and culture,OF2101,Percentage of frontline healthcare workers to receive a flu vaccination,M11 25/26,score,3.3,,,,36.0
Q1 2026/27,South East,Mental health and community trust,Mental Health and Learning Disability,RXY,Kent and Medway Mental Health NHS Trust,People,People and culture,OF2101,Percentage of frontline healthcare workers to receive a flu vaccination,M11 25/26,score,2.91,,,,27.0
Q1 2026/27,East,Mental health and community trust,Community,RY3,Norfolk Community Health and Care NHS Trust,People,People and culture,OF2101,Percentage of frontline healthcare workers to receive a flu vaccination,M11 25/26,score,1.21,,,,3.0
Q1 2026/27,East,Mental health and community trust,Community,RY4,Hertfordshire Community NHS Trust,People,People and culture,OF2101,Percentage of frontline healthcare workers to receive a flu vaccination,M11 25/26,score,1.33,,,,4.0
Q1 2026/27,Midlands,Mental health and community trust,Community,RY5,Lincolnshire Community Health Services NHS Trust,People,People and culture,OF2101,Percentage of frontline healthcare workers to receive a flu vaccination,M11 25/26,score,1.49,,,,7.0
Q1 2026/27,North East and Yorkshire,Mental health and community trust,Community,RY6,Leeds Community Healthcare NHS Trust,People,People and culture,OF2101,Percentage of frontline healthcare workers to receive a flu vaccination,M11 25/26,score,1.9,,,,12.0
Q1 2026/27,North West,Mental health and community trust,Community,RY7,Wirral Community Health and Care NHS Foundation Trust,People,People and culture,OF2101,Percentage of frontline healthcare workers to receive a flu vaccination,M11 25/26,score,2.57,,,,21.0
Q1 2026/27,Midlands,Mental health and community trust,Community,RY8,Derbyshire Community Health Services NHS Foundation Trust,People,People and culture,OF2101,Percentage of frontline healthcare workers to receive a flu vaccination,M11 25/26,score,1.36,,,,5.0
Q1 2026/27,Midlands,Mental health and community trust,Mental Health and Learning Disability,RYG,Coventry and Warwickshire Partnership NHS Trust,People,People and culture,OF2101,Percentage of frontline healthcare workers to receive a flu vaccination,M11 25/26,score,3.06,,,,32.0
Q1 2026/27,Midlands,Mental health and community trust,Community,RYW,Birmingham Community Healthcare NHS Foundation Trust,People,People and culture,OF2101,Percentage of frontline healthcare workers to receive a flu vaccination,M11 25/26,score,3.24,,,,35.0
Q1 2026/27,London,Mental health and community trust,Community,RYX,Central London Community Healthcare NHS Trust,People,People and culture,OF2101,Percentage of frontline healthcare workers to receive a flu vaccination,M11 25/26,score,3.72,,,,48.0
Q1 2026/27,South East,Mental health and community trust,Community,RYY,Kent Community Health NHS Foundation Trust,People,People and culture,OF2101,Percentage of frontline healthcare workers to receive a flu vaccination,M11 25/26,score,2.24,,,,17.0
Q1 2026/27,North East and Yorkshire,Mental health and community trust,Care Trust,TAD,Bradford District Care NHS Foundation Trust,People,People and culture,OF2101,Percentage of frontline healthcare workers to receive a flu vaccination,M11 25/26,score,2.91,,,,27.0
Q1 2026/27,North East and Yorkshire,Mental health and community trust,Care Trust,TAH,Sheffield Health Partnership University NHS Foundation Trust,People,People and culture,OF2101,Percentage of frontline healthcare workers to receive a flu vaccination,M11 25/26,score,1.93,,,,13.0
Q1 2026/27,Midlands,Mental health and community trust,Mental Health and Learning Disability,TAJ,Black Country Healthcare NHS Foundation Trust,People,People and culture,OF2101,Percentage of frontline healthcare workers to receive a flu vaccination,M11 25/26,score,3.85,,,,53.0
Q1 2026/27,London,Mental health and community trust,Mental Health and Learning Disability,G6V2S,North London NHS Foundation Trust,People,People and culture,OF2102,National Education and Training Survey overall experience sub-score,2025,score,1.94,,,,38.0
Q1 2026/27,Midlands,Mental health and community trust,Community,R1A,Herefordshire and Worcestershire Health and Care NHS Trust,People,People and culture,OF2102,National Education and Training Survey overall experience sub-score,2025,score,1.43,,,,15.0
Q1 2026/27,Midlands,Mental health and community trust,Community,R1D,Shropshire Community Health NHS Trust,People,People and culture,OF2102,National Education and Training Survey overall experience sub-score,2025,score,3.36,,,,57.0
Q1 2026/27,East,Mental health and community trust,Mental Health and Learning Disability,R1L,Essex Partnership University NHS Foundation Trust,People,People and culture,OF2102,National Education and Training Survey overall experience sub-score,2025,score,2.33,,,,51.0
Q1 2026/27,London,Mental health and community trust,Mental Health and Learning Disability,RAT,North East London NHS Foundation Trust,People,People and culture,OF2102,National Education and Training Survey overall experience sub-score,2025,score,1.34,,,,13.0
Q1 2026/27,South East,Mental health and community trust,Community,RDR,Sussex Community NHS Foundation Trust,People,People and culture,OF2102,National Education and Training Survey overall experience sub-score,2025,score,1.64,,,,26.0
Q1 2026/27,South West,Mental health and community trust,Mental Health and Learning Disability,RDY,Dorset Healthcare University NHS Foundation Trust,People,People and culture,OF2102,National Education and Training Survey overall experience sub-score,2025,score,1.1,,,,3.0
Q1 2026/27,North East and Yorkshire,Mental health and community trust,Mental Health and Learning Disability,RGD,Leeds and York Partnership NHS Foundation Trust,People,People and culture,OF2102,National Education and Training Survey overall experience sub-score,2025,score,1.27,,,,10.0
Q1 2026/27,Midlands,Mental health and community trust,Mental Health and Learning Disability,RHA,Nottinghamshire Healthcare NHS Foundation Trust,People,People and culture,OF2102,National Education and Training Survey overall experience sub-score,2025,score,2.21,,,,49.0
Q1 2026/27,South West,Mental health and community trust,Mental Health and Learning Disability,RJ8,Cornwall Partnership NHS Foundation Trust,People,People and culture,OF2102,National Education and Training Survey overall experience sub-score,2025,score,3.63,,,,58.0
Q1 2026/27,London,Mental health and community trust,Mental Health and Learning Disability,RKL,West London NHS Trust,People,People and culture,OF2102,National Education and Training Survey overall experience sub-score,2025,score,1.78,,,,30.0
Q1 2026/27,Midlands,Mental health and community trust,Mental Health and Learning Disability,RLY,North Staffordshire Combined Healthcare NHS Trust,People,People and culture,OF2102,National Education and Training Survey overall experience sub-score,2025,score,1.85,,,,33.0
Q1 2026/27,East,Mental health and community trust,Mental Health and Learning Disability,RMY,Norfolk and Suffolk NHS Foundation Trust,People,People and culture,OF2102,National Education and Training Survey overall experience sub-score,2025,score,1.69,,,,27.0
Q1 2026/27,South East,Mental health and community trust,Mental Health and Learning Disability,RNU,Oxford Health NHS Foundation Trust,People,People and culture,OF2102,National Education and Training Survey overall experience sub-score,2025,score,1.46,,,,17.0
Q1 2026/27,Midlands,Mental health and community trust,Mental Health and Learning Disability,RP1,Northamptonshire Healthcare NHS Foundation Trust,People,People and culture,OF2102,National Education and Training Survey overall experience sub-score,2025,score,1.12,,,,4.0
Q1 2026/27,Midlands,Mental health and community trust,Mental Health and Learning Disability,RP7,Lincolnshire Partnership NHS Foundation Trust,People,People and culture,OF2102,National Education and Training Survey overall experience sub-score,2025,score,2.72,,,,55.0
Q1 2026/27,London,Mental health and community trust,Mental Health and Learning Disability,RPG,Oxleas NHS Foundation Trust,People,People and culture,OF2102,National Education and Training Survey overall experience sub-score,2025,score,1.6,,,,24.0
Q1 2026/27,London,Mental health and community trust,Mental Health and Learning Disability,RQY,South West London and St George's Mental Health NHS Trust,People,People and culture,OF2102,National Education and Training Survey overall experience sub-score,2025,score,1.48,,,,18.0
Q1 2026/27,Midlands,Mental health and community trust,Mental Health and Learning Disability,RRE,Midlands Partnership University NHS Foundation Trust,People,People and culture,OF2102,National Education and Training Survey overall experience sub-score,2025,score,1.63,,,,25.0
Q1 2026/27,East,Mental health and community trust,Mental Health and Learning Disability,RT1,Cambridgeshire and Peterborough NHS Foundation Trust,People,People and culture,OF2102,National Education and Training Survey overall experience sub-score,2025,score,2.49,,,,53.0
Q1 2026/27,North West,Mental health and community trust,Mental Health and Learning Disability,RT2,Pennine Care NHS Foundation Trust,People,People and culture,OF2102,National Education and Training Survey overall experience sub-score,2025,score,2.13,,,,46.0
Q1 2026/27,Midlands,Mental health and community trust,Mental Health and Learning Disability,RT5,Leicestershire Partnership NHS Trust,People,People and culture,OF2102,National Education and Training Survey overall experience sub-score,2025,score,1.87,,,,34.0
Q1 2026/27,South West,Mental health and community trust,Mental Health and Learning Disability,RTQ,Gloucestershire Health and Care NHS Foundation Trust,People,People and culture,OF2102,National Education and Training Survey overall experience sub-score,2025,score,1.24,,,,9.0
Q1 2026/27,London,Mental health and community trust,Mental Health and Learning Disability,RV3,Central and North West London NHS Foundation Trust,People,People and culture,OF2102,National Education and Training Survey overall experience sub-score,2025,score,1.97,,,,40.0
Q1 2026/27,London,Mental health and community trust,Mental Health and Learning Disability,RV5,South London and Maudsley NHS Foundation Trust,People,People and culture,OF2102,National Education and Training Survey overall experience sub-score,2025,score,2.07,,,,45.0
Q1 2026/27,North East and Yorkshire,Mental health and community trust,Mental Health and Learning Disability,RV9,Humber Teaching NHS Foundation Trust,People,People and culture,OF2102,National Education and Training Survey overall experience sub-score,2025,score,2.06,,,,44.0
Q1 2026/27,South West,Mental health and community trust,Mental Health and Learning Disability,RVN,Avon and Wiltshire Mental Health Partnership NHS Trust,People,People and culture,OF2102,National Education and Training Survey overall experience sub-score,2025,score,1.28,,,,11.0
Q1 2026/27,South East,Mental health and community trust,Mental Health and Learning Disability,RW1,Hampshire and Isle of Wight Healthcare NHS Foundation Trust,People,People and culture,OF2102,National Education and Training Survey overall experience sub-score,2025,score,1.39,,,,14.0
Q1 2026/27,North West,Mental health and community trust,Mental Health and Learning Disability,RW4,Mersey Care NHS Foundation Trust,People,People and culture,OF2102,National Education and Training Survey overall experience sub-score,2025,score,1.73,,,,29.0
Q1 2026/27,North West,Mental health and community trust,Mental Health and Learning Disability,RW5,Lancashire & South Cumbria NHS Foundation Trust,People,People and culture,OF2102,National Education and Training Survey overall experience sub-score,2025,score,1.58,,,,23.0
Q1 2026/27,London,Mental health and community trust,Mental Health and Learning Disability,RWK,East London NHS Foundation Trust,People,People and culture,OF2102,National Education and Training Survey overall experience sub-score,2025,score,2.6,,,,54.0
Q1 2026/27,East,Mental health and community trust,Mental Health and Learning Disability,RWR,Hertfordshire Partnership University NHS Foundation Trust,People,People and culture,OF2102,National Education and Training Survey overall experience sub-score,2025,score,1.91,,,,37.0
Q1 2026/27,South West,Mental health and community trust,Mental Health and Learning Disability,RWV,Devon Partnership NHS Trust,People,People and culture,OF2102,National Education and Training Survey overall experience sub-score,2025,score,2.9,,,,56.0
Q1 2026/27,South East,Mental health and community trust,Mental Health and Learning Disability,RWX,Berkshire Healthcare NHS Foundation Trust,People,People and culture,OF2102,National Education and Training Survey overall experience sub-score,2025,score,1.15,,,,5.0
Q1 2026/27,South East,Mental health and community trust,Mental Health and Learning Disability,RX2,Sussex Partnership NHS Foundation Trust,People,People and culture,OF2102,National Education and Training Survey overall experience sub-score,2025,score,1.51,,,,19.0
Q1 2026/27,North East and Yorkshire,Mental health and community trust,Mental Health and Learning Disability,RX3,"Tees, Esk and Wear Valleys NHS Foundation Trust",People,People and culture,OF2102,National Education and Training Survey overall experience sub-score,2025,score,1.22,,,,8.0
Q1 2026/27,North East and Yorkshire,Mental health and community trust,Mental Health and Learning Disability,RX4,"Cumbria, Northumberland, Tyne and Wear NHS Foundation Trust",People,People and culture,OF2102,National Education and Training Survey overall experience sub-score,2025,score,2.16,,,,47.0
Q1 2026/27,North West,Mental health and community trust,Mental Health and Learning Disability,RXA,Cheshire and Wirral Partnership NHS Foundation Trust,People,People and culture,OF2102,National Education and Training Survey overall experience sub-score,2025,score,1.96,,,,39.0
Q1 2026/27,North East and Yorkshire,Mental health and community trust,Mental Health and Learning Disability,RXE,Rotherham Doncaster and South Humber NHS Foundation Trust,People,People and culture,OF2102,National Education and Training Survey overall experience sub-score,2025,score,1.9,,,,36.0
Q1 2026/27,North East and Yorkshire,Mental health and community trust,Mental Health and Learning Disability,RXG,South West Yorkshire Partnership NHS Foundation Trust,People,People and culture,OF2102,National Education and Training Survey overall experience sub-score,2025,score,1.52,,,,20.0
Q1 2026/27,Midlands,Mental health and community trust,Mental Health and Learning Disability,RXM,Derbyshire Healthcare NHS Foundation Trust,People,People and culture,OF2102,National Education and Training Survey overall experience sub-score,2025,score,2.18,,,,48.0
Q1 2026/27,Midlands,Mental health and community trust,Mental Health and Learning Disability,RXT,Birmingham and Solihull Mental Health NHS Foundation Trust,People,People and culture,OF2102,National Education and Training Survey overall experience sub-score,2025,score,2.28,,,,50.0
Q1 2026/27,North West,Mental health and community trust,Mental Health and Learning Disability,RXV,Greater Manchester Mental Health NHS Foundation Trust,People,People and culture,OF2102,National Education and Training Survey overall experience sub-score,2025,score,1.3,,,,12.0
Q1 2026/27,South East,Mental health and community trust,Mental Health and Learning Disability,RXX,Surrey and Borders Partnership NHS Foundation Trust,People,People and culture,OF2102,National Education and Training Survey overall experience sub-score,2025,score,1.88,,,,35.0
Q1 2026/27,South East,Mental health and community trust,Mental Health and Learning Disability,RXY,Kent and Medway Mental Health NHS Trust,People,People and culture,OF2102,National Education and Training Survey overall experience sub-score,2025,score,2.01,,,,43.0
Q1 2026/27,East,Mental health and community trust,Community,RY3,Norfolk Community Health and Care NHS Trust,People,People and culture,OF2102,National Education and Training Survey overall experience sub-score,2025,score,1.07,,,,2.0
Q1 2026/27,East,Mental health and community trust,Community,RY4,Hertfordshire Community NHS Trust,People,People and culture,OF2102,National Education and Training Survey overall experience sub-score,2025,score,1.52,,,,20.0
Q1 2026/27,Midlands,Mental health and community trust,Community,RY5,Lincolnshire Community Health Services NHS Trust,People,People and culture,OF2102,National Education and Training Survey overall experience sub-score,2025,score,1.03,,,,1.0
Q1 2026/27,North East and Yorkshire,Mental health and community trust,Community,RY6,Leeds Community Healthcare NHS Trust,People,People and culture,OF2102,National Education and Training Survey overall experience sub-score,2025,score,1.72,,,,28.0
Q1 2026/27,North West,Mental health and community trust,Community,RY7,Wirral Community Health and Care NHS Foundation Trust,People,People and culture,OF2102,National Education and Training Survey overall experience sub-score,2025,score,1.19,,,,7.0
Q1 2026/27,Midlands,Mental health and community trust,Community,RY8,Derbyshire Community Health Services NHS Foundation Trust,People,People and culture,OF2102,National Education and Training Survey overall experience sub-score,2025,score,1.82,,,,32.0
Q1 2026/27,Midlands,Mental health and community trust,Mental Health and Learning Disability,RYG,Coventry and Warwickshire Partnership NHS Trust,People,People and culture,OF2102,National Education and Training Survey overall experience sub-score,2025,score,1.43,,,,15.0
Q1 2026/27,Midlands,Mental health and community trust,Community,RYW,Birmingham Community Healthcare NHS Foundation Trust,People,People and culture,OF2102,National Education and Training Survey overall experience sub-score,2025,score,1.99,,,,41.0
Q1 2026/27,London,Mental health and community trust,Community,RYX,Central London Community Healthcare NHS Trust,People,People and culture,OF2102,National Education and Training Survey overall experience sub-score,2025,score,2.37,,,,52.0
Q1 2026/27,South East,Mental health and community trust,Community,RYY,Kent Community Health NHS Foundation Trust,People,People and culture,OF2102,National Education and Training Survey overall experience sub-score,2025,score,1.79,,,,31.0
Q1 2026/27,North East and Yorkshire,Mental health and community trust,Care Trust,TAD,Bradford District Care NHS Foundation Trust,People,People and culture,OF2102,National Education and Training Survey overall experience sub-score,2025,score,1.18,,,,6.0
Q1 2026/27,North East and Yorkshire,Mental health and community trust,Care Trust,TAH,Sheffield Health Partnership University NHS Foundation Trust,People,People and culture,OF2102,National Education and Training Survey overall experience sub-score,2025,score,2.0,,,,42.0
Q1 2026/27,Midlands,Mental health and community trust,Mental Health and Learning Disability,TAJ,Black Country Healthcare NHS Foundation Trust,People,People and culture,OF2102,National Education and Training Survey overall experience sub-score,2025,score,1.57,,,,22.0
Q1 2026/27,London,Mental health and community trust,Mental Health and Learning Disability,G6V2S,North London NHS Foundation Trust,People,Workforce,OF2108,Temporary staffing cost relative band,Q1 26/27,score,3.0,,,,
Q1 2026/27,Midlands,Mental health and community trust,Community,R1A,Herefordshire and Worcestershire Health and Care NHS Trust,People,Workforce,OF2108,Temporary staffing cost relative band,Q1 26/27,score,1.0,,,,
Q1 2026/27,Midlands,Mental health and community trust,Community,R1D,Shropshire Community Health NHS Trust,People,Workforce,OF2108,Temporary staffing cost relative band,Q1 26/27,score,4.0,,,,
Q1 2026/27,East,Mental health and community trust,Mental Health and Learning Disability,R1L,Essex Partnership University NHS Foundation Trust,People,Workforce,OF2108,Temporary staffing cost relative band,Q1 26/27,score,2.0,,,,
Q1 2026/27,London,Mental health and community trust,Mental Health and Learning Disability,RAT,North East London NHS Foundation Trust,People,Workforce,OF2108,Temporary staffing cost relative band,Q1 26/27,score,2.0,,,,
Q1 2026/27,South East,Mental health and community trust,Community,RDR,Sussex Community NHS Foundation Trust,People,Workforce,OF2108,Temporary staffing cost relative band,Q1 26/27,score,1.0,,,,
Q1 2026/27,South West,Mental health and community trust,Mental Health and Learning Disability,RDY,Dorset Healthcare University NHS Foundation Trust,People,Workforce,OF2108,Temporary staffing cost relative band,Q1 26/27,score,2.0,,,,
Q1 2026/27,North East and Yorkshire,Mental health and community trust,Mental Health and Learning Disability,RGD,Leeds and York Partnership NHS Foundation Trust,People,Workforce,OF2108,Temporary staffing cost relative band,Q1 26/27,score,2.0,,,,
Q1 2026/27,Midlands,Mental health and community trust,Mental Health and Learning Disability,RHA,Nottinghamshire Healthcare NHS Foundation Trust,People,Workforce,OF2108,Temporary staffing cost relative band,Q1 26/27,score,1.0,,,,
Q1 2026/27,South West,Mental health and community trust,Mental Health and Learning Disability,RJ8,Cornwall Partnership NHS Foundation Trust,People,Workforce,OF2108,Temporary staffing cost relative band,Q1 26/27,score,2.0,,,,
Q1 2026/27,London,Mental health and community trust,Mental Health and Learning Disability,RKL,West London NHS Trust,People,Workforce,OF2108,Temporary staffing cost relative band,Q1 26/27,score,2.0,,,,
Q1 2026/27,Midlands,Mental health and community trust,Mental Health and Learning Disability,RLY,North Staffordshire Combined Healthcare NHS Trust,People,Workforce,OF2108,Temporary staffing cost relative band,Q1 26/27,score,2.0,,,,
Q1 2026/27,East,Mental health and community trust,Mental Health and Learning Disability,RMY,Norfolk and Suffolk NHS Foundation Trust,People,Workforce,OF2108,Temporary staffing cost relative band,Q1 26/27,score,2.0,,,,
Q1 2026/27,South East,Mental health and community trust,Mental Health and Learning Disability,RNU,Oxford Health NHS Foundation Trust,People,Workforce,OF2108,Temporary staffing cost relative band,Q1 26/27,score,3.0,,,,
Q1 2026/27,Midlands,Mental health and community trust,Mental Health and Learning Disability,RP1,Northamptonshire Healthcare NHS Foundation Trust,People,Workforce,OF2108,Temporary staffing cost relative band,Q1 26/27,score,1.0,,,,
Q1 2026/27,Midlands,Mental health and community trust,Mental Health and Learning Disability,RP7,Lincolnshire Partnership NHS Foundation Trust,People,Workforce,OF2108,Temporary staffing cost relative band,Q1 26/27,score,1.0,,,,
Q1 2026/27,London,Mental health and community trust,Mental Health and Learning Disability,RPG,Oxleas NHS Foundation Trust,People,Workforce,OF2108,Temporary staffing cost relative band,Q1 26/27,score,3.0,,,,
Q1 2026/27,London,Mental health and community trust,Mental Health and Learning Disability,RQY,South West London and St George's Mental Health NHS Trust,People,Workforce,OF2108,Temporary staffing cost relative band,Q1 26/27,score,2.0,,,,
Q1 2026/27,Midlands,Mental health and community trust,Mental Health and Learning Disability,RRE,Midlands Partnership University NHS Foundation Trust,People,Workforce,OF2108,Temporary staffing cost relative band,Q1 26/27,score,3.0,,,,
Q1 2026/27,East,Mental health and community trust,Mental Health and Learning Disability,RT1,Cambridgeshire and Peterborough NHS Foundation Trust,People,Workforce,OF2108,Temporary staffing cost relative band,Q1 26/27,score,1.0,,,,
Q1 2026/27,North West,Mental health and community trust,Mental Health and Learning Disability,RT2,Pennine Care NHS Foundation Trust,People,Workforce,OF2108,Temporary staffing cost relative band,Q1 26/27,score,3.0,,,,
Q1 2026/27,Midlands,Mental health and community trust,Mental Health and Learning Disability,RT5,Leicestershire Partnership NHS Trust,People,Workforce,OF2108,Temporary staffing cost relative band,Q1 26/27,score,1.0,,,,
Q1 2026/27,South West,Mental health and community trust,Mental Health and Learning Disability,RTQ,Gloucestershire Health and Care NHS Foundation Trust,People,Workforce,OF2108,Temporary staffing cost relative band,Q1 26/27,score,2.0,,,,
Q1 2026/27,London,Mental health and community trust,Mental Health and Learning Disability,RV3,Central and North West London NHS Foundation Trust,People,Workforce,OF2108,Temporary staffing cost relative band,Q1 26/27,score,2.0,,,,
Q1 2026/27,London,Mental health and community trust,Mental Health and Learning Disability,RV5,South London and Maudsley NHS Foundation Trust,People,Workforce,OF2108,Temporary staffing cost relative band,Q1 26/27,score,3.0,,,,
Q1 2026/27,North East and Yorkshire,Mental health and community trust,Mental Health and Learning Disability,RV9,Humber Teaching NHS Foundation Trust,People,Workforce,OF2108,Temporary staffing cost relative band,Q1 26/27,score,1.0,,,,
Q1 2026/27,South West,Mental health and community trust,Mental Health and Learning Disability,RVN,Avon and Wiltshire Mental Health Partnership NHS Trust,People,Workforce,OF2108,Temporary staffing cost relative band,Q1 26/27,score,3.0,,,,
Q1 2026/27,South East,Mental health and community trust,Mental Health and Learning Disability,RW1,Hampshire and Isle of Wight Healthcare NHS Foundation Trust,People,Workforce,OF2108,Temporary staffing cost relative band,Q1 26/27,score,1.0,,,,
Q1 2026/27,North West,Mental health and community trust,Mental Health and Learning Disability,RW4,Mersey Care NHS Foundation Trust,People,Workforce,OF2108,Temporary staffing cost relative band,Q1 26/27,score,2.0,,,,
Q1 2026/27,North West,Mental health and community trust,Mental Health and Learning Disability,RW5,Lancashire & South Cumbria NHS Foundation Trust,People,Workforce,OF2108,Temporary staffing cost relative band,Q1 26/27,score,4.0,,,,
Q1 2026/27,London,Mental health and community trust,Mental Health and Learning Disability,RWK,East London NHS Foundation Trust,People,Workforce,OF2108,Temporary staffing cost relative band,Q1 26/27,score,3.0,,,,
Q1 2026/27,East,Mental health and community trust,Mental Health and Learning Disability,RWR,Hertfordshire Partnership University NHS Foundation Trust,People,Workforce,OF2108,Temporary staffing cost relative band,Q1 26/27,score,1.0,,,,
Q1 2026/27,South West,Mental health and community trust,Mental Health and Learning Disability,RWV,Devon Partnership NHS Trust,People,Workforce,OF2108,Temporary staffing cost relative band,Q1 26/27,score,1.0,,,,
Q1 2026/27,South East,Mental health and community trust,Mental Health and Learning Disability,RWX,Berkshire Healthcare NHS Foundation Trust,People,Workforce,OF2108,Temporary staffing cost relative band,Q1 26/27,score,1.0,,,,
Q1 2026/27,South East,Mental health and community trust,Mental Health and Learning Disability,RX2,Sussex Partnership NHS Foundation Trust,People,Workforce,OF2108,Temporary staffing cost relative band,Q1 26/27,score,3.0,,,,
Q1 2026/27,North East and Yorkshire,Mental health and community trust,Mental Health and Learning Disability,RX3,"Tees, Esk and Wear Valleys NHS Foundation Trust",People,Workforce,OF2108,Temporary staffing cost relative band,Q1 26/27,score,1.0,,,,
Q1 2026/27,North East and Yorkshire,Mental health and community trust,Mental Health and Learning Disability,RX4,"Cumbria, Northumberland, Tyne and Wear NHS Foundation Trust",People,Workforce,OF2108,Temporary staffing cost relative band,Q1 26/27,score,1.0,,,,
Q1 2026/27,North West,Mental health and community trust,Mental Health and Learning Disability,RXA,Cheshire and Wirral Partnership NHS Foundation Trust,People,Workforce,OF2108,Temporary staffing cost relative band,Q1 26/27,score,1.0,,,,
Q1 2026/27,North East and Yorkshire,Mental health and community trust,Mental Health and Learning Disability,RXE,Rotherham Doncaster and South Humber NHS Foundation Trust,People,Workforce,OF2108,Temporary staffing cost relative band,Q1 26/27,score,3.0,,,,
Q1 2026/27,North East and Yorkshire,Mental health and community trust,Mental Health and Learning Disability,RXG,South West Yorkshire Partnership NHS Foundation Trust,People,Workforce,OF2108,Temporary staffing cost relative band,Q1 26/27,score,3.0,,,,
Q1 2026/27,Midlands,Mental health and community trust,Mental Health and Learning Disability,RXM,Derbyshire Healthcare NHS Foundation Trust,People,Workforce,OF2108,Temporary staffing cost relative band,Q1 26/27,score,4.0,,,,
Q1 2026/27,Midlands,Mental health and community trust,Mental Health and Learning Disability,RXT,Birmingham and Solihull Mental Health NHS Foundation Trust,People,Workforce,OF2108,Temporary staffing cost relative band,Q1 26/27,score,1.0,,,,
Q1 2026/27,North West,Mental health and community trust,Mental Health and Learning Disability,RXV,Greater Manchester Mental Health NHS Foundation Trust,People,Workforce,OF2108,Temporary staffing cost relative band,Q1 26/27,score,4.0,,,,
Q1 2026/27,South East,Mental health and community trust,Mental Health and Learning Disability,RXX,Surrey and Borders Partnership NHS Foundation Trust,People,Workforce,OF2108,Temporary staffing cost relative band,Q1 26/27,score,3.0,,,,
Q1 2026/27,South East,Mental health and community trust,Mental Health and Learning Disability,RXY,Kent and Medway Mental Health NHS Trust,People,Workforce,OF2108,Temporary staffing cost relative band,Q1 26/27,score,4.0,,,,
Q1 2026/27,East,Mental health and community trust,Community,RY3,Norfolk Community Health and Care NHS Trust,People,Workforce,OF2108,Temporary staffing cost relative band,Q1 26/27,score,1.0,,,,
Q1 2026/27,East,Mental health and community trust,Community,RY4,Hertfordshire Community NHS Trust,People,Workforce,OF2108,Temporary staffing cost relative band,Q1 26/27,score,3.0,,,,
Q1 2026/27,Midlands,Mental health and community trust,Community,RY5,Lincolnshire Community Health Services NHS Trust,People,Workforce,OF2108,Temporary staffing cost relative band,Q1 26/27,score,1.0,,,,
Q1 2026/27,North East and Yorkshire,Mental health and community trust,Community,RY6,Leeds Community Healthcare NHS Trust,People,Workforce,OF2108,Temporary staffing cost relative band,Q1 26/27,score,1.0,,,,
Q1 2026/27,North West,Mental health and community trust,Community,RY7,Wirral Community Health and Care NHS Foundation Trust,People,Workforce,OF2108,Temporary staffing cost relative band,Q1 26/27,score,1.0,,,,
Q1 2026/27,Midlands,Mental health and community trust,Community,RY8,Derbyshire Community Health Services NHS Foundation Trust,People,Workforce,OF2108,Temporary staffing cost relative band,Q1 26/27,score,1.0,,,,
Q1 2026/27,Midlands,Mental health and community trust,Mental Health and Learning Disability,RYG,Coventry and Warwickshire Partnership NHS Trust,People,Workforce,OF2108,Temporary staffing cost relative band,Q1 26/27,score,2.0,,,,
Q1 2026/27,Midlands,Mental health and community trust,Community,RYW,Birmingham Community Healthcare NHS Foundation Trust,People,Workforce,OF2108,Temporary staffing cost relative band,Q1 26/27,score,1.0,,,,
Q1 2026/27,London,Mental health and community trust,Community,RYX,Central London Community Healthcare NHS Trust,People,Workforce,OF2108,Temporary staffing cost relative band,Q1 26/27,score,1.0,,,,
Q1 2026/27,South East,Mental health and community trust,Community,RYY,Kent Community Health NHS Foundation Trust,People,Workforce,OF2108,Temporary staffing cost relative band,Q1 26/27,score,2.0,,,,
Q1 2026/27,North East and Yorkshire,Mental health and community trust,Care Trust,TAD,Bradford District Care NHS Foundation Trust,People,Workforce,OF2108,Temporary staffing cost relative band,Q1 26/27,score,4.0,,,,
Q1 2026/27,North East and Yorkshire,Mental health and community trust,Care Trust,TAH,Sheffield Health Partnership University NHS Foundation Trust,People,Workforce,OF2108,Temporary staffing cost relative band,Q1 26/27,score,4.0,,,,
Q1 2026/27,Midlands,Mental health and community trust,Mental Health and Learning Disability,TAJ,Black Country Healthcare NHS Foundation Trust,People,Workforce,OF2108,Temporary staffing cost relative band,Q1 26/27,score,2.0,,,,
Q1 2026/27,London,Mental health and community trust,Mental Health and Learning Disability,G6V2S,North London NHS Foundation Trust,Effectiveness of care and population health,Outcomes,OF2113,"Adult acute and rehabilitation mental health, learning disability and autism discharges followed up within 72 hours",Q1 26/27,score,2.0,,,,42.0
Q1 2026/27,Midlands,Mental health and community trust,Community,R1A,Herefordshire and Worcestershire Health and Care NHS Trust,Effectiveness of care and population health,Outcomes,OF2113,"Adult acute and rehabilitation mental health, learning disability and autism discharges followed up within 72 hours",Q1 26/27,score,1.0,,,,5.0
Q1 2026/27,East,Mental health and community trust,Mental Health and Learning Disability,R1L,Essex Partnership University NHS Foundation Trust,Effectiveness of care and population health,Outcomes,OF2113,"Adult acute and rehabilitation mental health, learning disability and autism discharges followed up within 72 hours",Q1 26/27,score,2.0,,,,44.0
Q1 2026/27,London,Mental health and community trust,Mental Health and Learning Disability,RAT,North East London NHS Foundation Trust,Effectiveness of care and population health,Outcomes,OF2113,"Adult acute and rehabilitation mental health, learning disability and autism discharges followed up within 72 hours",Q1 26/27,score,2.0,,,,46.0
Q1 2026/27,South West,Mental health and community trust,Mental Health and Learning Disability,RDY,Dorset Healthcare University NHS Foundation Trust,Effectiveness of care and population health,Outcomes,OF2113,"Adult acute and rehabilitation mental health, learning disability and autism discharges followed up within 72 hours",Q1 26/27,score,1.0,,,,32.0
Q1 2026/27,North East and Yorkshire,Mental health and community trust,Mental Health and Learning Disability,RGD,Leeds and York Partnership NHS Foundation Trust,Effectiveness of care and population health,Outcomes,OF2113,"Adult acute and rehabilitation mental health, learning disability and autism discharges followed up within 72 hours",Q1 26/27,score,2.0,,,,38.0
Q1 2026/27,Midlands,Mental health and community trust,Mental Health and Learning Disability,RHA,Nottinghamshire Healthcare NHS Foundation Trust,Effectiveness of care and population health,Outcomes,OF2113,"Adult acute and rehabilitation mental health, learning disability and autism discharges followed up within 72 hours",Q1 26/27,score,1.0,,,,35.0
Q1 2026/27,South West,Mental health and community trust,Mental Health and Learning Disability,RJ8,Cornwall Partnership NHS Foundation Trust,Effectiveness of care and population health,Outcomes,OF2113,"Adult acute and rehabilitation mental health, learning disability and autism discharges followed up within 72 hours",Q1 26/27,score,1.0,,,,17.0
Q1 2026/27,London,Mental health and community trust,Mental Health and Learning Disability,RKL,West London NHS Trust,Effectiveness of care and population health,Outcomes,OF2113,"Adult acute and rehabilitation mental health, learning disability and autism discharges followed up within 72 hours",Q1 26/27,score,1.0,,,,29.0
Q1 2026/27,Midlands,Mental health and community trust,Mental Health and Learning Disability,RLY,North Staffordshire Combined Healthcare NHS Trust,Effectiveness of care and population health,Outcomes,OF2113,"Adult acute and rehabilitation mental health, learning disability and autism discharges followed up within 72 hours",Q1 26/27,score,1.0,,,,26.0
Q1 2026/27,East,Mental health and community trust,Mental Health and Learning Disability,RMY,Norfolk and Suffolk NHS Foundation Trust,Effectiveness of care and population health,Outcomes,OF2113,"Adult acute and rehabilitation mental health, learning disability and autism discharges followed up within 72 hours",Q1 26/27,score,1.0,,,,23.0
Q1 2026/27,South East,Mental health and community trust,Mental Health and Learning Disability,RNU,Oxford Health NHS Foundation Trust,Effectiveness of care and population health,Outcomes,OF2113,"Adult acute and rehabilitation mental health, learning disability and autism discharges followed up within 72 hours",Q1 26/27,score,1.0,,,,4.0
Q1 2026/27,Midlands,Mental health and community trust,Mental Health and Learning Disability,RP1,Northamptonshire Healthcare NHS Foundation Trust,Effectiveness of care and population health,Outcomes,OF2113,"Adult acute and rehabilitation mental health, learning disability and autism discharges followed up within 72 hours",Q1 26/27,score,1.0,,,,7.0
Q1 2026/27,Midlands,Mental health and community trust,Mental Health and Learning Disability,RP7,Lincolnshire Partnership NHS Foundation Trust,Effectiveness of care and population health,Outcomes,OF2113,"Adult acute and rehabilitation mental health, learning disability and autism discharges followed up within 72 hours",Q1 26/27,score,1.0,,,,33.0
Q1 2026/27,London,Mental health and community trust,Mental Health and Learning Disability,RPG,Oxleas NHS Foundation Trust,Effectiveness of care and population health,Outcomes,OF2113,"Adult acute and rehabilitation mental health, learning disability and autism discharges followed up within 72 hours",Q1 26/27,score,1.0,,,,21.0
Q1 2026/27,London,Mental health and community trust,Mental Health and Learning Disability,RQY,South West London and St George's Mental Health NHS Trust,Effectiveness of care and population health,Outcomes,OF2113,"Adult acute and rehabilitation mental health, learning disability and autism discharges followed up within 72 hours",Q1 26/27,score,1.0,,,,16.0
Q1 2026/27,Midlands,Mental health and community trust,Mental Health and Learning Disability,RRE,Midlands Partnership University NHS Foundation Trust,Effectiveness of care and population health,Outcomes,OF2113,"Adult acute and rehabilitation mental health, learning disability and autism discharges followed up within 72 hours",Q1 26/27,score,1.0,,,,9.0
Q1 2026/27,East,Mental health and community trust,Mental Health and Learning Disability,RT1,Cambridgeshire and Peterborough NHS Foundation Trust,Effectiveness of care and population health,Outcomes,OF2113,"Adult acute and rehabilitation mental health, learning disability and autism discharges followed up within 72 hours",Q1 26/27,score,1.0,,,,27.0
Q1 2026/27,North West,Mental health and community trust,Mental Health and Learning Disability,RT2,Pennine Care NHS Foundation Trust,Effectiveness of care and population health,Outcomes,OF2113,"Adult acute and rehabilitation mental health, learning disability and autism discharges followed up within 72 hours",Q1 26/27,score,1.0,,,,31.0
Q1 2026/27,Midlands,Mental health and community trust,Mental Health and Learning Disability,RT5,Leicestershire Partnership NHS Trust,Effectiveness of care and population health,Outcomes,OF2113,"Adult acute and rehabilitation mental health, learning disability and autism discharges followed up within 72 hours",Q1 26/27,score,1.0,,,,2.0
Q1 2026/27,South West,Mental health and community trust,Mental Health and Learning Disability,RTQ,Gloucestershire Health and Care NHS Foundation Trust,Effectiveness of care and population health,Outcomes,OF2113,"Adult acute and rehabilitation mental health, learning disability and autism discharges followed up within 72 hours",Q1 26/27,score,1.0,,,,1.0
Q1 2026/27,London,Mental health and community trust,Mental Health and Learning Disability,RV3,Central and North West London NHS Foundation Trust,Effectiveness of care and population health,Outcomes,OF2113,"Adult acute and rehabilitation mental health, learning disability and autism discharges followed up within 72 hours",Q1 26/27,score,1.0,,,,22.0
Q1 2026/27,London,Mental health and community trust,Mental Health and Learning Disability,RV5,South London and Maudsley NHS Foundation Trust,Effectiveness of care and population health,Outcomes,OF2113,"Adult acute and rehabilitation mental health, learning disability and autism discharges followed up within 72 hours",Q1 26/27,score,1.0,,,,24.0
Q1 2026/27,North East and Yorkshire,Mental health and community trust,Mental Health and Learning Disability,RV9,Humber Teaching NHS Foundation Trust,Effectiveness of care and population health,Outcomes,OF2113,"Adult acute and rehabilitation mental health, learning disability and autism discharges followed up within 72 hours",Q1 26/27,score,1.0,,,,3.0
Q1 2026/27,South West,Mental health and community trust,Mental Health and Learning Disability,RVN,Avon and Wiltshire Mental Health Partnership NHS Trust,Effectiveness of care and population health,Outcomes,OF2113,"Adult acute and rehabilitation mental health, learning disability and autism discharges followed up within 72 hours",Q1 26/27,score,2.0,,,,39.0
Q1 2026/27,South East,Mental health and community trust,Mental Health and Learning Disability,RW1,Hampshire and Isle of Wight Healthcare NHS Foundation Trust,Effectiveness of care and population health,Outcomes,OF2113,"Adult acute and rehabilitation mental health, learning disability and autism discharges followed up within 72 hours",Q1 26/27,score,1.0,,,,18.0
Q1 2026/27,North West,Mental health and community trust,Mental Health and Learning Disability,RW4,Mersey Care NHS Foundation Trust,Effectiveness of care and population health,Outcomes,OF2113,"Adult acute and rehabilitation mental health, learning disability and autism discharges followed up within 72 hours",Q1 26/27,score,1.0,,,,36.0
Q1 2026/27,North West,Mental health and community trust,Mental Health and Learning Disability,RW5,Lancashire & South Cumbria NHS Foundation Trust,Effectiveness of care and population health,Outcomes,OF2113,"Adult acute and rehabilitation mental health, learning disability and autism discharges followed up within 72 hours",Q1 26/27,score,2.0,,,,37.0
Q1 2026/27,London,Mental health and community trust,Mental Health and Learning Disability,RWK,East London NHS Foundation Trust,Effectiveness of care and population health,Outcomes,OF2113,"Adult acute and rehabilitation mental health, learning disability and autism discharges followed up within 72 hours",Q1 26/27,score,1.0,,,,30.0
Q1 2026/27,East,Mental health and community trust,Mental Health and Learning Disability,RWR,Hertfordshire Partnership University NHS Foundation Trust,Effectiveness of care and population health,Outcomes,OF2113,"Adult acute and rehabilitation mental health, learning disability and autism discharges followed up within 72 hours",Q1 26/27,score,1.0,,,,20.0
Q1 2026/27,South West,Mental health and community trust,Mental Health and Learning Disability,RWV,Devon Partnership NHS Trust,Effectiveness of care and population health,Outcomes,OF2113,"Adult acute and rehabilitation mental health, learning disability and autism discharges followed up within 72 hours",Q1 26/27,score,1.0,,,,14.0
Q1 2026/27,South East,Mental health and community trust,Mental Health and Learning Disability,RWX,Berkshire Healthcare NHS Foundation Trust,Effectiveness of care and population health,Outcomes,OF2113,"Adult acute and rehabilitation mental health, learning disability and autism discharges followed up within 72 hours",Q1 26/27,score,1.0,,,,6.0
Q1 2026/27,South East,Mental health and community trust,Mental Health and Learning Disability,RX2,Sussex Partnership NHS Foundation Trust,Effectiveness of care and population health,Outcomes,OF2113,"Adult acute and rehabilitation mental health, learning disability and autism discharges followed up within 72 hours",Q1 26/27,score,2.0,,,,41.0
Q1 2026/27,North East and Yorkshire,Mental health and community trust,Mental Health and Learning Disability,RX3,"Tees, Esk and Wear Valleys NHS Foundation Trust",Effectiveness of care and population health,Outcomes,OF2113,"Adult acute and rehabilitation mental health, learning disability and autism discharges followed up within 72 hours",Q1 26/27,score,1.0,,,,25.0
Q1 2026/27,North East and Yorkshire,Mental health and community trust,Mental Health and Learning Disability,RX4,"Cumbria, Northumberland, Tyne and Wear NHS Foundation Trust",Effectiveness of care and population health,Outcomes,OF2113,"Adult acute and rehabilitation mental health, learning disability and autism discharges followed up within 72 hours",Q1 26/27,score,1.0,,,,11.0
Q1 2026/27,North West,Mental health and community trust,Mental Health and Learning Disability,RXA,Cheshire and Wirral Partnership NHS Foundation Trust,Effectiveness of care and population health,Outcomes,OF2113,"Adult acute and rehabilitation mental health, learning disability and autism discharges followed up within 72 hours",Q1 26/27,score,1.0,,,,13.0
Q1 2026/27,North East and Yorkshire,Mental health and community trust,Mental Health and Learning Disability,RXE,Rotherham Doncaster and South Humber NHS Foundation Trust,Effectiveness of care and population health,Outcomes,OF2113,"Adult acute and rehabilitation mental health, learning disability and autism discharges followed up within 72 hours",Q1 26/27,score,1.0,,,,8.0
Q1 2026/27,North East and Yorkshire,Mental health and community trust,Mental Health and Learning Disability,RXG,South West Yorkshire Partnership NHS Foundation Trust,Effectiveness of care and population health,Outcomes,OF2113,"Adult acute and rehabilitation mental health, learning disability and autism discharges followed up within 72 hours",Q1 26/27,score,1.0,,,,28.0
Q1 2026/27,Midlands,Mental health and community trust,Mental Health and Learning Disability,RXM,Derbyshire Healthcare NHS Foundation Trust,Effectiveness of care and population health,Outcomes,OF2113,"Adult acute and rehabilitation mental health, learning disability and autism discharges followed up within 72 hours",Q1 26/27,score,1.0,,,,10.0
Q1 2026/27,Midlands,Mental health and community trust,Mental Health and Learning Disability,RXT,Birmingham and Solihull Mental Health NHS Foundation Trust,Effectiveness of care and population health,Outcomes,OF2113,"Adult acute and rehabilitation mental health, learning disability and autism discharges followed up within 72 hours",Q1 26/27,score,1.0,,,,15.0
Q1 2026/27,North West,Mental health and community trust,Mental Health and Learning Disability,RXV,Greater Manchester Mental Health NHS Foundation Trust,Effectiveness of care and population health,Outcomes,OF2113,"Adult acute and rehabilitation mental health, learning disability and autism discharges followed up within 72 hours",Q1 26/27,score,1.0,,,,19.0
Q1 2026/27,South East,Mental health and community trust,Mental Health and Learning Disability,RXX,Surrey and Borders Partnership NHS Foundation Trust,Effectiveness of care and population health,Outcomes,OF2113,"Adult acute and rehabilitation mental health, learning disability and autism discharges followed up within 72 hours",Q1 26/27,score,1.0,,,,34.0
Q1 2026/27,South East,Mental health and community trust,Mental Health and Learning Disability,RXY,Kent and Medway Mental Health NHS Trust,Effectiveness of care and population health,Outcomes,OF2113,"Adult acute and rehabilitation mental health, learning disability and autism discharges followed up within 72 hours",Q1 26/27,score,2.0,,,,43.0
Q1 2026/27,Midlands,Mental health and community trust,Mental Health and Learning Disability,RYG,Coventry and Warwickshire Partnership NHS Trust,Effectiveness of care and population health,Outcomes,OF2113,"Adult acute and rehabilitation mental health, learning disability and autism discharges followed up within 72 hours",Q1 26/27,score,4.0,,,,47.0
Q1 2026/27,North East and Yorkshire,Mental health and community trust,Care Trust,TAD,Bradford District Care NHS Foundation Trust,Effectiveness of care and population health,Outcomes,OF2113,"Adult acute and rehabilitation mental health, learning disability and autism discharges followed up within 72 hours",Q1 26/27,score,2.0,,,,40.0
Q1 2026/27,North East and Yorkshire,Mental health and community trust,Care Trust,TAH,Sheffield Health Partnership University NHS Foundation Trust,Effectiveness of care and population health,Outcomes,OF2113,"Adult acute and rehabilitation mental health, learning disability and autism discharges followed up within 72 hours",Q1 26/27,score,2.0,,,,45.0
Q1 2026/27,Midlands,Mental health and community trust,Mental Health and Learning Disability,TAJ,Black Country Healthcare NHS Foundation Trust,Effectiveness of care and population health,Outcomes,OF2113,"Adult acute and rehabilitation mental health, learning disability and autism discharges followed up within 72 hours",Q1 26/27,score,1.0,,,,12.0
Q1 2026/27,London,Mental health and community trust,Mental Health and Learning Disability,G6V2S,North London NHS Foundation Trust,People,People and culture,OF2120,NHS staff standards sub-score,2025,score,3.95,,,,57.0
Q1 2026/27,Midlands,Mental health and community trust,Community,R1A,Herefordshire and Worcestershire Health and Care NHS Trust,People,People and culture,OF2120,NHS staff standards sub-score,2025,score,1.89,,,,18.0
Q1 2026/27,Midlands,Mental health and community trust,Community,R1D,Shropshire Community Health NHS Trust,People,People and culture,OF2120,NHS staff standards sub-score,2025,score,1.74,,,,15.0
Q1 2026/27,East,Mental health and community trust,Mental Health and Learning Disability,R1L,Essex Partnership University NHS Foundation Trust,People,People and culture,OF2120,NHS staff standards sub-score,2025,score,3.05,,,,40.0
Q1 2026/27,London,Mental health and community trust,Mental Health and Learning Disability,RAT,North East London NHS Foundation Trust,People,People and culture,OF2120,NHS staff standards sub-score,2025,score,1.95,,,,19.0
Q1 2026/27,South East,Mental health and community trust,Community,RDR,Sussex Community NHS Foundation Trust,People,People and culture,OF2120,NHS staff standards sub-score,2025,score,1.05,,,,2.0
Q1 2026/27,South West,Mental health and community trust,Mental Health and Learning Disability,RDY,Dorset Healthcare University NHS Foundation Trust,People,People and culture,OF2120,NHS staff standards sub-score,2025,score,1.53,,,,11.0
Q1 2026/27,North East and Yorkshire,Mental health and community trust,Mental Health and Learning Disability,RGD,Leeds and York Partnership NHS Foundation Trust,People,People and culture,OF2120,NHS staff standards sub-score,2025,score,3.11,,,,41.0
Q1 2026/27,Midlands,Mental health and community trust,Mental Health and Learning Disability,RHA,Nottinghamshire Healthcare NHS Foundation Trust,People,People and culture,OF2120,NHS staff standards sub-score,2025,score,3.89,,,,56.0
Q1 2026/27,South West,Mental health and community trust,Mental Health and Learning Disability,RJ8,Cornwall Partnership NHS Foundation Trust,People,People and culture,OF2120,NHS staff standards sub-score,2025,score,2.63,,,,32.0
Q1 2026/27,London,Mental health and community trust,Mental Health and Learning Disability,RKL,West London NHS Trust,People,People and culture,OF2120,NHS staff standards sub-score,2025,score,2.26,,,,25.0
Q1 2026/27,Midlands,Mental health and community trust,Mental Health and Learning Disability,RLY,North Staffordshire Combined Healthcare NHS Trust,People,People and culture,OF2120,NHS staff standards sub-score,2025,score,2.16,,,,23.0
Q1 2026/27,East,Mental health and community trust,Mental Health and Learning Disability,RMY,Norfolk and Suffolk NHS Foundation Trust,People,People and culture,OF2120,NHS staff standards sub-score,2025,score,4.0,,,,58.0
Q1 2026/27,South East,Mental health and community trust,Mental Health and Learning Disability,RNU,Oxford Health NHS Foundation Trust,People,People and culture,OF2120,NHS staff standards sub-score,2025,score,1.68,,,,14.0
Q1 2026/27,Midlands,Mental health and community trust,Mental Health and Learning Disability,RP1,Northamptonshire Healthcare NHS Foundation Trust,People,People and culture,OF2120,NHS staff standards sub-score,2025,score,1.58,,,,12.0
Q1 2026/27,Midlands,Mental health and community trust,Mental Health and Learning Disability,RP7,Lincolnshire Partnership NHS Foundation Trust,People,People and culture,OF2120,NHS staff standards sub-score,2025,score,2.32,,,,26.0
Q1 2026/27,London,Mental health and community trust,Mental Health and Learning Disability,RPG,Oxleas NHS Foundation Trust,People,People and culture,OF2120,NHS staff standards sub-score,2025,score,1.63,,,,13.0
Q1 2026/27,London,Mental health and community trust,Mental Health and Learning Disability,RQY,South West London and St George's Mental Health NHS Trust,People,People and culture,OF2120,NHS staff standards sub-score,2025,score,2.79,,,,35.0
Q1 2026/27,Midlands,Mental health and community trust,Mental Health and Learning Disability,RRE,Midlands Partnership University NHS Foundation Trust,People,People and culture,OF2120,NHS staff standards sub-score,2025,score,1.11,,,,3.0
Q1 2026/27,East,Mental health and community trust,Mental Health and Learning Disability,RT1,Cambridgeshire and Peterborough NHS Foundation Trust,People,People and culture,OF2120,NHS staff standards sub-score,2025,score,2.74,,,,34.0
Q1 2026/27,North West,Mental health and community trust,Mental Health and Learning Disability,RT2,Pennine Care NHS Foundation Trust,People,People and culture,OF2120,NHS staff standards sub-score,2025,score,3.32,,,,45.0
Q1 2026/27,Midlands,Mental health and community trust,Mental Health and Learning Disability,RT5,Leicestershire Partnership NHS Trust,People,People and culture,OF2120,NHS staff standards sub-score,2025,score,1.26,,,,6.0
Q1 2026/27,South West,Mental health and community trust,Mental Health and Learning Disability,RTQ,Gloucestershire Health and Care NHS Foundation Trust,People,People and culture,OF2120,NHS staff standards sub-score,2025,score,1.79,,,,16.0
Q1 2026/27,London,Mental health and community trust,Mental Health and Learning Disability,RV3,Central and North West London NHS Foundation Trust,People,People and culture,OF2120,NHS staff standards sub-score,2025,score,2.58,,,,31.0
Q1 2026/27,London,Mental health and community trust,Mental Health and Learning Disability,RV5,South London and Maudsley NHS Foundation Trust,People,People and culture,OF2120,NHS staff standards sub-score,2025,score,3.47,,,,48.0
Q1 2026/27,North East and Yorkshire,Mental health and community trust,Mental Health and Learning Disability,RV9,Humber Teaching NHS Foundation Trust,People,People and culture,OF2120,NHS staff standards sub-score,2025,score,2.42,,,,28.0
Q1 2026/27,South West,Mental health and community trust,Mental Health and Learning Disability,RVN,Avon and Wiltshire Mental Health Partnership NHS Trust,People,People and culture,OF2120,NHS staff standards sub-score,2025,score,3.16,,,,42.0
Q1 2026/27,South East,Mental health and community trust,Mental Health and Learning Disability,RW1,Hampshire and Isle of Wight Healthcare NHS Foundation Trust,People,People and culture,OF2120,NHS staff standards sub-score,2025,score,2.47,,,,29.0
Q1 2026/27,North West,Mental health and community trust,Mental Health and Learning Disability,RW4,Mersey Care NHS Foundation Trust,People,People and culture,OF2120,NHS staff standards sub-score,2025,score,2.37,,,,27.0
Q1 2026/27,North West,Mental health and community trust,Mental Health and Learning Disability,RW5,Lancashire & South Cumbria NHS Foundation Trust,People,People and culture,OF2120,NHS staff standards sub-score,2025,score,3.58,,,,50.0
Q1 2026/27,London,Mental health and community trust,Mental Health and Learning Disability,RWK,East London NHS Foundation Trust,People,People and culture,OF2120,NHS staff standards sub-score,2025,score,3.63,,,,51.0
Q1 2026/27,East,Mental health and community trust,Mental Health and Learning Disability,RWR,Hertfordshire Partnership University NHS Foundation Trust,People,People and culture,OF2120,NHS staff standards sub-score,2025,score,2.53,,,,30.0
Q1 2026/27,South West,Mental health and community trust,Mental Health and Learning Disability,RWV,Devon Partnership NHS Trust,People,People and culture,OF2120,NHS staff standards sub-score,2025,score,3.21,,,,43.0
Q1 2026/27,South East,Mental health and community trust,Mental Health and Learning Disability,RWX,Berkshire Healthcare NHS Foundation Trust,People,People and culture,OF2120,NHS staff standards sub-score,2025,score,1.21,,,,5.0
Q1 2026/27,South East,Mental health and community trust,Mental Health and Learning Disability,RX2,Sussex Partnership NHS Foundation Trust,People,People and culture,OF2120,NHS staff standards sub-score,2025,score,3.74,,,,53.0
Q1 2026/27,North East and Yorkshire,Mental health and community trust,Mental Health and Learning Disability,RX3,"Tees, Esk and Wear Valleys NHS Foundation Trust",People,People and culture,OF2120,NHS staff standards sub-score,2025,score,3.37,,,,46.0
Q1 2026/27,North East and Yorkshire,Mental health and community trust,Mental Health and Learning Disability,RX4,"Cumbria, Northumberland, Tyne and Wear NHS Foundation Trust",People,People and culture,OF2120,NHS staff standards sub-score,2025,score,3.42,,,,47.0
Q1 2026/27,North West,Mental health and community trust,Mental Health and Learning Disability,RXA,Cheshire and Wirral Partnership NHS Foundation Trust,People,People and culture,OF2120,NHS staff standards sub-score,2025,score,2.0,,,,20.0
Q1 2026/27,North East and Yorkshire,Mental health and community trust,Mental Health and Learning Disability,RXE,Rotherham Doncaster and South Humber NHS Foundation Trust,People,People and culture,OF2120,NHS staff standards sub-score,2025,score,2.84,,,,36.0
Q1 2026/27,North East and Yorkshire,Mental health and community trust,Mental Health and Learning Disability,RXG,South West Yorkshire Partnership NHS Foundation Trust,People,People and culture,OF2120,NHS staff standards sub-score,2025,score,2.21,,,,24.0
Q1 2026/27,Midlands,Mental health and community trust,Mental Health and Learning Disability,RXM,Derbyshire Healthcare NHS Foundation Trust,People,People and culture,OF2120,NHS staff standards sub-score,2025,score,2.05,,,,21.0
Q1 2026/27,Midlands,Mental health and community trust,Mental Health and Learning Disability,RXT,Birmingham and Solihull Mental Health NHS Foundation Trust,People,People and culture,OF2120,NHS staff standards sub-score,2025,score,2.95,,,,38.0
Q1 2026/27,North West,Mental health and community trust,Mental Health and Learning Disability,RXV,Greater Manchester Mental Health NHS Foundation Trust,People,People and culture,OF2120,NHS staff standards sub-score,2025,score,3.79,,,,54.0
Q1 2026/27,South East,Mental health and community trust,Mental Health and Learning Disability,RXX,Surrey and Borders Partnership NHS Foundation Trust,People,People and culture,OF2120,NHS staff standards sub-score,2025,score,2.68,,,,33.0
Q1 2026/27,South East,Mental health and community trust,Mental Health and Learning Disability,RXY,Kent and Medway Mental Health NHS Trust,People,People and culture,OF2120,NHS staff standards sub-score,2025,score,3.68,,,,52.0
Q1 2026/27,East,Mental health and community trust,Community,RY3,Norfolk Community Health and Care NHS Trust,People,People and culture,OF2120,NHS staff standards sub-score,2025,score,1.42,,,,9.0
Q1 2026/27,East,Mental health and community trust,Community,RY4,Hertfordshire Community NHS Trust,People,People and culture,OF2120,NHS staff standards sub-score,2025,score,1.16,,,,4.0
Q1 2026/27,Midlands,Mental health and community trust,Community,RY5,Lincolnshire Community Health Services NHS Trust,People,People and culture,OF2120,NHS staff standards sub-score,2025,score,2.89,,,,37.0
Q1 2026/27,North East and Yorkshire,Mental health and community trust,Community,RY6,Leeds Community Healthcare NHS Trust,People,People and culture,OF2120,NHS staff standards sub-score,2025,score,1.32,,,,7.0
Q1 2026/27,North West,Mental health and community trust,Community,RY7,Wirral Community Health and Care NHS Foundation Trust,People,People and culture,OF2120,NHS staff standards sub-score,2025,score,2.11,,,,22.0
Q1 2026/27,Midlands,Mental health and community trust,Community,RY8,Derbyshire Community Health Services NHS Foundation Trust,People,People and culture,OF2120,NHS staff standards sub-score,2025,score,1.47,,,,10.0
Q1 2026/27,Midlands,Mental health and community trust,Mental Health and Learning Disability,RYG,Coventry and Warwickshire Partnership NHS Trust,People,People and culture,OF2120,NHS staff standards sub-score,2025,score,3.26,,,,44.0
Q1 2026/27,Midlands,Mental health and community trust,Community,RYW,Birmingham Community Healthcare NHS Foundation Trust,People,People and culture,OF2120,NHS staff standards sub-score,2025,score,3.0,,,,39.0
Q1 2026/27,London,Mental health and community trust,Community,RYX,Central London Community Healthcare NHS Trust,People,People and culture,OF2120,NHS staff standards sub-score,2025,score,1.84,,,,17.0
Q1 2026/27,South East,Mental health and community trust,Community,RYY,Kent Community Health NHS Foundation Trust,People,People and culture,OF2120,NHS staff standards sub-score,2025,score,1.0,,,,1.0
Q1 2026/27,North East and Yorkshire,Mental health and community trust,Care Trust,TAD,Bradford District Care NHS Foundation Trust,People,People and culture,OF2120,NHS staff standards sub-score,2025,score,1.37,,,,8.0
Q1 2026/27,North East and Yorkshire,Mental health and community trust,Care Trust,TAH,Sheffield Health Partnership University NHS Foundation Trust,People,People and culture,OF2120,NHS staff standards sub-score,2025,score,3.84,,,,55.0
Q1 2026/27,Midlands,Mental health and community trust,Mental Health and Learning Disability,TAJ,Black Country Healthcare NHS Foundation Trust,People,People and culture,OF2120,NHS staff standards sub-score,2025,score,3.53,,,,49.0
Q1 2026/27,London,Mental health and community trust,Mental Health and Learning Disability,G6V2S,North London NHS Foundation Trust,People,Workforce,OF2207,Temporary staffing bank,Q1 26/27,score,4.0,,,,
Q1 2026/27,Midlands,Mental health and community trust,Community,R1A,Herefordshire and Worcestershire Health and Care NHS Trust,People,Workforce,OF2207,Temporary staffing bank,Q1 26/27,score,1.0,,,,
Q1 2026/27,Midlands,Mental health and community trust,Community,R1D,Shropshire Community Health NHS Trust,People,Workforce,OF2207,Temporary staffing bank,Q1 26/27,score,3.0,,,,
Q1 2026/27,East,Mental health and community trust,Mental Health and Learning Disability,R1L,Essex Partnership University NHS Foundation Trust,People,Workforce,OF2207,Temporary staffing bank,Q1 26/27,score,2.0,,,,
Q1 2026/27,London,Mental health and community trust,Mental Health and Learning Disability,RAT,North East London NHS Foundation Trust,People,Workforce,OF2207,Temporary staffing bank,Q1 26/27,score,2.0,,,,
Q1 2026/27,South East,Mental health and community trust,Community,RDR,Sussex Community NHS Foundation Trust,People,Workforce,OF2207,Temporary staffing bank,Q1 26/27,score,1.0,,,,
Q1 2026/27,South West,Mental health and community trust,Mental Health and Learning Disability,RDY,Dorset Healthcare University NHS Foundation Trust,People,Workforce,OF2207,Temporary staffing bank,Q1 26/27,score,2.0,,,,
Q1 2026/27,North East and Yorkshire,Mental health and community trust,Mental Health and Learning Disability,RGD,Leeds and York Partnership NHS Foundation Trust,People,Workforce,OF2207,Temporary staffing bank,Q1 26/27,score,2.0,,,,
Q1 2026/27,Midlands,Mental health and community trust,Mental Health and Learning Disability,RHA,Nottinghamshire Healthcare NHS Foundation Trust,People,Workforce,OF2207,Temporary staffing bank,Q1 26/27,score,2.0,,,,
Q1 2026/27,South West,Mental health and community trust,Mental Health and Learning Disability,RJ8,Cornwall Partnership NHS Foundation Trust,People,Workforce,OF2207,Temporary staffing bank,Q1 26/27,score,3.0,,,,
Q1 2026/27,London,Mental health and community trust,Mental Health and Learning Disability,RKL,West London NHS Trust,People,Workforce,OF2207,Temporary staffing bank,Q1 26/27,score,2.0,,,,
Q1 2026/27,Midlands,Mental health and community trust,Mental Health and Learning Disability,RLY,North Staffordshire Combined Healthcare NHS Trust,People,Workforce,OF2207,Temporary staffing bank,Q1 26/27,score,3.0,,,,
Q1 2026/27,East,Mental health and community trust,Mental Health and Learning Disability,RMY,Norfolk and Suffolk NHS Foundation Trust,People,Workforce,OF2207,Temporary staffing bank,Q1 26/27,score,3.0,,,,
Q1 2026/27,South East,Mental health and community trust,Mental Health and Learning Disability,RNU,Oxford Health NHS Foundation Trust,People,Workforce,OF2207,Temporary staffing bank,Q1 26/27,score,4.0,,,,
Q1 2026/27,Midlands,Mental health and community trust,Mental Health and Learning Disability,RP1,Northamptonshire Healthcare NHS Foundation Trust,People,Workforce,OF2207,Temporary staffing bank,Q1 26/27,score,1.0,,,,
Q1 2026/27,Midlands,Mental health and community trust,Mental Health and Learning Disability,RP7,Lincolnshire Partnership NHS Foundation Trust,People,Workforce,OF2207,Temporary staffing bank,Q1 26/27,score,1.0,,,,
Q1 2026/27,London,Mental health and community trust,Mental Health and Learning Disability,RPG,Oxleas NHS Foundation Trust,People,Workforce,OF2207,Temporary staffing bank,Q1 26/27,score,4.0,,,,
Q1 2026/27,London,Mental health and community trust,Mental Health and Learning Disability,RQY,South West London and St George's Mental Health NHS Trust,People,Workforce,OF2207,Temporary staffing bank,Q1 26/27,score,2.0,,,,
Q1 2026/27,Midlands,Mental health and community trust,Mental Health and Learning Disability,RRE,Midlands Partnership University NHS Foundation Trust,People,Workforce,OF2207,Temporary staffing bank,Q1 26/27,score,1.0,,,,
Q1 2026/27,East,Mental health and community trust,Mental Health and Learning Disability,RT1,Cambridgeshire and Peterborough NHS Foundation Trust,People,Workforce,OF2207,Temporary staffing bank,Q1 26/27,score,1.0,,,,
Q1 2026/27,North West,Mental health and community trust,Mental Health and Learning Disability,RT2,Pennine Care NHS Foundation Trust,People,Workforce,OF2207,Temporary staffing bank,Q1 26/27,score,4.0,,,,
Q1 2026/27,Midlands,Mental health and community trust,Mental Health and Learning Disability,RT5,Leicestershire Partnership NHS Trust,People,Workforce,OF2207,Temporary staffing bank,Q1 26/27,score,1.0,,,,
Q1 2026/27,South West,Mental health and community trust,Mental Health and Learning Disability,RTQ,Gloucestershire Health and Care NHS Foundation Trust,People,Workforce,OF2207,Temporary staffing bank,Q1 26/27,score,2.0,,,,
Q1 2026/27,London,Mental health and community trust,Mental Health and Learning Disability,RV3,Central and North West London NHS Foundation Trust,People,Workforce,OF2207,Temporary staffing bank,Q1 26/27,score,3.0,,,,
Q1 2026/27,London,Mental health and community trust,Mental Health and Learning Disability,RV5,South London and Maudsley NHS Foundation Trust,People,Workforce,OF2207,Temporary staffing bank,Q1 26/27,score,4.0,,,,
Q1 2026/27,North East and Yorkshire,Mental health and community trust,Mental Health and Learning Disability,RV9,Humber Teaching NHS Foundation Trust,People,Workforce,OF2207,Temporary staffing bank,Q1 26/27,score,1.0,,,,
Q1 2026/27,South West,Mental health and community trust,Mental Health and Learning Disability,RVN,Avon and Wiltshire Mental Health Partnership NHS Trust,People,Workforce,OF2207,Temporary staffing bank,Q1 26/27,score,4.0,,,,
Q1 2026/27,South East,Mental health and community trust,Mental Health and Learning Disability,RW1,Hampshire and Isle of Wight Healthcare NHS Foundation Trust,People,Workforce,OF2207,Temporary staffing bank,Q1 26/27,score,1.0,,,,
Q1 2026/27,North West,Mental health and community trust,Mental Health and Learning Disability,RW4,Mersey Care NHS Foundation Trust,People,Workforce,OF2207,Temporary staffing bank,Q1 26/27,score,2.0,,,,
Q1 2026/27,North West,Mental health and community trust,Mental Health and Learning Disability,RW5,Lancashire & South Cumbria NHS Foundation Trust,People,Workforce,OF2207,Temporary staffing bank,Q1 26/27,score,4.0,,,,
Q1 2026/27,London,Mental health and community trust,Mental Health and Learning Disability,RWK,East London NHS Foundation Trust,People,Workforce,OF2207,Temporary staffing bank,Q1 26/27,score,4.0,,,,
Q1 2026/27,East,Mental health and community trust,Mental Health and Learning Disability,RWR,Hertfordshire Partnership University NHS Foundation Trust,People,Workforce,OF2207,Temporary staffing bank,Q1 26/27,score,2.0,,,,
Q1 2026/27,South West,Mental health and community trust,Mental Health and Learning Disability,RWV,Devon Partnership NHS Trust,People,Workforce,OF2207,Temporary staffing bank,Q1 26/27,score,1.0,,,,
Q1 2026/27,South East,Mental health and community trust,Mental Health and Learning Disability,RWX,Berkshire Healthcare NHS Foundation Trust,People,Workforce,OF2207,Temporary staffing bank,Q1 26/27,score,1.0,,,,
Q1 2026/27,South East,Mental health and community trust,Mental Health and Learning Disability,RX2,Sussex Partnership NHS Foundation Trust,People,Workforce,OF2207,Temporary staffing bank,Q1 26/27,score,4.0,,,,
Q1 2026/27,North East and Yorkshire,Mental health and community trust,Mental Health and Learning Disability,RX3,"Tees, Esk and Wear Valleys NHS Foundation Trust",People,Workforce,OF2207,Temporary staffing bank,Q1 26/27,score,1.0,,,,
Q1 2026/27,North East and Yorkshire,Mental health and community trust,Mental Health and Learning Disability,RX4,"Cumbria, Northumberland, Tyne and Wear NHS Foundation Trust",People,Workforce,OF2207,Temporary staffing bank,Q1 26/27,score,1.0,,,,
Q1 2026/27,North West,Mental health and community trust,Mental Health and Learning Disability,RXA,Cheshire and Wirral Partnership NHS Foundation Trust,People,Workforce,OF2207,Temporary staffing bank,Q1 26/27,score,1.0,,,,
Q1 2026/27,North East and Yorkshire,Mental health and community trust,Mental Health and Learning Disability,RXE,Rotherham Doncaster and South Humber NHS Foundation Trust,People,Workforce,OF2207,Temporary staffing bank,Q1 26/27,score,3.0,,,,
Q1 2026/27,North East and Yorkshire,Mental health and community trust,Mental Health and Learning Disability,RXG,South West Yorkshire Partnership NHS Foundation Trust,People,Workforce,OF2207,Temporary staffing bank,Q1 26/27,score,4.0,,,,
Q1 2026/27,Midlands,Mental health and community trust,Mental Health and Learning Disability,RXM,Derbyshire Healthcare NHS Foundation Trust,People,Workforce,OF2207,Temporary staffing bank,Q1 26/27,score,3.0,,,,
Q1 2026/27,Midlands,Mental health and community trust,Mental Health and Learning Disability,RXT,Birmingham and Solihull Mental Health NHS Foundation Trust,People,Workforce,OF2207,Temporary staffing bank,Q1 26/27,score,2.0,,,,
Q1 2026/27,North West,Mental health and community trust,Mental Health and Learning Disability,RXV,Greater Manchester Mental Health NHS Foundation Trust,People,Workforce,OF2207,Temporary staffing bank,Q1 26/27,score,4.0,,,,
Q1 2026/27,South East,Mental health and community trust,Mental Health and Learning Disability,RXX,Surrey and Borders Partnership NHS Foundation Trust,People,Workforce,OF2207,Temporary staffing bank,Q1 26/27,score,4.0,,,,
Q1 2026/27,South East,Mental health and community trust,Mental Health and Learning Disability,RXY,Kent and Medway Mental Health NHS Trust,People,Workforce,OF2207,Temporary staffing bank,Q1 26/27,score,4.0,,,,
Q1 2026/27,East,Mental health and community trust,Community,RY3,Norfolk Community Health and Care NHS Trust,People,Workforce,OF2207,Temporary staffing bank,Q1 26/27,score,1.0,,,,
Q1 2026/27,East,Mental health and community trust,Community,RY4,Hertfordshire Community NHS Trust,People,Workforce,OF2207,Temporary staffing bank,Q1 26/27,score,1.0,,,,
Q1 2026/27,Midlands,Mental health and community trust,Community,RY5,Lincolnshire Community Health Services NHS Trust,People,Workforce,OF2207,Temporary staffing bank,Q1 26/27,score,1.0,,,,
Q1 2026/27,North East and Yorkshire,Mental health and community trust,Community,RY6,Leeds Community Healthcare NHS Trust,People,Workforce,OF2207,Temporary staffing bank,Q1 26/27,score,1.0,,,,
Q1 2026/27,North West,Mental health and community trust,Community,RY7,Wirral Community Health and Care NHS Foundation Trust,People,Workforce,OF2207,Temporary staffing bank,Q1 26/27,score,1.0,,,,
Q1 2026/27,Midlands,Mental health and community trust,Community,RY8,Derbyshire Community Health Services NHS Foundation Trust,People,Workforce,OF2207,Temporary staffing bank,Q1 26/27,score,1.0,,,,
Q1 2026/27,Midlands,Mental health and community trust,Mental Health and Learning Disability,RYG,Coventry and Warwickshire Partnership NHS Trust,People,Workforce,OF2207,Temporary staffing bank,Q1 26/27,score,2.0,,,,
Q1 2026/27,Midlands,Mental health and community trust,Community,RYW,Birmingham Community Healthcare NHS Foundation Trust,People,Workforce,OF2207,Temporary staffing bank,Q1 26/27,score,1.0,,,,
Q1 2026/27,London,Mental health and community trust,Community,RYX,Central London Community Healthcare NHS Trust,People,Workforce,OF2207,Temporary staffing bank,Q1 26/27,score,1.0,,,,
Q1 2026/27,South East,Mental health and community trust,Community,RYY,Kent Community Health NHS Foundation Trust,People,Workforce,OF2207,Temporary staffing bank,Q1 26/27,score,3.0,,,,
Q1 2026/27,North East and Yorkshire,Mental health and community trust,Care Trust,TAD,Bradford District Care NHS Foundation Trust,People,Workforce,OF2207,Temporary staffing bank,Q1 26/27,score,4.0,,,,
Q1 2026/27,North East and Yorkshire,Mental health and community trust,Care Trust,TAH,Sheffield Health Partnership University NHS Foundation Trust,People,Workforce,OF2207,Temporary staffing bank,Q1 26/27,score,3.0,,,,
Q1 2026/27,Midlands,Mental health and community trust,Mental Health and Learning Disability,TAJ,Black Country Healthcare NHS Foundation Trust,People,Workforce,OF2207,Temporary staffing bank,Q1 26/27,score,2.0,,,,
Q1 2026/27,London,Mental health and community trust,Mental Health and Learning Disability,G6V2S,North London NHS Foundation Trust,People,Workforce,OF2208,Temporary staffing agency,Q1 26/27,score,2.0,,,,
Q1 2026/27,Midlands,Mental health and community trust,Community,R1A,Herefordshire and Worcestershire Health and Care NHS Trust,People,Workforce,OF2208,Temporary staffing agency,Q1 26/27,score,2.0,,,,
Q1 2026/27,Midlands,Mental health and community trust,Community,R1D,Shropshire Community Health NHS Trust,People,Workforce,OF2208,Temporary staffing agency,Q1 26/27,score,4.0,,,,
Q1 2026/27,East,Mental health and community trust,Mental Health and Learning Disability,R1L,Essex Partnership University NHS Foundation Trust,People,Workforce,OF2208,Temporary staffing agency,Q1 26/27,score,2.0,,,,
Q1 2026/27,London,Mental health and community trust,Mental Health and Learning Disability,RAT,North East London NHS Foundation Trust,People,Workforce,OF2208,Temporary staffing agency,Q1 26/27,score,2.0,,,,
Q1 2026/27,South East,Mental health and community trust,Community,RDR,Sussex Community NHS Foundation Trust,People,Workforce,OF2208,Temporary staffing agency,Q1 26/27,score,1.0,,,,
Q1 2026/27,South West,Mental health and community trust,Mental Health and Learning Disability,RDY,Dorset Healthcare University NHS Foundation Trust,People,Workforce,OF2208,Temporary staffing agency,Q1 26/27,score,2.0,,,,
Q1 2026/27,North East and Yorkshire,Mental health and community trust,Mental Health and Learning Disability,RGD,Leeds and York Partnership NHS Foundation Trust,People,Workforce,OF2208,Temporary staffing agency,Q1 26/27,score,2.0,,,,
Q1 2026/27,Midlands,Mental health and community trust,Mental Health and Learning Disability,RHA,Nottinghamshire Healthcare NHS Foundation Trust,People,Workforce,OF2208,Temporary staffing agency,Q1 26/27,score,1.0,,,,
Q1 2026/27,South West,Mental health and community trust,Mental Health and Learning Disability,RJ8,Cornwall Partnership NHS Foundation Trust,People,Workforce,OF2208,Temporary staffing agency,Q1 26/27,score,1.0,,,,
Q1 2026/27,London,Mental health and community trust,Mental Health and Learning Disability,RKL,West London NHS Trust,People,Workforce,OF2208,Temporary staffing agency,Q1 26/27,score,2.0,,,,
Q1 2026/27,Midlands,Mental health and community trust,Mental Health and Learning Disability,RLY,North Staffordshire Combined Healthcare NHS Trust,People,Workforce,OF2208,Temporary staffing agency,Q1 26/27,score,2.0,,,,
Q1 2026/27,East,Mental health and community trust,Mental Health and Learning Disability,RMY,Norfolk and Suffolk NHS Foundation Trust,People,Workforce,OF2208,Temporary staffing agency,Q1 26/27,score,2.0,,,,
Q1 2026/27,South East,Mental health and community trust,Mental Health and Learning Disability,RNU,Oxford Health NHS Foundation Trust,People,Workforce,OF2208,Temporary staffing agency,Q1 26/27,score,2.0,,,,
Q1 2026/27,Midlands,Mental health and community trust,Mental Health and Learning Disability,RP1,Northamptonshire Healthcare NHS Foundation Trust,People,Workforce,OF2208,Temporary staffing agency,Q1 26/27,score,2.0,,,,
Q1 2026/27,Midlands,Mental health and community trust,Mental Health and Learning Disability,RP7,Lincolnshire Partnership NHS Foundation Trust,People,Workforce,OF2208,Temporary staffing agency,Q1 26/27,score,1.0,,,,
Q1 2026/27,London,Mental health and community trust,Mental Health and Learning Disability,RPG,Oxleas NHS Foundation Trust,People,Workforce,OF2208,Temporary staffing agency,Q1 26/27,score,2.0,,,,
Q1 2026/27,London,Mental health and community trust,Mental Health and Learning Disability,RQY,South West London and St George's Mental Health NHS Trust,People,Workforce,OF2208,Temporary staffing agency,Q1 26/27,score,2.0,,,,
Q1 2026/27,Midlands,Mental health and community trust,Mental Health and Learning Disability,RRE,Midlands Partnership University NHS Foundation Trust,People,Workforce,OF2208,Temporary staffing agency,Q1 26/27,score,4.0,,,,
Q1 2026/27,East,Mental health and community trust,Mental Health and Learning Disability,RT1,Cambridgeshire and Peterborough NHS Foundation Trust,People,Workforce,OF2208,Temporary staffing agency,Q1 26/27,score,1.0,,,,
Q1 2026/27,North West,Mental health and community trust,Mental Health and Learning Disability,RT2,Pennine Care NHS Foundation Trust,People,Workforce,OF2208,Temporary staffing agency,Q1 26/27,score,2.0,,,,
Q1 2026/27,Midlands,Mental health and community trust,Mental Health and Learning Disability,RT5,Leicestershire Partnership NHS Trust,People,Workforce,OF2208,Temporary staffing agency,Q1 26/27,score,2.0,,,,
Q1 2026/27,South West,Mental health and community trust,Mental Health and Learning Disability,RTQ,Gloucestershire Health and Care NHS Foundation Trust,People,Workforce,OF2208,Temporary staffing agency,Q1 26/27,score,2.0,,,,
Q1 2026/27,London,Mental health and community trust,Mental Health and Learning Disability,RV3,Central and North West London NHS Foundation Trust,People,Workforce,OF2208,Temporary staffing agency,Q1 26/27,score,2.0,,,,
Q1 2026/27,London,Mental health and community trust,Mental Health and Learning Disability,RV5,South London and Maudsley NHS Foundation Trust,People,Workforce,OF2208,Temporary staffing agency,Q1 26/27,score,2.0,,,,
Q1 2026/27,North East and Yorkshire,Mental health and community trust,Mental Health and Learning Disability,RV9,Humber Teaching NHS Foundation Trust,People,Workforce,OF2208,Temporary staffing agency,Q1 26/27,score,2.0,,,,
Q1 2026/27,South West,Mental health and community trust,Mental Health and Learning Disability,RVN,Avon and Wiltshire Mental Health Partnership NHS Trust,People,Workforce,OF2208,Temporary staffing agency,Q1 26/27,score,2.0,,,,
Q1 2026/27,South East,Mental health and community trust,Mental Health and Learning Disability,RW1,Hampshire and Isle of Wight Healthcare NHS Foundation Trust,People,Workforce,OF2208,Temporary staffing agency,Q1 26/27,score,2.0,,,,
Q1 2026/27,North West,Mental health and community trust,Mental Health and Learning Disability,RW4,Mersey Care NHS Foundation Trust,People,Workforce,OF2208,Temporary staffing agency,Q1 26/27,score,2.0,,,,
Q1 2026/27,North West,Mental health and community trust,Mental Health and Learning Disability,RW5,Lancashire & South Cumbria NHS Foundation Trust,People,Workforce,OF2208,Temporary staffing agency,Q1 26/27,score,4.0,,,,
Q1 2026/27,London,Mental health and community trust,Mental Health and Learning Disability,RWK,East London NHS Foundation Trust,People,Workforce,OF2208,Temporary staffing agency,Q1 26/27,score,2.0,,,,
Q1 2026/27,East,Mental health and community trust,Mental Health and Learning Disability,RWR,Hertfordshire Partnership University NHS Foundation Trust,People,Workforce,OF2208,Temporary staffing agency,Q1 26/27,score,1.0,,,,
Q1 2026/27,South West,Mental health and community trust,Mental Health and Learning Disability,RWV,Devon Partnership NHS Trust,People,Workforce,OF2208,Temporary staffing agency,Q1 26/27,score,2.0,,,,
Q1 2026/27,South East,Mental health and community trust,Mental Health and Learning Disability,RWX,Berkshire Healthcare NHS Foundation Trust,People,Workforce,OF2208,Temporary staffing agency,Q1 26/27,score,2.0,,,,
Q1 2026/27,South East,Mental health and community trust,Mental Health and Learning Disability,RX2,Sussex Partnership NHS Foundation Trust,People,Workforce,OF2208,Temporary staffing agency,Q1 26/27,score,2.0,,,,
Q1 2026/27,North East and Yorkshire,Mental health and community trust,Mental Health and Learning Disability,RX3,"Tees, Esk and Wear Valleys NHS Foundation Trust",People,Workforce,OF2208,Temporary staffing agency,Q1 26/27,score,2.0,,,,
Q1 2026/27,North East and Yorkshire,Mental health and community trust,Mental Health and Learning Disability,RX4,"Cumbria, Northumberland, Tyne and Wear NHS Foundation Trust",People,Workforce,OF2208,Temporary staffing agency,Q1 26/27,score,1.0,,,,
Q1 2026/27,North West,Mental health and community trust,Mental Health and Learning Disability,RXA,Cheshire and Wirral Partnership NHS Foundation Trust,People,Workforce,OF2208,Temporary staffing agency,Q1 26/27,score,1.0,,,,
Q1 2026/27,North East and Yorkshire,Mental health and community trust,Mental Health and Learning Disability,RXE,Rotherham Doncaster and South Humber NHS Foundation Trust,People,Workforce,OF2208,Temporary staffing agency,Q1 26/27,score,3.0,,,,
Q1 2026/27,North East and Yorkshire,Mental health and community trust,Mental Health and Learning Disability,RXG,South West Yorkshire Partnership NHS Foundation Trust,People,Workforce,OF2208,Temporary staffing agency,Q1 26/27,score,1.0,,,,
Q1 2026/27,Midlands,Mental health and community trust,Mental Health and Learning Disability,RXM,Derbyshire Healthcare NHS Foundation Trust,People,Workforce,OF2208,Temporary staffing agency,Q1 26/27,score,4.0,,,,
Q1 2026/27,Midlands,Mental health and community trust,Mental Health and Learning Disability,RXT,Birmingham and Solihull Mental Health NHS Foundation Trust,People,Workforce,OF2208,Temporary staffing agency,Q1 26/27,score,1.0,,,,
Q1 2026/27,North West,Mental health and community trust,Mental Health and Learning Disability,RXV,Greater Manchester Mental Health NHS Foundation Trust,People,Workforce,OF2208,Temporary staffing agency,Q1 26/27,score,4.0,,,,
Q1 2026/27,South East,Mental health and community trust,Mental Health and Learning Disability,RXX,Surrey and Borders Partnership NHS Foundation Trust,People,Workforce,OF2208,Temporary staffing agency,Q1 26/27,score,2.0,,,,
Q1 2026/27,South East,Mental health and community trust,Mental Health and Learning Disability,RXY,Kent and Medway Mental Health NHS Trust,People,Workforce,OF2208,Temporary staffing agency,Q1 26/27,score,4.0,,,,
Q1 2026/27,East,Mental health and community trust,Community,RY3,Norfolk Community Health and Care NHS Trust,People,Workforce,OF2208,Temporary staffing agency,Q1 26/27,score,1.0,,,,
Q1 2026/27,East,Mental health and community trust,Community,RY4,Hertfordshire Community NHS Trust,People,Workforce,OF2208,Temporary staffing agency,Q1 26/27,score,4.0,,,,
Q1 2026/27,Midlands,Mental health and community trust,Community,RY5,Lincolnshire Community Health Services NHS Trust,People,Workforce,OF2208,Temporary staffing agency,Q1 26/27,score,1.0,,,,
Q1 2026/27,North East and Yorkshire,Mental health and community trust,Community,RY6,Leeds Community Healthcare NHS Trust,People,Workforce,OF2208,Temporary staffing agency,Q1 26/27,score,2.0,,,,
Q1 2026/27,North West,Mental health and community trust,Community,RY7,Wirral Community Health and Care NHS Foundation Trust,People,Workforce,OF2208,Temporary staffing agency,Q1 26/27,score,1.0,,,,
Q1 2026/27,Midlands,Mental health and community trust,Community,RY8,Derbyshire Community Health Services NHS Foundation Trust,People,Workforce,OF2208,Temporary staffing agency,Q1 26/27,score,1.0,,,,
Q1 2026/27,Midlands,Mental health and community trust,Mental Health and Learning Disability,RYG,Coventry and Warwickshire Partnership NHS Trust,People,Workforce,OF2208,Temporary staffing agency,Q1 26/27,score,2.0,,,,
Q1 2026/27,Midlands,Mental health and community trust,Community,RYW,Birmingham Community Healthcare NHS Foundation Trust,People,Workforce,OF2208,Temporary staffing agency,Q1 26/27,score,1.0,,,,
Q1 2026/27,London,Mental health and community trust,Community,RYX,Central London Community Healthcare NHS Trust,People,Workforce,OF2208,Temporary staffing agency,Q1 26/27,score,1.0,,,,
Q1 2026/27,South East,Mental health and community trust,Community,RYY,Kent Community Health NHS Foundation Trust,People,Workforce,OF2208,Temporary staffing agency,Q1 26/27,score,1.0,,,,
Q1 2026/27,North East and Yorkshire,Mental health and community trust,Care Trust,TAD,Bradford District Care NHS Foundation Trust,People,Workforce,OF2208,Temporary staffing agency,Q1 26/27,score,4.0,,,,
Q1 2026/27,North East and Yorkshire,Mental health and community trust,Care Trust,TAH,Sheffield Health Partnership University NHS Foundation Trust,People,Workforce,OF2208,Temporary staffing agency,Q1 26/27,score,4.0,,,,
Q1 2026/27,Midlands,Mental health and community trust,Mental Health and Learning Disability,TAJ,Black Country Healthcare NHS Foundation Trust,People,Workforce,OF2208,Temporary staffing agency,Q1 26/27,score,2.0,,,,
Q1 2026/27,London,Mental health and community trust,Mental Health and Learning Disability,G6V2S,North London NHS Foundation Trust,Access to services,Access to services domain score,OF4200,Access to services domain score,Q1 26/27,score,3.0,,,,38.0
Q1 2026/27,Midlands,Mental health and community trust,Community,R1A,Herefordshire and Worcestershire Health and Care NHS Trust,Access to services,Access to services domain score,OF4200,Access to services domain score,Q1 26/27,score,2.32,,,,22.0
Q1 2026/27,Midlands,Mental health and community trust,Community,R1D,Shropshire Community Health NHS Trust,Access to services,Access to services domain score,OF4200,Access to services domain score,Q1 26/27,score,1.51,,,,10.0
Q1 2026/27,East,Mental health and community trust,Mental Health and Learning Disability,R1L,Essex Partnership University NHS Foundation Trust,Access to services,Access to services domain score,OF4200,Access to services domain score,Q1 26/27,score,2.0,,,,13.0
Q1 2026/27,London,Mental health and community trust,Mental Health and Learning Disability,RAT,North East London NHS Foundation Trust,Access to services,Access to services domain score,OF4200,Access to services domain score,Q1 26/27,score,2.71,,,,34.0
Q1 2026/27,South East,Mental health and community trust,Community,RDR,Sussex Community NHS Foundation Trust,Access to services,Access to services domain score,OF4200,Access to services domain score,Q1 26/27,score,3.19,,,,52.0
Q1 2026/27,South West,Mental health and community trust,Mental Health and Learning Disability,RDY,Dorset Healthcare University NHS Foundation Trust,Access to services,Access to services domain score,OF4200,Access to services domain score,Q1 26/27,score,2.0,,,,13.0
Q1 2026/27,North East and Yorkshire,Mental health and community trust,Mental Health and Learning Disability,RGD,Leeds and York Partnership NHS Foundation Trust,Access to services,Access to services domain score,OF4200,Access to services domain score,Q1 26/27,score,2.5,,,,26.0
Q1 2026/27,Midlands,Mental health and community trust,Mental Health and Learning Disability,RHA,Nottinghamshire Healthcare NHS Foundation Trust,Access to services,Access to services domain score,OF4200,Access to services domain score,Q1 26/27,score,1.48,,,,7.0
Q1 2026/27,South West,Mental health and community trust,Mental Health and Learning Disability,RJ8,Cornwall Partnership NHS Foundation Trust,Access to services,Access to services domain score,OF4200,Access to services domain score,Q1 26/27,score,3.05,,,,48.0
Q1 2026/27,London,Mental health and community trust,Mental Health and Learning Disability,RKL,West London NHS Trust,Access to services,Access to services domain score,OF4200,Access to services domain score,Q1 26/27,score,2.14,,,,19.0
Q1 2026/27,Midlands,Mental health and community trust,Mental Health and Learning Disability,RLY,North Staffordshire Combined Healthcare NHS Trust,Access to services,Access to services domain score,OF4200,Access to services domain score,Q1 26/27,score,3.0,,,,38.0
Q1 2026/27,East,Mental health and community trust,Mental Health and Learning Disability,RMY,Norfolk and Suffolk NHS Foundation Trust,Access to services,Access to services domain score,OF4200,Access to services domain score,Q1 26/27,score,3.0,,,,38.0
Q1 2026/27,South East,Mental health and community trust,Mental Health and Learning Disability,RNU,Oxford Health NHS Foundation Trust,Access to services,Access to services domain score,OF4200,Access to services domain score,Q1 26/27,score,3.14,,,,51.0
Q1 2026/27,Midlands,Mental health and community trust,Mental Health and Learning Disability,RP1,Northamptonshire Healthcare NHS Foundation Trust,Access to services,Access to services domain score,OF4200,Access to services domain score,Q1 26/27,score,3.3,,,,53.0
Q1 2026/27,Midlands,Mental health and community trust,Mental Health and Learning Disability,RP7,Lincolnshire Partnership NHS Foundation Trust,Access to services,Access to services domain score,OF4200,Access to services domain score,Q1 26/27,score,1.5,,,,8.0
Q1 2026/27,London,Mental health and community trust,Mental Health and Learning Disability,RPG,Oxleas NHS Foundation Trust,Access to services,Access to services domain score,OF4200,Access to services domain score,Q1 26/27,score,3.12,,,,49.0
Q1 2026/27,London,Mental health and community trust,Mental Health and Learning Disability,RQY,South West London and St George's Mental Health NHS Trust,Access to services,Access to services domain score,OF4200,Access to services domain score,Q1 26/27,score,2.5,,,,26.0
Q1 2026/27,Midlands,Mental health and community trust,Mental Health and Learning Disability,RRE,Midlands Partnership University NHS Foundation Trust,Access to services,Access to services domain score,OF4200,Access to services domain score,Q1 26/27,score,1.75,,,,11.0
Q1 2026/27,East,Mental health and community trust,Mental Health and Learning Disability,RT1,Cambridgeshire and Peterborough NHS Foundation Trust,Access to services,Access to services domain score,OF4200,Access to services domain score,Q1 26/27,score,2.48,,,,25.0
Q1 2026/27,North West,Mental health and community trust,Mental Health and Learning Disability,RT2,Pennine Care NHS Foundation Trust,Access to services,Access to services domain score,OF4200,Access to services domain score,Q1 26/27,score,4.0,,,,58.0
Q1 2026/27,Midlands,Mental health and community trust,Mental Health and Learning Disability,RT5,Leicestershire Partnership NHS Trust,Access to services,Access to services domain score,OF4200,Access to services domain score,Q1 26/27,score,3.04,,,,47.0
Q1 2026/27,South West,Mental health and community trust,Mental Health and Learning Disability,RTQ,Gloucestershire Health and Care NHS Foundation Trust,Access to services,Access to services domain score,OF4200,Access to services domain score,Q1 26/27,score,2.7,,,,33.0
Q1 2026/27,London,Mental health and community trust,Mental Health and Learning Disability,RV3,Central and North West London NHS Foundation Trust,Access to services,Access to services domain score,OF4200,Access to services domain score,Q1 26/27,score,1.0,,,,1.0
Q1 2026/27,London,Mental health and community trust,Mental Health and Learning Disability,RV5,South London and Maudsley NHS Foundation Trust,Access to services,Access to services domain score,OF4200,Access to services domain score,Q1 26/27,score,3.0,,,,38.0
Q1 2026/27,North East and Yorkshire,Mental health and community trust,Mental Health and Learning Disability,RV9,Humber Teaching NHS Foundation Trust,Access to services,Access to services domain score,OF4200,Access to services domain score,Q1 26/27,score,2.5,,,,26.0
Q1 2026/27,South West,Mental health and community trust,Mental Health and Learning Disability,RVN,Avon and Wiltshire Mental Health Partnership NHS Trust,Access to services,Access to services domain score,OF4200,Access to services domain score,Q1 26/27,score,3.0,,,,38.0
Q1 2026/27,South East,Mental health and community trust,Mental Health and Learning Disability,RW1,Hampshire and Isle of Wight Healthcare NHS Foundation Trust,Access to services,Access to services domain score,OF4200,Access to services domain score,Q1 26/27,score,2.57,,,,32.0
Q1 2026/27,North West,Mental health and community trust,Mental Health and Learning Disability,RW4,Mersey Care NHS Foundation Trust,Access to services,Access to services domain score,OF4200,Access to services domain score,Q1 26/27,score,1.25,,,,5.0
Q1 2026/27,North West,Mental health and community trust,Mental Health and Learning Disability,RW5,Lancashire & South Cumbria NHS Foundation Trust,Access to services,Access to services domain score,OF4200,Access to services domain score,Q1 26/27,score,2.0,,,,13.0
Q1 2026/27,London,Mental health and community trust,Mental Health and Learning Disability,RWK,East London NHS Foundation Trust,Access to services,Access to services domain score,OF4200,Access to services domain score,Q1 26/27,score,2.03,,,,18.0
Q1 2026/27,East,Mental health and community trust,Mental Health and Learning Disability,RWR,Hertfordshire Partnership University NHS Foundation Trust,Access to services,Access to services domain score,OF4200,Access to services domain score,Q1 26/27,score,2.0,,,,13.0
Q1 2026/27,South West,Mental health and community trust,Mental Health and Learning Disability,RWV,Devon Partnership NHS Trust,Access to services,Access to services domain score,OF4200,Access to services domain score,Q1 26/27,score,3.13,,,,50.0
Q1 2026/27,South East,Mental health and community trust,Mental Health and Learning Disability,RWX,Berkshire Healthcare NHS Foundation Trust,Access to services,Access to services domain score,OF4200,Access to services domain score,Q1 26/27,score,2.36,,,,24.0
Q1 2026/27,South East,Mental health and community trust,Mental Health and Learning Disability,RX2,Sussex Partnership NHS Foundation Trust,Access to services,Access to services domain score,OF4200,Access to services domain score,Q1 26/27,score,3.5,,,,57.0
Q1 2026/27,North East and Yorkshire,Mental health and community trust,Mental Health and Learning Disability,RX3,"Tees, Esk and Wear Valleys NHS Foundation Trust",Access to services,Access to services domain score,OF4200,Access to services domain score,Q1 26/27,score,2.5,,,,26.0
Q1 2026/27,North East and Yorkshire,Mental health and community trust,Mental Health and Learning Disability,RX4,"Cumbria, Northumberland, Tyne and Wear NHS Foundation Trust",Access to services,Access to services domain score,OF4200,Access to services domain score,Q1 26/27,score,2.5,,,,26.0
Q1 2026/27,North West,Mental health and community trust,Mental Health and Learning Disability,RXA,Cheshire and Wirral Partnership NHS Foundation Trust,Access to services,Access to services domain score,OF4200,Access to services domain score,Q1 26/27,score,2.35,,,,23.0
Q1 2026/27,North East and Yorkshire,Mental health and community trust,Mental Health and Learning Disability,RXE,Rotherham Doncaster and South Humber NHS Foundation Trust,Access to services,Access to services domain score,OF4200,Access to services domain score,Q1 26/27,score,2.25,,,,20.0
Q1 2026/27,North East and Yorkshire,Mental health and community trust,Mental Health and Learning Disability,RXG,South West Yorkshire Partnership NHS Foundation Trust,Access to services,Access to services domain score,OF4200,Access to services domain score,Q1 26/27,score,2.25,,,,20.0
Q1 2026/27,Midlands,Mental health and community trust,Mental Health and Learning Disability,RXM,Derbyshire Healthcare NHS Foundation Trust,Access to services,Access to services domain score,OF4200,Access to services domain score,Q1 26/27,score,3.42,,,,56.0
Q1 2026/27,Midlands,Mental health and community trust,Mental Health and Learning Disability,RXT,Birmingham and Solihull Mental Health NHS Foundation Trust,Access to services,Access to services domain score,OF4200,Access to services domain score,Q1 26/27,score,3.0,,,,38.0
Q1 2026/27,North West,Mental health and community trust,Mental Health and Learning Disability,RXV,Greater Manchester Mental Health NHS Foundation Trust,Access to services,Access to services domain score,OF4200,Access to services domain score,Q1 26/27,score,3.0,,,,38.0
Q1 2026/27,South East,Mental health and community trust,Mental Health and Learning Disability,RXX,Surrey and Borders Partnership NHS Foundation Trust,Access to services,Access to services domain score,OF4200,Access to services domain score,Q1 26/27,score,3.0,,,,38.0
Q1 2026/27,South East,Mental health and community trust,Mental Health and Learning Disability,RXY,Kent and Medway Mental Health NHS Trust,Access to services,Access to services domain score,OF4200,Access to services domain score,Q1 26/27,score,3.0,,,,38.0
Q1 2026/27,East,Mental health and community trust,Community,RY3,Norfolk Community Health and Care NHS Trust,Access to services,Access to services domain score,OF4200,Access to services domain score,Q1 26/27,score,2.91,,,,37.0
Q1 2026/27,East,Mental health and community trust,Community,RY4,Hertfordshire Community NHS Trust,Access to services,Access to services domain score,OF4200,Access to services domain score,Q1 26/27,score,1.39,,,,6.0
Q1 2026/27,Midlands,Mental health and community trust,Community,RY5,Lincolnshire Community Health Services NHS Trust,Access to services,Access to services domain score,OF4200,Access to services domain score,Q1 26/27,score,1.0,,,,1.0
Q1 2026/27,North East and Yorkshire,Mental health and community trust,Community,RY6,Leeds Community Healthcare NHS Trust,Access to services,Access to services domain score,OF4200,Access to services domain score,Q1 26/27,score,2.71,,,,34.0
Q1 2026/27,North West,Mental health and community trust,Community,RY7,Wirral Community Health and Care NHS Foundation Trust,Access to services,Access to services domain score,OF4200,Access to services domain score,Q1 26/27,score,1.0,,,,1.0
Q1 2026/27,Midlands,Mental health and community trust,Community,RY8,Derbyshire Community Health Services NHS Foundation Trust,Access to services,Access to services domain score,OF4200,Access to services domain score,Q1 26/27,score,1.5,,,,8.0
Q1 2026/27,Midlands,Mental health and community trust,Mental Health and Learning Disability,RYG,Coventry and Warwickshire Partnership NHS Trust,Access to services,Access to services domain score,OF4200,Access to services domain score,Q1 26/27,score,3.39,,,,54.0
Q1 2026/27,Midlands,Mental health and community trust,Community,RYW,Birmingham Community Healthcare NHS Foundation Trust,Access to services,Access to services domain score,OF4200,Access to services domain score,Q1 26/27,score,3.41,,,,55.0
Q1 2026/27,London,Mental health and community trust,Community,RYX,Central London Community Healthcare NHS Trust,Access to services,Access to services domain score,OF4200,Access to services domain score,Q1 26/27,score,1.0,,,,1.0
Q1 2026/27,South East,Mental health and community trust,Community,RYY,Kent Community Health NHS Foundation Trust,Access to services,Access to services domain score,OF4200,Access to services domain score,Q1 26/27,score,2.0,,,,13.0
Q1 2026/27,North East and Yorkshire,Mental health and community trust,Care Trust,TAD,Bradford District Care NHS Foundation Trust,Access to services,Access to services domain score,OF4200,Access to services domain score,Q1 26/27,score,2.5,,,,26.0
Q1 2026/27,North East and Yorkshire,Mental health and community trust,Care Trust,TAH,Sheffield Health Partnership University NHS Foundation Trust,Access to services,Access to services domain score,OF4200,Access to services domain score,Q1 26/27,score,1.75,,,,11.0
Q1 2026/27,Midlands,Mental health and community trust,Mental Health and Learning Disability,TAJ,Black Country Healthcare NHS Foundation Trust,Access to services,Access to services domain score,OF4200,Access to services domain score,Q1 26/27,score,2.75,,,,36.0
Q1 2026/27,London,Mental health and community trust,Mental Health and Learning Disability,G6V2S,North London NHS Foundation Trust,Patient safety,Patient safety domain score,OF4202,Patient safety domain score,Q1 26/27,score,2.47,,,,39.0
Q1 2026/27,Midlands,Mental health and community trust,Community,R1A,Herefordshire and Worcestershire Health and Care NHS Trust,Patient safety,Patient safety domain score,OF4202,Patient safety domain score,Q1 26/27,score,2.37,,,,35.0
Q1 2026/27,Midlands,Mental health and community trust,Community,R1D,Shropshire Community Health NHS Trust,Patient safety,Patient safety domain score,OF4202,Patient safety domain score,Q1 26/27,score,3.37,,,,53.0
Q1 2026/27,East,Mental health and community trust,Mental Health and Learning Disability,R1L,Essex Partnership University NHS Foundation Trust,Patient safety,Patient safety domain score,OF4202,Patient safety domain score,Q1 26/27,score,3.0,,,,47.0
Q1 2026/27,London,Mental health and community trust,Mental Health and Learning Disability,RAT,North East London NHS Foundation Trust,Patient safety,Patient safety domain score,OF4202,Patient safety domain score,Q1 26/27,score,1.61,,,,15.0
Q1 2026/27,South East,Mental health and community trust,Community,RDR,Sussex Community NHS Foundation Trust,Patient safety,Patient safety domain score,OF4202,Patient safety domain score,Q1 26/27,score,1.26,,,,6.0
Q1 2026/27,South West,Mental health and community trust,Mental Health and Learning Disability,RDY,Dorset Healthcare University NHS Foundation Trust,Patient safety,Patient safety domain score,OF4202,Patient safety domain score,Q1 26/27,score,2.39,,,,37.0
Q1 2026/27,North East and Yorkshire,Mental health and community trust,Mental Health and Learning Disability,RGD,Leeds and York Partnership NHS Foundation Trust,Patient safety,Patient safety domain score,OF4202,Patient safety domain score,Q1 26/27,score,2.32,,,,33.0
Q1 2026/27,Midlands,Mental health and community trust,Mental Health and Learning Disability,RHA,Nottinghamshire Healthcare NHS Foundation Trust,Patient safety,Patient safety domain score,OF4202,Patient safety domain score,Q1 26/27,score,2.95,,,,45.0
Q1 2026/27,South West,Mental health and community trust,Mental Health and Learning Disability,RJ8,Cornwall Partnership NHS Foundation Trust,Patient safety,Patient safety domain score,OF4202,Patient safety domain score,Q1 26/27,score,2.05,,,,25.0
Q1 2026/27,London,Mental health and community trust,Mental Health and Learning Disability,RKL,West London NHS Trust,Patient safety,Patient safety domain score,OF4202,Patient safety domain score,Q1 26/27,score,2.08,,,,26.0
Q1 2026/27,Midlands,Mental health and community trust,Mental Health and Learning Disability,RLY,North Staffordshire Combined Healthcare NHS Trust,Patient safety,Patient safety domain score,OF4202,Patient safety domain score,Q1 26/27,score,2.26,,,,30.0
Q1 2026/27,East,Mental health and community trust,Mental Health and Learning Disability,RMY,Norfolk and Suffolk NHS Foundation Trust,Patient safety,Patient safety domain score,OF4202,Patient safety domain score,Q1 26/27,score,3.0,,,,47.0
Q1 2026/27,South East,Mental health and community trust,Mental Health and Learning Disability,RNU,Oxford Health NHS Foundation Trust,Patient safety,Patient safety domain score,OF4202,Patient safety domain score,Q1 26/27,score,1.21,,,,3.0
Q1 2026/27,Midlands,Mental health and community trust,Mental Health and Learning Disability,RP1,Northamptonshire Healthcare NHS Foundation Trust,Patient safety,Patient safety domain score,OF4202,Patient safety domain score,Q1 26/27,score,1.42,,,,12.0
Q1 2026/27,Midlands,Mental health and community trust,Mental Health and Learning Disability,RP7,Lincolnshire Partnership NHS Foundation Trust,Patient safety,Patient safety domain score,OF4202,Patient safety domain score,Q1 26/27,score,3.39,,,,54.0
Q1 2026/27,London,Mental health and community trust,Mental Health and Learning Disability,RPG,Oxleas NHS Foundation Trust,Patient safety,Patient safety domain score,OF4202,Patient safety domain score,Q1 26/27,score,1.34,,,,9.0
Q1 2026/27,London,Mental health and community trust,Mental Health and Learning Disability,RQY,South West London and St George's Mental Health NHS Trust,Patient safety,Patient safety domain score,OF4202,Patient safety domain score,Q1 26/27,score,2.26,,,,30.0
Q1 2026/27,Midlands,Mental health and community trust,Mental Health and Learning Disability,RRE,Midlands Partnership University NHS Foundation Trust,Patient safety,Patient safety domain score,OF4202,Patient safety domain score,Q1 26/27,score,1.58,,,,14.0
Q1 2026/27,East,Mental health and community trust,Mental Health and Learning Disability,RT1,Cambridgeshire and Peterborough NHS Foundation Trust,Patient safety,Patient safety domain score,OF4202,Patient safety domain score,Q1 26/27,score,2.53,,,,40.0
Q1 2026/27,North West,Mental health and community trust,Mental Health and Learning Disability,RT2,Pennine Care NHS Foundation Trust,Patient safety,Patient safety domain score,OF4202,Patient safety domain score,Q1 26/27,score,3.63,,,,57.0
Q1 2026/27,Midlands,Mental health and community trust,Mental Health and Learning Disability,RT5,Leicestershire Partnership NHS Trust,Patient safety,Patient safety domain score,OF4202,Patient safety domain score,Q1 26/27,score,1.29,,,,7.0
Q1 2026/27,South West,Mental health and community trust,Mental Health and Learning Disability,RTQ,Gloucestershire Health and Care NHS Foundation Trust,Patient safety,Patient safety domain score,OF4202,Patient safety domain score,Q1 26/27,score,1.63,,,,16.0
Q1 2026/27,London,Mental health and community trust,Mental Health and Learning Disability,RV3,Central and North West London NHS Foundation Trust,Patient safety,Patient safety domain score,OF4202,Patient safety domain score,Q1 26/27,score,1.71,,,,18.0
Q1 2026/27,London,Mental health and community trust,Mental Health and Learning Disability,RV5,South London and Maudsley NHS Foundation Trust,Patient safety,Patient safety domain score,OF4202,Patient safety domain score,Q1 26/27,score,2.26,,,,30.0
Q1 2026/27,North East and Yorkshire,Mental health and community trust,Mental Health and Learning Disability,RV9,Humber Teaching NHS Foundation Trust,Patient safety,Patient safety domain score,OF4202,Patient safety domain score,Q1 26/27,score,1.24,,,,5.0
Q1 2026/27,South West,Mental health and community trust,Mental Health and Learning Disability,RVN,Avon and Wiltshire Mental Health Partnership NHS Trust,Patient safety,Patient safety domain score,OF4202,Patient safety domain score,Q1 26/27,score,2.45,,,,38.0
Q1 2026/27,South East,Mental health and community trust,Mental Health and Learning Disability,RW1,Hampshire and Isle of Wight Healthcare NHS Foundation Trust,Patient safety,Patient safety domain score,OF4202,Patient safety domain score,Q1 26/27,score,2.18,,,,29.0
Q1 2026/27,North West,Mental health and community trust,Mental Health and Learning Disability,RW4,Mersey Care NHS Foundation Trust,Patient safety,Patient safety domain score,OF4202,Patient safety domain score,Q1 26/27,score,1.97,,,,21.0
Q1 2026/27,North West,Mental health and community trust,Mental Health and Learning Disability,RW5,Lancashire & South Cumbria NHS Foundation Trust,Patient safety,Patient safety domain score,OF4202,Patient safety domain score,Q1 26/27,score,3.66,,,,58.0
Q1 2026/27,London,Mental health and community trust,Mental Health and Learning Disability,RWK,East London NHS Foundation Trust,Patient safety,Patient safety domain score,OF4202,Patient safety domain score,Q1 26/27,score,2.16,,,,28.0
Q1 2026/27,East,Mental health and community trust,Mental Health and Learning Disability,RWR,Hertfordshire Partnership University NHS Foundation Trust,Patient safety,Patient safety domain score,OF4202,Patient safety domain score,Q1 26/27,score,1.95,,,,20.0
Q1 2026/27,South West,Mental health and community trust,Mental Health and Learning Disability,RWV,Devon Partnership NHS Trust,Patient safety,Patient safety domain score,OF4202,Patient safety domain score,Q1 26/27,score,2.11,,,,27.0
Q1 2026/27,South East,Mental health and community trust,Mental Health and Learning Disability,RWX,Berkshire Healthcare NHS Foundation Trust,Patient safety,Patient safety domain score,OF4202,Patient safety domain score,Q1 26/27,score,2.0,,,,22.0
Q1 2026/27,South East,Mental health and community trust,Mental Health and Learning Disability,RX2,Sussex Partnership NHS Foundation Trust,Patient safety,Patient safety domain score,OF4202,Patient safety domain score,Q1 26/27,score,3.42,,,,56.0
Q1 2026/27,North East and Yorkshire,Mental health and community trust,Mental Health and Learning Disability,RX3,"Tees, Esk and Wear Valleys NHS Foundation Trust",Patient safety,Patient safety domain score,OF4202,Patient safety domain score,Q1 26/27,score,1.79,,,,19.0
Q1 2026/27,North East and Yorkshire,Mental health and community trust,Mental Health and Learning Disability,RX4,"Cumbria, Northumberland, Tyne and Wear NHS Foundation Trust",Patient safety,Patient safety domain score,OF4202,Patient safety domain score,Q1 26/27,score,2.58,,,,41.0
Q1 2026/27,North West,Mental health and community trust,Mental Health and Learning Disability,RXA,Cheshire and Wirral Partnership NHS Foundation Trust,Patient safety,Patient safety domain score,OF4202,Patient safety domain score,Q1 26/27,score,2.03,,,,24.0
Q1 2026/27,North East and Yorkshire,Mental health and community trust,Mental Health and Learning Disability,RXE,Rotherham Doncaster and South Humber NHS Foundation Trust,Patient safety,Patient safety domain score,OF4202,Patient safety domain score,Q1 26/27,score,3.21,,,,49.0
Q1 2026/27,North East and Yorkshire,Mental health and community trust,Mental Health and Learning Disability,RXG,South West Yorkshire Partnership NHS Foundation Trust,Patient safety,Patient safety domain score,OF4202,Patient safety domain score,Q1 26/27,score,1.37,,,,10.0
Q1 2026/27,Midlands,Mental health and community trust,Mental Health and Learning Disability,RXM,Derbyshire Healthcare NHS Foundation Trust,Patient safety,Patient safety domain score,OF4202,Patient safety domain score,Q1 26/27,score,2.34,,,,34.0
Q1 2026/27,Midlands,Mental health and community trust,Mental Health and Learning Disability,RXT,Birmingham and Solihull Mental Health NHS Foundation Trust,Patient safety,Patient safety domain score,OF4202,Patient safety domain score,Q1 26/27,score,3.24,,,,50.0
Q1 2026/27,North West,Mental health and community trust,Mental Health and Learning Disability,RXV,Greater Manchester Mental Health NHS Foundation Trust,Patient safety,Patient safety domain score,OF4202,Patient safety domain score,Q1 26/27,score,3.32,,,,52.0
Q1 2026/27,South East,Mental health and community trust,Mental Health and Learning Disability,RXX,Surrey and Borders Partnership NHS Foundation Trust,Patient safety,Patient safety domain score,OF4202,Patient safety domain score,Q1 26/27,score,2.74,,,,42.0
Q1 2026/27,South East,Mental health and community trust,Mental Health and Learning Disability,RXY,Kent and Medway Mental Health NHS Trust,Patient safety,Patient safety domain score,OF4202,Patient safety domain score,Q1 26/27,score,2.37,,,,35.0
Q1 2026/27,East,Mental health and community trust,Community,RY3,Norfolk Community Health and Care NHS Trust,Patient safety,Patient safety domain score,OF4202,Patient safety domain score,Q1 26/27,score,1.21,,,,3.0
Q1 2026/27,East,Mental health and community trust,Community,RY4,Hertfordshire Community NHS Trust,Patient safety,Patient safety domain score,OF4202,Patient safety domain score,Q1 26/27,score,1.11,,,,2.0
Q1 2026/27,Midlands,Mental health and community trust,Community,RY5,Lincolnshire Community Health Services NHS Trust,Patient safety,Patient safety domain score,OF4202,Patient safety domain score,Q1 26/27,score,2.95,,,,45.0
Q1 2026/27,North East and Yorkshire,Mental health and community trust,Community,RY6,Leeds Community Healthcare NHS Trust,Patient safety,Patient safety domain score,OF4202,Patient safety domain score,Q1 26/27,score,1.37,,,,10.0
Q1 2026/27,North West,Mental health and community trust,Community,RY7,Wirral Community Health and Care NHS Foundation Trust,Patient safety,Patient safety domain score,OF4202,Patient safety domain score,Q1 26/27,score,1.63,,,,16.0
Q1 2026/27,Midlands,Mental health and community trust,Community,RY8,Derbyshire Community Health Services NHS Foundation Trust,Patient safety,Patient safety domain score,OF4202,Patient safety domain score,Q1 26/27,score,1.32,,,,8.0
Q1 2026/27,Midlands,Mental health and community trust,Mental Health and Learning Disability,RYG,Coventry and Warwickshire Partnership NHS Trust,Patient safety,Patient safety domain score,OF4202,Patient safety domain score,Q1 26/27,score,3.29,,,,51.0
Q1 2026/27,Midlands,Mental health and community trust,Community,RYW,Birmingham Community Healthcare NHS Foundation Trust,Patient safety,Patient safety domain score,OF4202,Patient safety domain score,Q1 26/27,score,2.84,,,,43.0
Q1 2026/27,London,Mental health and community trust,Community,RYX,Central London Community Healthcare NHS Trust,Patient safety,Patient safety domain score,OF4202,Patient safety domain score,Q1 26/27,score,2.0,,,,22.0
Q1 2026/27,South East,Mental health and community trust,Community,RYY,Kent Community Health NHS Foundation Trust,Patient safety,Patient safety domain score,OF4202,Patient safety domain score,Q1 26/27,score,1.05,,,,1.0
Q1 2026/27,North East and Yorkshire,Mental health and community trust,Care Trust,TAD,Bradford District Care NHS Foundation Trust,Patient safety,Patient safety domain score,OF4202,Patient safety domain score,Q1 26/27,score,1.55,,,,13.0
Q1 2026/27,North East and Yorkshire,Mental health and community trust,Care Trust,TAH,Sheffield Health Partnership University NHS Foundation Trust,Patient safety,Patient safety domain score,OF4202,Patient safety domain score,Q1 26/27,score,2.84,,,,43.0
Q1 2026/27,Midlands,Mental health and community trust,Mental Health and Learning Disability,TAJ,Black Country Healthcare NHS Foundation Trust,Patient safety,Patient safety domain score,OF4202,Patient safety domain score,Q1 26/27,score,3.39,,,,54.0
Q1 2026/27,London,Mental health and community trust,Mental Health and Learning Disability,G6V2S,North London NHS Foundation Trust,"Finance, productivity and innovation","Finance, productivity and innovation domain score",OF4203,"Finance, productivity and innovation domain score",Q1 26/27,score,1.3,,,,6.0
Q1 2026/27,Midlands,Mental health and community trust,Community,R1A,Herefordshire and Worcestershire Health and Care NHS Trust,"Finance, productivity and innovation","Finance, productivity and innovation domain score",OF4203,"Finance, productivity and innovation domain score",Q1 26/27,score,1.95,,,,21.0
Q1 2026/27,Midlands,Mental health and community trust,Community,R1D,Shropshire Community Health NHS Trust,"Finance, productivity and innovation","Finance, productivity and innovation domain score",OF4203,"Finance, productivity and innovation domain score",Q1 26/27,score,1.8,,,,19.0
Q1 2026/27,East,Mental health and community trust,Mental Health and Learning Disability,R1L,Essex Partnership University NHS Foundation Trust,"Finance, productivity and innovation","Finance, productivity and innovation domain score",OF4203,"Finance, productivity and innovation domain score",Q1 26/27,score,2.31,,,,38.0
Q1 2026/27,London,Mental health and community trust,Mental Health and Learning Disability,RAT,North East London NHS Foundation Trust,"Finance, productivity and innovation","Finance, productivity and innovation domain score",OF4203,"Finance, productivity and innovation domain score",Q1 26/27,score,1.83,,,,20.0
Q1 2026/27,South East,Mental health and community trust,Community,RDR,Sussex Community NHS Foundation Trust,"Finance, productivity and innovation","Finance, productivity and innovation domain score",OF4203,"Finance, productivity and innovation domain score",Q1 26/27,score,2.43,,,,41.0
Q1 2026/27,South West,Mental health and community trust,Mental Health and Learning Disability,RDY,Dorset Healthcare University NHS Foundation Trust,"Finance, productivity and innovation","Finance, productivity and innovation domain score",OF4203,"Finance, productivity and innovation domain score",Q1 26/27,score,2.6,,,,43.0
Q1 2026/27,North East and Yorkshire,Mental health and community trust,Mental Health and Learning Disability,RGD,Leeds and York Partnership NHS Foundation Trust,"Finance, productivity and innovation","Finance, productivity and innovation domain score",OF4203,"Finance, productivity and innovation domain score",Q1 26/27,score,2.19,,,,33.0
Q1 2026/27,Midlands,Mental health and community trust,Mental Health and Learning Disability,RHA,Nottinghamshire Healthcare NHS Foundation Trust,"Finance, productivity and innovation","Finance, productivity and innovation domain score",OF4203,"Finance, productivity and innovation domain score",Q1 26/27,score,3.14,,,,55.0
Q1 2026/27,South West,Mental health and community trust,Mental Health and Learning Disability,RJ8,Cornwall Partnership NHS Foundation Trust,"Finance, productivity and innovation","Finance, productivity and innovation domain score",OF4203,"Finance, productivity and innovation domain score",Q1 26/27,score,2.66,,,,44.0
Q1 2026/27,London,Mental health and community trust,Mental Health and Learning Disability,RKL,West London NHS Trust,"Finance, productivity and innovation","Finance, productivity and innovation domain score",OF4203,"Finance, productivity and innovation domain score",Q1 26/27,score,1.06,,,,2.0
Q1 2026/27,Midlands,Mental health and community trust,Mental Health and Learning Disability,RLY,North Staffordshire Combined Healthcare NHS Trust,"Finance, productivity and innovation","Finance, productivity and innovation domain score",OF4203,"Finance, productivity and innovation domain score",Q1 26/27,score,1.76,,,,16.0
Q1 2026/27,East,Mental health and community trust,Mental Health and Learning Disability,RMY,Norfolk and Suffolk NHS Foundation Trust,"Finance, productivity and innovation","Finance, productivity and innovation domain score",OF4203,"Finance, productivity and innovation domain score",Q1 26/27,score,2.31,,,,38.0
Q1 2026/27,South East,Mental health and community trust,Mental Health and Learning Disability,RNU,Oxford Health NHS Foundation Trust,"Finance, productivity and innovation","Finance, productivity and innovation domain score",OF4203,"Finance, productivity and innovation domain score",Q1 26/27,score,3.01,,,,53.0
Q1 2026/27,Midlands,Mental health and community trust,Mental Health and Learning Disability,RP1,Northamptonshire Healthcare NHS Foundation Trust,"Finance, productivity and innovation","Finance, productivity and innovation domain score",OF4203,"Finance, productivity and innovation domain score",Q1 26/27,score,2.21,,,,34.0
Q1 2026/27,Midlands,Mental health and community trust,Mental Health and Learning Disability,RP7,Lincolnshire Partnership NHS Foundation Trust,"Finance, productivity and innovation","Finance, productivity and innovation domain score",OF4203,"Finance, productivity and innovation domain score",Q1 26/27,score,2.71,,,,47.0
Q1 2026/27,London,Mental health and community trust,Mental Health and Learning Disability,RPG,Oxleas NHS Foundation Trust,"Finance, productivity and innovation","Finance, productivity and innovation domain score",OF4203,"Finance, productivity and innovation domain score",Q1 26/27,score,2.96,,,,51.0
Q1 2026/27,London,Mental health and community trust,Mental Health and Learning Disability,RQY,South West London and St George's Mental Health NHS Trust,"Finance, productivity and innovation","Finance, productivity and innovation domain score",OF4203,"Finance, productivity and innovation domain score",Q1 26/27,score,1.52,,,,11.0
Q1 2026/27,Midlands,Mental health and community trust,Mental Health and Learning Disability,RRE,Midlands Partnership University NHS Foundation Trust,"Finance, productivity and innovation","Finance, productivity and innovation domain score",OF4203,"Finance, productivity and innovation domain score",Q1 26/27,score,1.2,,,,4.0
Q1 2026/27,East,Mental health and community trust,Mental Health and Learning Disability,RT1,Cambridgeshire and Peterborough NHS Foundation Trust,"Finance, productivity and innovation","Finance, productivity and innovation domain score",OF4203,"Finance, productivity and innovation domain score",Q1 26/27,score,2.87,,,,50.0
Q1 2026/27,North West,Mental health and community trust,Mental Health and Learning Disability,RT2,Pennine Care NHS Foundation Trust,"Finance, productivity and innovation","Finance, productivity and innovation domain score",OF4203,"Finance, productivity and innovation domain score",Q1 26/27,score,1.23,,,,5.0
Q1 2026/27,Midlands,Mental health and community trust,Mental Health and Learning Disability,RT5,Leicestershire Partnership NHS Trust,"Finance, productivity and innovation","Finance, productivity and innovation domain score",OF4203,"Finance, productivity and innovation domain score",Q1 26/27,score,1.55,,,,12.0
Q1 2026/27,South West,Mental health and community trust,Mental Health and Learning Disability,RTQ,Gloucestershire Health and Care NHS Foundation Trust,"Finance, productivity and innovation","Finance, productivity and innovation domain score",OF4203,"Finance, productivity and innovation domain score",Q1 26/27,score,2.66,,,,44.0
Q1 2026/27,London,Mental health and community trust,Mental Health and Learning Disability,RV3,Central and North West London NHS Foundation Trust,"Finance, productivity and innovation","Finance, productivity and innovation domain score",OF4203,"Finance, productivity and innovation domain score",Q1 26/27,score,2.25,,,,35.0
Q1 2026/27,London,Mental health and community trust,Mental Health and Learning Disability,RV5,South London and Maudsley NHS Foundation Trust,"Finance, productivity and innovation","Finance, productivity and innovation domain score",OF4203,"Finance, productivity and innovation domain score",Q1 26/27,score,1.79,,,,18.0
Q1 2026/27,North East and Yorkshire,Mental health and community trust,Mental Health and Learning Disability,RV9,Humber Teaching NHS Foundation Trust,"Finance, productivity and innovation","Finance, productivity and innovation domain score",OF4203,"Finance, productivity and innovation domain score",Q1 26/27,score,2.18,,,,32.0
Q1 2026/27,South West,Mental health and community trust,Mental Health and Learning Disability,RVN,Avon and Wiltshire Mental Health Partnership NHS Trust,"Finance, productivity and innovation","Finance, productivity and innovation domain score",OF4203,"Finance, productivity and innovation domain score",Q1 26/27,score,2.75,,,,48.0
Q1 2026/27,South East,Mental health and community trust,Mental Health and Learning Disability,RW1,Hampshire and Isle of Wight Healthcare NHS Foundation Trust,"Finance, productivity and innovation","Finance, productivity and innovation domain score",OF4203,"Finance, productivity and innovation domain score",Q1 26/27,score,1.69,,,,15.0
Q1 2026/27,North West,Mental health and community trust,Mental Health and Learning Disability,RW4,Mersey Care NHS Foundation Trust,"Finance, productivity and innovation","Finance, productivity and innovation domain score",OF4203,"Finance, productivity and innovation domain score",Q1 26/27,score,1.65,,,,14.0
Q1 2026/27,North West,Mental health and community trust,Mental Health and Learning Disability,RW5,Lancashire & South Cumbria NHS Foundation Trust,"Finance, productivity and innovation","Finance, productivity and innovation domain score",OF4203,"Finance, productivity and innovation domain score",Q1 26/27,score,2.98,,,,52.0
Q1 2026/27,London,Mental health and community trust,Mental Health and Learning Disability,RWK,East London NHS Foundation Trust,"Finance, productivity and innovation","Finance, productivity and innovation domain score",OF4203,"Finance, productivity and innovation domain score",Q1 26/27,score,1.46,,,,10.0
Q1 2026/27,East,Mental health and community trust,Mental Health and Learning Disability,RWR,Hertfordshire Partnership University NHS Foundation Trust,"Finance, productivity and innovation","Finance, productivity and innovation domain score",OF4203,"Finance, productivity and innovation domain score",Q1 26/27,score,1.6,,,,13.0
Q1 2026/27,South West,Mental health and community trust,Mental Health and Learning Disability,RWV,Devon Partnership NHS Trust,"Finance, productivity and innovation","Finance, productivity and innovation domain score",OF4203,"Finance, productivity and innovation domain score",Q1 26/27,score,1.96,,,,23.0
Q1 2026/27,South East,Mental health and community trust,Mental Health and Learning Disability,RWX,Berkshire Healthcare NHS Foundation Trust,"Finance, productivity and innovation","Finance, productivity and innovation domain score",OF4203,"Finance, productivity and innovation domain score",Q1 26/27,score,1.77,,,,17.0
Q1 2026/27,South East,Mental health and community trust,Mental Health and Learning Disability,RX2,Sussex Partnership NHS Foundation Trust,"Finance, productivity and innovation","Finance, productivity and innovation domain score",OF4203,"Finance, productivity and innovation domain score",Q1 26/27,score,2.75,,,,48.0
Q1 2026/27,North East and Yorkshire,Mental health and community trust,Mental Health and Learning Disability,RX3,"Tees, Esk and Wear Valleys NHS Foundation Trust","Finance, productivity and innovation","Finance, productivity and innovation domain score",OF4203,"Finance, productivity and innovation domain score",Q1 26/27,score,2.0,,,,26.0
Q1 2026/27,North East and Yorkshire,Mental health and community trust,Mental Health and Learning Disability,RX4,"Cumbria, Northumberland, Tyne and Wear NHS Foundation Trust","Finance, productivity and innovation","Finance, productivity and innovation domain score",OF4203,"Finance, productivity and innovation domain score",Q1 26/27,score,2.53,,,,42.0
Q1 2026/27,North West,Mental health and community trust,Mental Health and Learning Disability,RXA,Cheshire and Wirral Partnership NHS Foundation Trust,"Finance, productivity and innovation","Finance, productivity and innovation domain score",OF4203,"Finance, productivity and innovation domain score",Q1 26/27,score,2.4,,,,40.0
Q1 2026/27,North East and Yorkshire,Mental health and community trust,Mental Health and Learning Disability,RXE,Rotherham Doncaster and South Humber NHS Foundation Trust,"Finance, productivity and innovation","Finance, productivity and innovation domain score",OF4203,"Finance, productivity and innovation domain score",Q1 26/27,score,1.09,,,,3.0
Q1 2026/27,North East and Yorkshire,Mental health and community trust,Mental Health and Learning Disability,RXG,South West Yorkshire Partnership NHS Foundation Trust,"Finance, productivity and innovation","Finance, productivity and innovation domain score",OF4203,"Finance, productivity and innovation domain score",Q1 26/27,score,1.95,,,,21.0
Q1 2026/27,Midlands,Mental health and community trust,Mental Health and Learning Disability,RXM,Derbyshire Healthcare NHS Foundation Trust,"Finance, productivity and innovation","Finance, productivity and innovation domain score",OF4203,"Finance, productivity and innovation domain score",Q1 26/27,score,1.03,,,,1.0
Q1 2026/27,Midlands,Mental health and community trust,Mental Health and Learning Disability,RXT,Birmingham and Solihull Mental Health NHS Foundation Trust,"Finance, productivity and innovation","Finance, productivity and innovation domain score",OF4203,"Finance, productivity and innovation domain score",Q1 26/27,score,1.34,,,,8.0
Q1 2026/27,North West,Mental health and community trust,Mental Health and Learning Disability,RXV,Greater Manchester Mental Health NHS Foundation Trust,"Finance, productivity and innovation","Finance, productivity and innovation domain score",OF4203,"Finance, productivity and innovation domain score",Q1 26/27,score,2.05,,,,29.0
Q1 2026/27,South East,Mental health and community trust,Mental Health and Learning Disability,RXX,Surrey and Borders Partnership NHS Foundation Trust,"Finance, productivity and innovation","Finance, productivity and innovation domain score",OF4203,"Finance, productivity and innovation domain score",Q1 26/27,score,2.67,,,,46.0
Q1 2026/27,South East,Mental health and community trust,Mental Health and Learning Disability,RXY,Kent and Medway Mental Health NHS Trust,"Finance, productivity and innovation","Finance, productivity and innovation domain score",OF4203,"Finance, productivity and innovation domain score",Q1 26/27,score,1.33,,,,7.0
Q1 2026/27,East,Mental health and community trust,Community,RY3,Norfolk Community Health and Care NHS Trust,"Finance, productivity and innovation","Finance, productivity and innovation domain score",OF4203,"Finance, productivity and innovation domain score",Q1 26/27,score,1.35,,,,9.0
Q1 2026/27,East,Mental health and community trust,Community,RY4,Hertfordshire Community NHS Trust,"Finance, productivity and innovation","Finance, productivity and innovation domain score",OF4203,"Finance, productivity and innovation domain score",Q1 26/27,score,2.11,,,,30.0
Q1 2026/27,Midlands,Mental health and community trust,Community,RY5,Lincolnshire Community Health Services NHS Trust,"Finance, productivity and innovation","Finance, productivity and innovation domain score",OF4203,"Finance, productivity and innovation domain score",Q1 26/27,score,2.13,,,,31.0
Q1 2026/27,North East and Yorkshire,Mental health and community trust,Community,RY6,Leeds Community Healthcare NHS Trust,"Finance, productivity and innovation","Finance, productivity and innovation domain score",OF4203,"Finance, productivity and innovation domain score",Q1 26/27,score,3.18,,,,57.0
Q1 2026/27,North West,Mental health and community trust,Community,RY7,Wirral Community Health and Care NHS Foundation Trust,"Finance, productivity and innovation","Finance, productivity and innovation domain score",OF4203,"Finance, productivity and innovation domain score",Q1 26/27,score,1.97,,,,24.0
Q1 2026/27,Midlands,Mental health and community trust,Community,RY8,Derbyshire Community Health Services NHS Foundation Trust,"Finance, productivity and innovation","Finance, productivity and innovation domain score",OF4203,"Finance, productivity and innovation domain score",Q1 26/27,score,2.0,,,,26.0
Q1 2026/27,Midlands,Mental health and community trust,Mental Health and Learning Disability,RYG,Coventry and Warwickshire Partnership NHS Trust,"Finance, productivity and innovation","Finance, productivity and innovation domain score",OF4203,"Finance, productivity and innovation domain score",Q1 26/27,score,3.16,,,,56.0
Q1 2026/27,Midlands,Mental health and community trust,Community,RYW,Birmingham Community Healthcare NHS Foundation Trust,"Finance, productivity and innovation","Finance, productivity and innovation domain score",OF4203,"Finance, productivity and innovation domain score",Q1 26/27,score,2.27,,,,37.0
Q1 2026/27,London,Mental health and community trust,Community,RYX,Central London Community Healthcare NHS Trust,"Finance, productivity and innovation","Finance, productivity and innovation domain score",OF4203,"Finance, productivity and innovation domain score",Q1 26/27,score,3.01,,,,53.0
Q1 2026/27,South East,Mental health and community trust,Community,RYY,Kent Community Health NHS Foundation Trust,"Finance, productivity and innovation","Finance, productivity and innovation domain score",OF4203,"Finance, productivity and innovation domain score",Q1 26/27,score,2.25,,,,35.0
Q1 2026/27,North East and Yorkshire,Mental health and community trust,Care Trust,TAD,Bradford District Care NHS Foundation Trust,"Finance, productivity and innovation","Finance, productivity and innovation domain score",OF4203,"Finance, productivity and innovation domain score",Q1 26/27,score,1.97,,,,24.0
Q1 2026/27,North East and Yorkshire,Mental health and community trust,Care Trust,TAH,Sheffield Health Partnership University NHS Foundation Trust,"Finance, productivity and innovation","Finance, productivity and innovation domain score",OF4203,"Finance, productivity and innovation domain score",Q1 26/27,score,3.36,,,,58.0
Q1 2026/27,Midlands,Mental health and community trust,Mental Health and Learning Disability,TAJ,Black Country Healthcare NHS Foundation Trust,"Finance, productivity and innovation","Finance, productivity and innovation domain score",OF4203,"Finance, productivity and innovation domain score",Q1 26/27,score,2.0,,,,26.0
Q1 2026/27,London,Mental health and community trust,Mental Health and Learning Disability,G6V2S,North London NHS Foundation Trust,People,People domain score,OF4204,People domain score,Q1 26/27,score,3.03,,,,51.0
Q1 2026/27,Midlands,Mental health and community trust,Community,R1A,Herefordshire and Worcestershire Health and Care NHS Trust,People,People domain score,OF4204,People domain score,Q1 26/27,score,2.19,,,,17.0
Q1 2026/27,Midlands,Mental health and community trust,Community,R1D,Shropshire Community Health NHS Trust,People,People domain score,OF4204,People domain score,Q1 26/27,score,2.76,,,,43.0
Q1 2026/27,East,Mental health and community trust,Mental Health and Learning Disability,R1L,Essex Partnership University NHS Foundation Trust,People,People domain score,OF4204,People domain score,Q1 26/27,score,2.74,,,,41.0
Q1 2026/27,London,Mental health and community trust,Mental Health and Learning Disability,RAT,North East London NHS Foundation Trust,People,People domain score,OF4204,People domain score,Q1 26/27,score,2.35,,,,30.0
Q1 2026/27,South East,Mental health and community trust,Community,RDR,Sussex Community NHS Foundation Trust,People,People domain score,OF4204,People domain score,Q1 26/27,score,1.47,,,,2.0
Q1 2026/27,South West,Mental health and community trust,Mental Health and Learning Disability,RDY,Dorset Healthcare University NHS Foundation Trust,People,People domain score,OF4204,People domain score,Q1 26/27,score,1.89,,,,9.0
Q1 2026/27,North East and Yorkshire,Mental health and community trust,Mental Health and Learning Disability,RGD,Leeds and York Partnership NHS Foundation Trust,People,People domain score,OF4204,People domain score,Q1 26/27,score,2.76,,,,43.0
Q1 2026/27,Midlands,Mental health and community trust,Mental Health and Learning Disability,RHA,Nottinghamshire Healthcare NHS Foundation Trust,People,People domain score,OF4204,People domain score,Q1 26/27,score,3.02,,,,50.0
Q1 2026/27,South West,Mental health and community trust,Mental Health and Learning Disability,RJ8,Cornwall Partnership NHS Foundation Trust,People,People domain score,OF4204,People domain score,Q1 26/27,score,2.86,,,,47.0
Q1 2026/27,London,Mental health and community trust,Mental Health and Learning Disability,RKL,West London NHS Trust,People,People domain score,OF4204,People domain score,Q1 26/27,score,2.19,,,,17.0
Q1 2026/27,Midlands,Mental health and community trust,Mental Health and Learning Disability,RLY,North Staffordshire Combined Healthcare NHS Trust,People,People domain score,OF4204,People domain score,Q1 26/27,score,2.06,,,,12.0
Q1 2026/27,East,Mental health and community trust,Mental Health and Learning Disability,RMY,Norfolk and Suffolk NHS Foundation Trust,People,People domain score,OF4204,People domain score,Q1 26/27,score,2.77,,,,45.0
Q1 2026/27,South East,Mental health and community trust,Mental Health and Learning Disability,RNU,Oxford Health NHS Foundation Trust,People,People domain score,OF4204,People domain score,Q1 26/27,score,1.85,,,,8.0
Q1 2026/27,Midlands,Mental health and community trust,Mental Health and Learning Disability,RP1,Northamptonshire Healthcare NHS Foundation Trust,People,People domain score,OF4204,People domain score,Q1 26/27,score,2.08,,,,13.0
Q1 2026/27,Midlands,Mental health and community trust,Mental Health and Learning Disability,RP7,Lincolnshire Partnership NHS Foundation Trust,People,People domain score,OF4204,People domain score,Q1 26/27,score,2.37,,,,31.0
Q1 2026/27,London,Mental health and community trust,Mental Health and Learning Disability,RPG,Oxleas NHS Foundation Trust,People,People domain score,OF4204,People domain score,Q1 26/27,score,2.22,,,,20.0
Q1 2026/27,London,Mental health and community trust,Mental Health and Learning Disability,RQY,South West London and St George's Mental Health NHS Trust,People,People domain score,OF4204,People domain score,Q1 26/27,score,2.27,,,,24.0
Q1 2026/27,Midlands,Mental health and community trust,Mental Health and Learning Disability,RRE,Midlands Partnership University NHS Foundation Trust,People,People domain score,OF4204,People domain score,Q1 26/27,score,2.19,,,,17.0
Q1 2026/27,East,Mental health and community trust,Mental Health and Learning Disability,RT1,Cambridgeshire and Peterborough NHS Foundation Trust,People,People domain score,OF4204,People domain score,Q1 26/27,score,2.31,,,,26.0
Q1 2026/27,North West,Mental health and community trust,Mental Health and Learning Disability,RT2,Pennine Care NHS Foundation Trust,People,People domain score,OF4204,People domain score,Q1 26/27,score,3.07,,,,53.0
Q1 2026/27,Midlands,Mental health and community trust,Mental Health and Learning Disability,RT5,Leicestershire Partnership NHS Trust,People,People domain score,OF4204,People domain score,Q1 26/27,score,1.91,,,,11.0
Q1 2026/27,South West,Mental health and community trust,Mental Health and Learning Disability,RTQ,Gloucestershire Health and Care NHS Foundation Trust,People,People domain score,OF4204,People domain score,Q1 26/27,score,1.81,,,,7.0
Q1 2026/27,London,Mental health and community trust,Mental Health and Learning Disability,RV3,Central and North West London NHS Foundation Trust,People,People domain score,OF4204,People domain score,Q1 26/27,score,2.23,,,,22.0
Q1 2026/27,London,Mental health and community trust,Mental Health and Learning Disability,RV5,South London and Maudsley NHS Foundation Trust,People,People domain score,OF4204,People domain score,Q1 26/27,score,2.73,,,,40.0
Q1 2026/27,North East and Yorkshire,Mental health and community trust,Mental Health and Learning Disability,RV9,Humber Teaching NHS Foundation Trust,People,People domain score,OF4204,People domain score,Q1 26/27,score,1.76,,,,6.0
Q1 2026/27,South West,Mental health and community trust,Mental Health and Learning Disability,RVN,Avon and Wiltshire Mental Health Partnership NHS Trust,People,People domain score,OF4204,People domain score,Q1 26/27,score,2.3,,,,25.0
Q1 2026/27,South East,Mental health and community trust,Mental Health and Learning Disability,RW1,Hampshire and Isle of Wight Healthcare NHS Foundation Trust,People,People domain score,OF4204,People domain score,Q1 26/27,score,2.34,,,,29.0
Q1 2026/27,North West,Mental health and community trust,Mental Health and Learning Disability,RW4,Mersey Care NHS Foundation Trust,People,People domain score,OF4204,People domain score,Q1 26/27,score,2.68,,,,38.0
Q1 2026/27,North West,Mental health and community trust,Mental Health and Learning Disability,RW5,Lancashire & South Cumbria NHS Foundation Trust,People,People domain score,OF4204,People domain score,Q1 26/27,score,3.34,,,,57.0
Q1 2026/27,London,Mental health and community trust,Mental Health and Learning Disability,RWK,East London NHS Foundation Trust,People,People domain score,OF4204,People domain score,Q1 26/27,score,2.98,,,,49.0
Q1 2026/27,East,Mental health and community trust,Mental Health and Learning Disability,RWR,Hertfordshire Partnership University NHS Foundation Trust,People,People domain score,OF4204,People domain score,Q1 26/27,score,2.24,,,,23.0
Q1 2026/27,South West,Mental health and community trust,Mental Health and Learning Disability,RWV,Devon Partnership NHS Trust,People,People domain score,OF4204,People domain score,Q1 26/27,score,2.75,,,,42.0
Q1 2026/27,South East,Mental health and community trust,Mental Health and Learning Disability,RWX,Berkshire Healthcare NHS Foundation Trust,People,People domain score,OF4204,People domain score,Q1 26/27,score,1.39,,,,1.0
Q1 2026/27,South East,Mental health and community trust,Mental Health and Learning Disability,RX2,Sussex Partnership NHS Foundation Trust,People,People domain score,OF4204,People domain score,Q1 26/27,score,3.05,,,,52.0
Q1 2026/27,North East and Yorkshire,Mental health and community trust,Mental Health and Learning Disability,RX3,"Tees, Esk and Wear Valleys NHS Foundation Trust",People,People domain score,OF4204,People domain score,Q1 26/27,score,2.55,,,,33.0
Q1 2026/27,North East and Yorkshire,Mental health and community trust,Mental Health and Learning Disability,RX4,"Cumbria, Northumberland, Tyne and Wear NHS Foundation Trust",People,People domain score,OF4204,People domain score,Q1 26/27,score,2.7,,,,39.0
Q1 2026/27,North West,Mental health and community trust,Mental Health and Learning Disability,RXA,Cheshire and Wirral Partnership NHS Foundation Trust,People,People domain score,OF4204,People domain score,Q1 26/27,score,2.33,,,,28.0
Q1 2026/27,North East and Yorkshire,Mental health and community trust,Mental Health and Learning Disability,RXE,Rotherham Doncaster and South Humber NHS Foundation Trust,People,People domain score,OF4204,People domain score,Q1 26/27,score,2.67,,,,37.0
Q1 2026/27,North East and Yorkshire,Mental health and community trust,Mental Health and Learning Disability,RXG,South West Yorkshire Partnership NHS Foundation Trust,People,People domain score,OF4204,People domain score,Q1 26/27,score,2.11,,,,14.0
Q1 2026/27,Midlands,Mental health and community trust,Mental Health and Learning Disability,RXM,Derbyshire Healthcare NHS Foundation Trust,People,People domain score,OF4204,People domain score,Q1 26/27,score,2.89,,,,48.0
Q1 2026/27,Midlands,Mental health and community trust,Mental Health and Learning Disability,RXT,Birmingham and Solihull Mental Health NHS Foundation Trust,People,People domain score,OF4204,People domain score,Q1 26/27,score,2.57,,,,34.0
Q1 2026/27,North West,Mental health and community trust,Mental Health and Learning Disability,RXV,Greater Manchester Mental Health NHS Foundation Trust,People,People domain score,OF4204,People domain score,Q1 26/27,score,3.36,,,,58.0
Q1 2026/27,South East,Mental health and community trust,Mental Health and Learning Disability,RXX,Surrey and Borders Partnership NHS Foundation Trust,People,People domain score,OF4204,People domain score,Q1 26/27,score,2.44,,,,32.0
Q1 2026/27,South East,Mental health and community trust,Mental Health and Learning Disability,RXY,Kent and Medway Mental Health NHS Trust,People,People domain score,OF4204,People domain score,Q1 26/27,score,3.1,,,,54.0
Q1 2026/27,East,Mental health and community trust,Community,RY3,Norfolk Community Health and Care NHS Trust,People,People domain score,OF4204,People domain score,Q1 26/27,score,1.51,,,,3.0
Q1 2026/27,East,Mental health and community trust,Community,RY4,Hertfordshire Community NHS Trust,People,People domain score,OF4204,People domain score,Q1 26/27,score,1.59,,,,4.0
Q1 2026/27,Midlands,Mental health and community trust,Community,RY5,Lincolnshire Community Health Services NHS Trust,People,People domain score,OF4204,People domain score,Q1 26/27,score,2.22,,,,20.0
Q1 2026/27,North East and Yorkshire,Mental health and community trust,Community,RY6,Leeds Community Healthcare NHS Trust,People,People domain score,OF4204,People domain score,Q1 26/27,score,2.13,,,,15.0
Q1 2026/27,North West,Mental health and community trust,Community,RY7,Wirral Community Health and Care NHS Foundation Trust,People,People domain score,OF4204,People domain score,Q1 26/27,score,2.31,,,,26.0
Q1 2026/27,Midlands,Mental health and community trust,Community,RY8,Derbyshire Community Health Services NHS Foundation Trust,People,People domain score,OF4204,People domain score,Q1 26/27,score,1.89,,,,9.0
Q1 2026/27,Midlands,Mental health and community trust,Mental Health and Learning Disability,RYG,Coventry and Warwickshire Partnership NHS Trust,People,People domain score,OF4204,People domain score,Q1 26/27,score,2.81,,,,46.0
Q1 2026/27,Midlands,Mental health and community trust,Community,RYW,Birmingham Community Healthcare NHS Foundation Trust,People,People domain score,OF4204,People domain score,Q1 26/27,score,2.65,,,,36.0
Q1 2026/27,London,Mental health and community trust,Community,RYX,Central London Community Healthcare NHS Trust,People,People domain score,OF4204,People domain score,Q1 26/27,score,2.14,,,,16.0
Q1 2026/27,South East,Mental health and community trust,Community,RYY,Kent Community Health NHS Foundation Trust,People,People domain score,OF4204,People domain score,Q1 26/27,score,1.59,,,,4.0
Q1 2026/27,North East and Yorkshire,Mental health and community trust,Care Trust,TAD,Bradford District Care NHS Foundation Trust,People,People domain score,OF4204,People domain score,Q1 26/27,score,2.58,,,,35.0
Q1 2026/27,North East and Yorkshire,Mental health and community trust,Care Trust,TAH,Sheffield Health Partnership University NHS Foundation Trust,People,People domain score,OF4204,People domain score,Q1 26/27,score,3.16,,,,56.0
Q1 2026/27,Midlands,Mental health and community trust,Mental Health and Learning Disability,TAJ,Black Country Healthcare NHS Foundation Trust,People,People domain score,OF4204,People domain score,Q1 26/27,score,3.1,,,,54.0
Q1 2026/27,London,Mental health and community trust,Mental Health and Learning Disability,G6V2S,North London NHS Foundation Trust,Experience of care,Experience of care domain score,OF4205,Experience of care domain score,Q1 26/27,segment,3.21,,,,57.0
Q1 2026/27,Midlands,Mental health and community trust,Community,R1A,Herefordshire and Worcestershire Health and Care NHS Trust,Experience of care,Experience of care domain score,OF4205,Experience of care domain score,Q1 26/27,segment,2.14,,,,22.0
Q1 2026/27,Midlands,Mental health and community trust,Community,R1D,Shropshire Community Health NHS Trust,Experience of care,Experience of care domain score,OF4205,Experience of care domain score,Q1 26/27,segment,2.8,,,,51.0
Q1 2026/27,East,Mental health and community trust,Mental Health and Learning Disability,R1L,Essex Partnership University NHS Foundation Trust,Experience of care,Experience of care domain score,OF4205,Experience of care domain score,Q1 26/27,segment,2.47,,,,36.0
Q1 2026/27,London,Mental health and community trust,Mental Health and Learning Disability,RAT,North East London NHS Foundation Trust,Experience of care,Experience of care domain score,OF4205,Experience of care domain score,Q1 26/27,segment,1.68,,,,6.0
Q1 2026/27,South East,Mental health and community trust,Community,RDR,Sussex Community NHS Foundation Trust,Experience of care,Experience of care domain score,OF4205,Experience of care domain score,Q1 26/27,segment,2.53,,,,38.0
Q1 2026/27,South West,Mental health and community trust,Mental Health and Learning Disability,RDY,Dorset Healthcare University NHS Foundation Trust,Experience of care,Experience of care domain score,OF4205,Experience of care domain score,Q1 26/27,segment,2.85,,,,52.0
Q1 2026/27,North East and Yorkshire,Mental health and community trust,Mental Health and Learning Disability,RGD,Leeds and York Partnership NHS Foundation Trust,Experience of care,Experience of care domain score,OF4205,Experience of care domain score,Q1 26/27,segment,2.64,,,,44.0
Q1 2026/27,Midlands,Mental health and community trust,Mental Health and Learning Disability,RHA,Nottinghamshire Healthcare NHS Foundation Trust,Experience of care,Experience of care domain score,OF4205,Experience of care domain score,Q1 26/27,segment,2.34,,,,30.0
Q1 2026/27,South West,Mental health and community trust,Mental Health and Learning Disability,RJ8,Cornwall Partnership NHS Foundation Trust,Experience of care,Experience of care domain score,OF4205,Experience of care domain score,Q1 26/27,segment,2.33,,,,29.0
Q1 2026/27,London,Mental health and community trust,Mental Health and Learning Disability,RKL,West London NHS Trust,Experience of care,Experience of care domain score,OF4205,Experience of care domain score,Q1 26/27,segment,2.38,,,,31.0
Q1 2026/27,Midlands,Mental health and community trust,Mental Health and Learning Disability,RLY,North Staffordshire Combined Healthcare NHS Trust,Experience of care,Experience of care domain score,OF4205,Experience of care domain score,Q1 26/27,segment,1.3,,,,2.0
Q1 2026/27,East,Mental health and community trust,Mental Health and Learning Disability,RMY,Norfolk and Suffolk NHS Foundation Trust,Experience of care,Experience of care domain score,OF4205,Experience of care domain score,Q1 26/27,segment,2.75,,,,49.0
Q1 2026/27,South East,Mental health and community trust,Mental Health and Learning Disability,RNU,Oxford Health NHS Foundation Trust,Experience of care,Experience of care domain score,OF4205,Experience of care domain score,Q1 26/27,segment,1.72,,,,8.0
Q1 2026/27,Midlands,Mental health and community trust,Mental Health and Learning Disability,RP1,Northamptonshire Healthcare NHS Foundation Trust,Experience of care,Experience of care domain score,OF4205,Experience of care domain score,Q1 26/27,segment,1.69,,,,7.0
Q1 2026/27,Midlands,Mental health and community trust,Mental Health and Learning Disability,RP7,Lincolnshire Partnership NHS Foundation Trust,Experience of care,Experience of care domain score,OF4205,Experience of care domain score,Q1 26/27,segment,2.41,,,,32.0
Q1 2026/27,London,Mental health and community trust,Mental Health and Learning Disability,RPG,Oxleas NHS Foundation Trust,Experience of care,Experience of care domain score,OF4205,Experience of care domain score,Q1 26/27,segment,1.85,,,,12.0
Q1 2026/27,London,Mental health and community trust,Mental Health and Learning Disability,RQY,South West London and St George's Mental Health NHS Trust,Experience of care,Experience of care domain score,OF4205,Experience of care domain score,Q1 26/27,segment,2.5,,,,37.0
Q1 2026/27,Midlands,Mental health and community trust,Mental Health and Learning Disability,RRE,Midlands Partnership University NHS Foundation Trust,Experience of care,Experience of care domain score,OF4205,Experience of care domain score,Q1 26/27,segment,1.79,,,,10.0
Q1 2026/27,East,Mental health and community trust,Mental Health and Learning Disability,RT1,Cambridgeshire and Peterborough NHS Foundation Trust,Experience of care,Experience of care domain score,OF4205,Experience of care domain score,Q1 26/27,segment,2.57,,,,40.0
Q1 2026/27,North West,Mental health and community trust,Mental Health and Learning Disability,RT2,Pennine Care NHS Foundation Trust,Experience of care,Experience of care domain score,OF4205,Experience of care domain score,Q1 26/27,segment,2.23,,,,25.0
Q1 2026/27,Midlands,Mental health and community trust,Mental Health and Learning Disability,RT5,Leicestershire Partnership NHS Trust,Experience of care,Experience of care domain score,OF4205,Experience of care domain score,Q1 26/27,segment,2.13,,,,21.0
Q1 2026/27,South West,Mental health and community trust,Mental Health and Learning Disability,RTQ,Gloucestershire Health and Care NHS Foundation Trust,Experience of care,Experience of care domain score,OF4205,Experience of care domain score,Q1 26/27,segment,2.93,,,,53.0
Q1 2026/27,London,Mental health and community trust,Mental Health and Learning Disability,RV3,Central and North West London NHS Foundation Trust,Experience of care,Experience of care domain score,OF4205,Experience of care domain score,Q1 26/27,segment,1.97,,,,14.0
Q1 2026/27,London,Mental health and community trust,Mental Health and Learning Disability,RV5,South London and Maudsley NHS Foundation Trust,Experience of care,Experience of care domain score,OF4205,Experience of care domain score,Q1 26/27,segment,2.0,,,,16.0
Q1 2026/27,North East and Yorkshire,Mental health and community trust,Mental Health and Learning Disability,RV9,Humber Teaching NHS Foundation Trust,Experience of care,Experience of care domain score,OF4205,Experience of care domain score,Q1 26/27,segment,1.84,,,,11.0
Q1 2026/27,South West,Mental health and community trust,Mental Health and Learning Disability,RVN,Avon and Wiltshire Mental Health Partnership NHS Trust,Experience of care,Experience of care domain score,OF4205,Experience of care domain score,Q1 26/27,segment,2.68,,,,46.0
Q1 2026/27,South East,Mental health and community trust,Mental Health and Learning Disability,RW1,Hampshire and Isle of Wight Healthcare NHS Foundation Trust,Experience of care,Experience of care domain score,OF4205,Experience of care domain score,Q1 26/27,segment,2.44,,,,34.0
Q1 2026/27,North West,Mental health and community trust,Mental Health and Learning Disability,RW4,Mersey Care NHS Foundation Trust,Experience of care,Experience of care domain score,OF4205,Experience of care domain score,Q1 26/27,segment,2.29,,,,26.0
Q1 2026/27,North West,Mental health and community trust,Mental Health and Learning Disability,RW5,Lancashire & South Cumbria NHS Foundation Trust,Experience of care,Experience of care domain score,OF4205,Experience of care domain score,Q1 26/27,segment,2.7,,,,48.0
Q1 2026/27,London,Mental health and community trust,Mental Health and Learning Disability,RWK,East London NHS Foundation Trust,Experience of care,Experience of care domain score,OF4205,Experience of care domain score,Q1 26/27,segment,2.43,,,,33.0
Q1 2026/27,East,Mental health and community trust,Mental Health and Learning Disability,RWR,Hertfordshire Partnership University NHS Foundation Trust,Experience of care,Experience of care domain score,OF4205,Experience of care domain score,Q1 26/27,segment,1.88,,,,13.0
Q1 2026/27,South West,Mental health and community trust,Mental Health and Learning Disability,RWV,Devon Partnership NHS Trust,Experience of care,Experience of care domain score,OF4205,Experience of care domain score,Q1 26/27,segment,2.63,,,,42.0
Q1 2026/27,South East,Mental health and community trust,Mental Health and Learning Disability,RWX,Berkshire Healthcare NHS Foundation Trust,Experience of care,Experience of care domain score,OF4205,Experience of care domain score,Q1 26/27,segment,2.07,,,,18.0
Q1 2026/27,South East,Mental health and community trust,Mental Health and Learning Disability,RX2,Sussex Partnership NHS Foundation Trust,Experience of care,Experience of care domain score,OF4205,Experience of care domain score,Q1 26/27,segment,2.97,,,,54.0
Q1 2026/27,North East and Yorkshire,Mental health and community trust,Mental Health and Learning Disability,RX3,"Tees, Esk and Wear Valleys NHS Foundation Trust",Experience of care,Experience of care domain score,OF4205,Experience of care domain score,Q1 26/27,segment,2.08,,,,19.0
Q1 2026/27,North East and Yorkshire,Mental health and community trust,Mental Health and Learning Disability,RX4,"Cumbria, Northumberland, Tyne and Wear NHS Foundation Trust",Experience of care,Experience of care domain score,OF4205,Experience of care domain score,Q1 26/27,segment,2.3,,,,27.0
Q1 2026/27,North West,Mental health and community trust,Mental Health and Learning Disability,RXA,Cheshire and Wirral Partnership NHS Foundation Trust,Experience of care,Experience of care domain score,OF4205,Experience of care domain score,Q1 26/27,segment,2.04,,,,17.0
Q1 2026/27,North East and Yorkshire,Mental health and community trust,Mental Health and Learning Disability,RXE,Rotherham Doncaster and South Humber NHS Foundation Trust,Experience of care,Experience of care domain score,OF4205,Experience of care domain score,Q1 26/27,segment,1.54,,,,4.0
Q1 2026/27,North East and Yorkshire,Mental health and community trust,Mental Health and Learning Disability,RXG,South West Yorkshire Partnership NHS Foundation Trust,Experience of care,Experience of care domain score,OF4205,Experience of care domain score,Q1 26/27,segment,1.74,,,,9.0
Q1 2026/27,Midlands,Mental health and community trust,Mental Health and Learning Disability,RXM,Derbyshire Healthcare NHS Foundation Trust,Experience of care,Experience of care domain score,OF4205,Experience of care domain score,Q1 26/27,segment,2.46,,,,35.0
Q1 2026/27,Midlands,Mental health and community trust,Mental Health and Learning Disability,RXT,Birmingham and Solihull Mental Health NHS Foundation Trust,Experience of care,Experience of care domain score,OF4205,Experience of care domain score,Q1 26/27,segment,2.63,,,,42.0
Q1 2026/27,North West,Mental health and community trust,Mental Health and Learning Disability,RXV,Greater Manchester Mental Health NHS Foundation Trust,Experience of care,Experience of care domain score,OF4205,Experience of care domain score,Q1 26/27,segment,3.17,,,,56.0
Q1 2026/27,South East,Mental health and community trust,Mental Health and Learning Disability,RXX,Surrey and Borders Partnership NHS Foundation Trust,Experience of care,Experience of care domain score,OF4205,Experience of care domain score,Q1 26/27,segment,2.32,,,,28.0
Q1 2026/27,South East,Mental health and community trust,Mental Health and Learning Disability,RXY,Kent and Medway Mental Health NHS Trust,Experience of care,Experience of care domain score,OF4205,Experience of care domain score,Q1 26/27,segment,3.45,,,,58.0
Q1 2026/27,East,Mental health and community trust,Community,RY3,Norfolk Community Health and Care NHS Trust,Experience of care,Experience of care domain score,OF4205,Experience of care domain score,Q1 26/27,segment,2.16,,,,23.0
Q1 2026/27,East,Mental health and community trust,Community,RY4,Hertfordshire Community NHS Trust,Experience of care,Experience of care domain score,OF4205,Experience of care domain score,Q1 26/27,segment,1.29,,,,1.0
Q1 2026/27,Midlands,Mental health and community trust,Community,RY5,Lincolnshire Community Health Services NHS Trust,Experience of care,Experience of care domain score,OF4205,Experience of care domain score,Q1 26/27,segment,2.6,,,,41.0
Q1 2026/27,North East and Yorkshire,Mental health and community trust,Community,RY6,Leeds Community Healthcare NHS Trust,Experience of care,Experience of care domain score,OF4205,Experience of care domain score,Q1 26/27,segment,2.53,,,,38.0
Q1 2026/27,North West,Mental health and community trust,Community,RY7,Wirral Community Health and Care NHS Foundation Trust,Experience of care,Experience of care domain score,OF4205,Experience of care domain score,Q1 26/27,segment,2.67,,,,45.0
Q1 2026/27,Midlands,Mental health and community trust,Community,RY8,Derbyshire Community Health Services NHS Foundation Trust,Experience of care,Experience of care domain score,OF4205,Experience of care domain score,Q1 26/27,segment,1.61,,,,5.0
Q1 2026/27,Midlands,Mental health and community trust,Mental Health and Learning Disability,RYG,Coventry and Warwickshire Partnership NHS Trust,Experience of care,Experience of care domain score,OF4205,Experience of care domain score,Q1 26/27,segment,3.14,,,,55.0
Q1 2026/27,Midlands,Mental health and community trust,Community,RYW,Birmingham Community Healthcare NHS Foundation Trust,Experience of care,Experience of care domain score,OF4205,Experience of care domain score,Q1 26/27,segment,2.75,,,,49.0
Q1 2026/27,London,Mental health and community trust,Community,RYX,Central London Community Healthcare NHS Trust,Experience of care,Experience of care domain score,OF4205,Experience of care domain score,Q1 26/27,segment,1.51,,,,3.0
Q1 2026/27,South East,Mental health and community trust,Community,RYY,Kent Community Health NHS Foundation Trust,Experience of care,Experience of care domain score,OF4205,Experience of care domain score,Q1 26/27,segment,1.99,,,,15.0
Q1 2026/27,North East and Yorkshire,Mental health and community trust,Care Trust,TAD,Bradford District Care NHS Foundation Trust,Experience of care,Experience of care domain score,OF4205,Experience of care domain score,Q1 26/27,segment,2.08,,,,19.0
Q1 2026/27,North East and Yorkshire,Mental health and community trust,Care Trust,TAH,Sheffield Health Partnership University NHS Foundation Trust,Experience of care,Experience of care domain score,OF4205,Experience of care domain score,Q1 26/27,segment,2.16,,,,23.0
Q1 2026/27,Midlands,Mental health and community trust,Mental Health and Learning Disability,TAJ,Black Country Healthcare NHS Foundation Trust,Experience of care,Experience of care domain score,OF4205,Experience of care domain score,Q1 26/27,segment,2.68,,,,46.0
Q1 2026/27,London,Mental health and community trust,Mental Health and Learning Disability,G6V2S,North London NHS Foundation Trust,Effectiveness of care and population health,Effectiveness of care and population health domain score,OF4209,Effectiveness of care and population health domain score,Q1 26/27,score,2.67,,,,48.0
Q1 2026/27,Midlands,Mental health and community trust,Community,R1A,Herefordshire and Worcestershire Health and Care NHS Trust,Effectiveness of care and population health,Effectiveness of care and population health domain score,OF4209,Effectiveness of care and population health domain score,Q1 26/27,score,2.25,,,,35.0
Q1 2026/27,Midlands,Mental health and community trust,Community,R1D,Shropshire Community Health NHS Trust,Effectiveness of care and population health,Effectiveness of care and population health domain score,OF4209,Effectiveness of care and population health domain score,Q1 26/27,score,1.0,,,,1.0
Q1 2026/27,East,Mental health and community trust,Mental Health and Learning Disability,R1L,Essex Partnership University NHS Foundation Trust,Effectiveness of care and population health,Effectiveness of care and population health domain score,OF4209,Effectiveness of care and population health domain score,Q1 26/27,score,2.67,,,,48.0
Q1 2026/27,London,Mental health and community trust,Mental Health and Learning Disability,RAT,North East London NHS Foundation Trust,Effectiveness of care and population health,Effectiveness of care and population health domain score,OF4209,Effectiveness of care and population health domain score,Q1 26/27,score,1.77,,,,17.0
Q1 2026/27,South East,Mental health and community trust,Community,RDR,Sussex Community NHS Foundation Trust,Effectiveness of care and population health,Effectiveness of care and population health domain score,OF4209,Effectiveness of care and population health domain score,Q1 26/27,score,2.0,,,,21.0
Q1 2026/27,South West,Mental health and community trust,Mental Health and Learning Disability,RDY,Dorset Healthcare University NHS Foundation Trust,Effectiveness of care and population health,Effectiveness of care and population health domain score,OF4209,Effectiveness of care and population health domain score,Q1 26/27,score,2.33,,,,37.0
Q1 2026/27,North East and Yorkshire,Mental health and community trust,Mental Health and Learning Disability,RGD,Leeds and York Partnership NHS Foundation Trust,Effectiveness of care and population health,Effectiveness of care and population health domain score,OF4209,Effectiveness of care and population health domain score,Q1 26/27,score,2.33,,,,37.0
Q1 2026/27,Midlands,Mental health and community trust,Mental Health and Learning Disability,RHA,Nottinghamshire Healthcare NHS Foundation Trust,Effectiveness of care and population health,Effectiveness of care and population health domain score,OF4209,Effectiveness of care and population health domain score,Q1 26/27,score,2.0,,,,21.0
Q1 2026/27,South West,Mental health and community trust,Mental Health and Learning Disability,RJ8,Cornwall Partnership NHS Foundation Trust,Effectiveness of care and population health,Effectiveness of care and population health domain score,OF4209,Effectiveness of care and population health domain score,Q1 26/27,score,2.0,,,,21.0
Q1 2026/27,London,Mental health and community trust,Mental Health and Learning Disability,RKL,West London NHS Trust,Effectiveness of care and population health,Effectiveness of care and population health domain score,OF4209,Effectiveness of care and population health domain score,Q1 26/27,score,1.33,,,,8.0
Q1 2026/27,Midlands,Mental health and community trust,Mental Health and Learning Disability,RLY,North Staffordshire Combined Healthcare NHS Trust,Effectiveness of care and population health,Effectiveness of care and population health domain score,OF4209,Effectiveness of care and population health domain score,Q1 26/27,score,2.33,,,,37.0
Q1 2026/27,East,Mental health and community trust,Mental Health and Learning Disability,RMY,Norfolk and Suffolk NHS Foundation Trust,Effectiveness of care and population health,Effectiveness of care and population health domain score,OF4209,Effectiveness of care and population health domain score,Q1 26/27,score,2.0,,,,21.0
Q1 2026/27,South East,Mental health and community trust,Mental Health and Learning Disability,RNU,Oxford Health NHS Foundation Trust,Effectiveness of care and population health,Effectiveness of care and population health domain score,OF4209,Effectiveness of care and population health domain score,Q1 26/27,score,1.31,,,,7.0
Q1 2026/27,Midlands,Mental health and community trust,Mental Health and Learning Disability,RP1,Northamptonshire Healthcare NHS Foundation Trust,Effectiveness of care and population health,Effectiveness of care and population health domain score,OF4209,Effectiveness of care and population health domain score,Q1 26/27,score,2.75,,,,51.0
Q1 2026/27,Midlands,Mental health and community trust,Mental Health and Learning Disability,RP7,Lincolnshire Partnership NHS Foundation Trust,Effectiveness of care and population health,Effectiveness of care and population health domain score,OF4209,Effectiveness of care and population health domain score,Q1 26/27,score,2.61,,,,47.0
Q1 2026/27,London,Mental health and community trust,Mental Health and Learning Disability,RPG,Oxleas NHS Foundation Trust,Effectiveness of care and population health,Effectiveness of care and population health domain score,OF4209,Effectiveness of care and population health domain score,Q1 26/27,score,1.44,,,,10.0
Q1 2026/27,London,Mental health and community trust,Mental Health and Learning Disability,RQY,South West London and St George's Mental Health NHS Trust,Effectiveness of care and population health,Effectiveness of care and population health domain score,OF4209,Effectiveness of care and population health domain score,Q1 26/27,score,1.46,,,,11.0
Q1 2026/27,Midlands,Mental health and community trust,Mental Health and Learning Disability,RRE,Midlands Partnership University NHS Foundation Trust,Effectiveness of care and population health,Effectiveness of care and population health domain score,OF4209,Effectiveness of care and population health domain score,Q1 26/27,score,2.4,,,,44.0
Q1 2026/27,East,Mental health and community trust,Mental Health and Learning Disability,RT1,Cambridgeshire and Peterborough NHS Foundation Trust,Effectiveness of care and population health,Effectiveness of care and population health domain score,OF4209,Effectiveness of care and population health domain score,Q1 26/27,score,1.69,,,,15.0
Q1 2026/27,North West,Mental health and community trust,Mental Health and Learning Disability,RT2,Pennine Care NHS Foundation Trust,Effectiveness of care and population health,Effectiveness of care and population health domain score,OF4209,Effectiveness of care and population health domain score,Q1 26/27,score,2.0,,,,21.0
Q1 2026/27,Midlands,Mental health and community trust,Mental Health and Learning Disability,RT5,Leicestershire Partnership NHS Trust,Effectiveness of care and population health,Effectiveness of care and population health domain score,OF4209,Effectiveness of care and population health domain score,Q1 26/27,score,1.54,,,,13.0
Q1 2026/27,South West,Mental health and community trust,Mental Health and Learning Disability,RTQ,Gloucestershire Health and Care NHS Foundation Trust,Effectiveness of care and population health,Effectiveness of care and population health domain score,OF4209,Effectiveness of care and population health domain score,Q1 26/27,score,2.0,,,,21.0
Q1 2026/27,London,Mental health and community trust,Mental Health and Learning Disability,RV3,Central and North West London NHS Foundation Trust,Effectiveness of care and population health,Effectiveness of care and population health domain score,OF4209,Effectiveness of care and population health domain score,Q1 26/27,score,2.25,,,,35.0
Q1 2026/27,London,Mental health and community trust,Mental Health and Learning Disability,RV5,South London and Maudsley NHS Foundation Trust,Effectiveness of care and population health,Effectiveness of care and population health domain score,OF4209,Effectiveness of care and population health domain score,Q1 26/27,score,1.42,,,,9.0
Q1 2026/27,North East and Yorkshire,Mental health and community trust,Mental Health and Learning Disability,RV9,Humber Teaching NHS Foundation Trust,Effectiveness of care and population health,Effectiveness of care and population health domain score,OF4209,Effectiveness of care and population health domain score,Q1 26/27,score,1.98,,,,20.0
Q1 2026/27,South West,Mental health and community trust,Mental Health and Learning Disability,RVN,Avon and Wiltshire Mental Health Partnership NHS Trust,Effectiveness of care and population health,Effectiveness of care and population health domain score,OF4209,Effectiveness of care and population health domain score,Q1 26/27,score,1.56,,,,14.0
Q1 2026/27,South East,Mental health and community trust,Mental Health and Learning Disability,RW1,Hampshire and Isle of Wight Healthcare NHS Foundation Trust,Effectiveness of care and population health,Effectiveness of care and population health domain score,OF4209,Effectiveness of care and population health domain score,Q1 26/27,score,2.0,,,,21.0
Q1 2026/27,North West,Mental health and community trust,Mental Health and Learning Disability,RW4,Mersey Care NHS Foundation Trust,Effectiveness of care and population health,Effectiveness of care and population health domain score,OF4209,Effectiveness of care and population health domain score,Q1 26/27,score,2.0,,,,21.0
Q1 2026/27,North West,Mental health and community trust,Mental Health and Learning Disability,RW5,Lancashire & South Cumbria NHS Foundation Trust,Effectiveness of care and population health,Effectiveness of care and population health domain score,OF4209,Effectiveness of care and population health domain score,Q1 26/27,score,1.75,,,,16.0
Q1 2026/27,London,Mental health and community trust,Mental Health and Learning Disability,RWK,East London NHS Foundation Trust,Effectiveness of care and population health,Effectiveness of care and population health domain score,OF4209,Effectiveness of care and population health domain score,Q1 26/27,score,1.25,,,,5.0
Q1 2026/27,East,Mental health and community trust,Mental Health and Learning Disability,RWR,Hertfordshire Partnership University NHS Foundation Trust,Effectiveness of care and population health,Effectiveness of care and population health domain score,OF4209,Effectiveness of care and population health domain score,Q1 26/27,score,1.83,,,,19.0
Q1 2026/27,South West,Mental health and community trust,Mental Health and Learning Disability,RWV,Devon Partnership NHS Trust,Effectiveness of care and population health,Effectiveness of care and population health domain score,OF4209,Effectiveness of care and population health domain score,Q1 26/27,score,2.5,,,,45.0
Q1 2026/27,South East,Mental health and community trust,Mental Health and Learning Disability,RWX,Berkshire Healthcare NHS Foundation Trust,Effectiveness of care and population health,Effectiveness of care and population health domain score,OF4209,Effectiveness of care and population health domain score,Q1 26/27,score,1.15,,,,4.0
Q1 2026/27,South East,Mental health and community trust,Mental Health and Learning Disability,RX2,Sussex Partnership NHS Foundation Trust,Effectiveness of care and population health,Effectiveness of care and population health domain score,OF4209,Effectiveness of care and population health domain score,Q1 26/27,score,1.81,,,,18.0
Q1 2026/27,North East and Yorkshire,Mental health and community trust,Mental Health and Learning Disability,RX3,"Tees, Esk and Wear Valleys NHS Foundation Trust",Effectiveness of care and population health,Effectiveness of care and population health domain score,OF4209,Effectiveness of care and population health domain score,Q1 26/27,score,2.33,,,,37.0
Q1 2026/27,North East and Yorkshire,Mental health and community trust,Mental Health and Learning Disability,RX4,"Cumbria, Northumberland, Tyne and Wear NHS Foundation Trust",Effectiveness of care and population health,Effectiveness of care and population health domain score,OF4209,Effectiveness of care and population health domain score,Q1 26/27,score,2.0,,,,21.0
Q1 2026/27,North West,Mental health and community trust,Mental Health and Learning Disability,RXA,Cheshire and Wirral Partnership NHS Foundation Trust,Effectiveness of care and population health,Effectiveness of care and population health domain score,OF4209,Effectiveness of care and population health domain score,Q1 26/27,score,2.33,,,,37.0
Q1 2026/27,North East and Yorkshire,Mental health and community trust,Mental Health and Learning Disability,RXE,Rotherham Doncaster and South Humber NHS Foundation Trust,Effectiveness of care and population health,Effectiveness of care and population health domain score,OF4209,Effectiveness of care and population health domain score,Q1 26/27,score,2.0,,,,21.0
Q1 2026/27,North East and Yorkshire,Mental health and community trust,Mental Health and Learning Disability,RXG,South West Yorkshire Partnership NHS Foundation Trust,Effectiveness of care and population health,Effectiveness of care and population health domain score,OF4209,Effectiveness of care and population health domain score,Q1 26/27,score,1.06,,,,2.0
Q1 2026/27,Midlands,Mental health and community trust,Mental Health and Learning Disability,RXM,Derbyshire Healthcare NHS Foundation Trust,Effectiveness of care and population health,Effectiveness of care and population health domain score,OF4209,Effectiveness of care and population health domain score,Q1 26/27,score,2.33,,,,37.0
Q1 2026/27,Midlands,Mental health and community trust,Mental Health and Learning Disability,RXT,Birmingham and Solihull Mental Health NHS Foundation Trust,Effectiveness of care and population health,Effectiveness of care and population health domain score,OF4209,Effectiveness of care and population health domain score,Q1 26/27,score,1.25,,,,5.0
Q1 2026/27,North West,Mental health and community trust,Mental Health and Learning Disability,RXV,Greater Manchester Mental Health NHS Foundation Trust,Effectiveness of care and population health,Effectiveness of care and population health domain score,OF4209,Effectiveness of care and population health domain score,Q1 26/27,score,1.08,,,,3.0
Q1 2026/27,South East,Mental health and community trust,Mental Health and Learning Disability,RXX,Surrey and Borders Partnership NHS Foundation Trust,Effectiveness of care and population health,Effectiveness of care and population health domain score,OF4209,Effectiveness of care and population health domain score,Q1 26/27,score,1.47,,,,12.0
Q1 2026/27,South East,Mental health and community trust,Mental Health and Learning Disability,RXY,Kent and Medway Mental Health NHS Trust,Effectiveness of care and population health,Effectiveness of care and population health domain score,OF4209,Effectiveness of care and population health domain score,Q1 26/27,score,2.67,,,,48.0
Q1 2026/27,East,Mental health and community trust,Community,RY4,Hertfordshire Community NHS Trust,Effectiveness of care and population health,Effectiveness of care and population health domain score,OF4209,Effectiveness of care and population health domain score,Q1 26/27,score,2.0,,,,21.0
Q1 2026/27,Midlands,Mental health and community trust,Community,RY5,Lincolnshire Community Health Services NHS Trust,Effectiveness of care and population health,Effectiveness of care and population health domain score,OF4209,Effectiveness of care and population health domain score,Q1 26/27,score,3.0,,,,52.0
Q1 2026/27,Midlands,Mental health and community trust,Community,RY8,Derbyshire Community Health Services NHS Foundation Trust,Effectiveness of care and population health,Effectiveness of care and population health domain score,OF4209,Effectiveness of care and population health domain score,Q1 26/27,score,2.0,,,,21.0
Q1 2026/27,Midlands,Mental health and community trust,Mental Health and Learning Disability,RYG,Coventry and Warwickshire Partnership NHS Trust,Effectiveness of care and population health,Effectiveness of care and population health domain score,OF4209,Effectiveness of care and population health domain score,Q1 26/27,score,3.22,,,,54.0
Q1 2026/27,Midlands,Mental health and community trust,Community,RYW,Birmingham Community Healthcare NHS Foundation Trust,Effectiveness of care and population health,Effectiveness of care and population health domain score,OF4209,Effectiveness of care and population health domain score,Q1 26/27,score,2.5,,,,45.0
Q1 2026/27,South East,Mental health and community trust,Community,RYY,Kent Community Health NHS Foundation Trust,Effectiveness of care and population health,Effectiveness of care and population health domain score,OF4209,Effectiveness of care and population health domain score,Q1 26/27,score,2.0,,,,21.0
Q1 2026/27,North East and Yorkshire,Mental health and community trust,Care Trust,TAD,Bradford District Care NHS Foundation Trust,Effectiveness of care and population health,Effectiveness of care and population health domain score,OF4209,Effectiveness of care and population health domain score,Q1 26/27,score,3.0,,,,52.0
Q1 2026/27,North East and Yorkshire,Mental health and community trust,Care Trust,TAH,Sheffield Health Partnership University NHS Foundation Trust,Effectiveness of care and population health,Effectiveness of care and population health domain score,OF4209,Effectiveness of care and population health domain score,Q1 26/27,score,2.11,,,,34.0
Q1 2026/27,Midlands,Mental health and community trust,Mental Health and Learning Disability,TAJ,Black Country Healthcare NHS Foundation Trust,Effectiveness of care and population health,Effectiveness of care and population health domain score,OF4209,Effectiveness of care and population health domain score,Q1 26/27,score,2.33,,,,37.0
Q1 2026/27,London,Mental health and community trust,Mental Health and Learning Disability,G6V2S,North London NHS Foundation Trust,Access to services,Access to services domain segment,OF4300,Access to services domain segment,Q1 26/27,segment,4.0,,,,
Q1 2026/27,Midlands,Mental health and community trust,Community,R1A,Herefordshire and Worcestershire Health and Care NHS Trust,Access to services,Access to services domain segment,OF4300,Access to services domain segment,Q1 26/27,segment,2.0,,,,
Q1 2026/27,Midlands,Mental health and community trust,Community,R1D,Shropshire Community Health NHS Trust,Access to services,Access to services domain segment,OF4300,Access to services domain segment,Q1 26/27,segment,1.0,,,,
Q1 2026/27,East,Mental health and community trust,Mental Health and Learning Disability,R1L,Essex Partnership University NHS Foundation Trust,Access to services,Access to services domain segment,OF4300,Access to services domain segment,Q1 26/27,segment,1.0,,,,
Q1 2026/27,London,Mental health and community trust,Mental Health and Learning Disability,RAT,North East London NHS Foundation Trust,Access to services,Access to services domain segment,OF4300,Access to services domain segment,Q1 26/27,segment,3.0,,,,
Q1 2026/27,South East,Mental health and community trust,Community,RDR,Sussex Community NHS Foundation Trust,Access to services,Access to services domain segment,OF4300,Access to services domain segment,Q1 26/27,segment,4.0,,,,
Q1 2026/27,South West,Mental health and community trust,Mental Health and Learning Disability,RDY,Dorset Healthcare University NHS Foundation Trust,Access to services,Access to services domain segment,OF4300,Access to services domain segment,Q1 26/27,segment,1.0,,,,
Q1 2026/27,North East and Yorkshire,Mental health and community trust,Mental Health and Learning Disability,RGD,Leeds and York Partnership NHS Foundation Trust,Access to services,Access to services domain segment,OF4300,Access to services domain segment,Q1 26/27,segment,2.0,,,,
Q1 2026/27,Midlands,Mental health and community trust,Mental Health and Learning Disability,RHA,Nottinghamshire Healthcare NHS Foundation Trust,Access to services,Access to services domain segment,OF4300,Access to services domain segment,Q1 26/27,segment,1.0,,,,
Q1 2026/27,South West,Mental health and community trust,Mental Health and Learning Disability,RJ8,Cornwall Partnership NHS Foundation Trust,Access to services,Access to services domain segment,OF4300,Access to services domain segment,Q1 26/27,segment,4.0,,,,
Q1 2026/27,London,Mental health and community trust,Mental Health and Learning Disability,RKL,West London NHS Trust,Access to services,Access to services domain segment,OF4300,Access to services domain segment,Q1 26/27,segment,2.0,,,,
Q1 2026/27,Midlands,Mental health and community trust,Mental Health and Learning Disability,RLY,North Staffordshire Combined Healthcare NHS Trust,Access to services,Access to services domain segment,OF4300,Access to services domain segment,Q1 26/27,segment,4.0,,,,
Q1 2026/27,East,Mental health and community trust,Mental Health and Learning Disability,RMY,Norfolk and Suffolk NHS Foundation Trust,Access to services,Access to services domain segment,OF4300,Access to services domain segment,Q1 26/27,segment,4.0,,,,
Q1 2026/27,South East,Mental health and community trust,Mental Health and Learning Disability,RNU,Oxford Health NHS Foundation Trust,Access to services,Access to services domain segment,OF4300,Access to services domain segment,Q1 26/27,segment,4.0,,,,
Q1 2026/27,Midlands,Mental health and community trust,Mental Health and Learning Disability,RP1,Northamptonshire Healthcare NHS Foundation Trust,Access to services,Access to services domain segment,OF4300,Access to services domain segment,Q1 26/27,segment,4.0,,,,
Q1 2026/27,Midlands,Mental health and community trust,Mental Health and Learning Disability,RP7,Lincolnshire Partnership NHS Foundation Trust,Access to services,Access to services domain segment,OF4300,Access to services domain segment,Q1 26/27,segment,1.0,,,,
Q1 2026/27,London,Mental health and community trust,Mental Health and Learning Disability,RPG,Oxleas NHS Foundation Trust,Access to services,Access to services domain segment,OF4300,Access to services domain segment,Q1 26/27,segment,4.0,,,,
Q1 2026/27,London,Mental health and community trust,Mental Health and Learning Disability,RQY,South West London and St George's Mental Health NHS Trust,Access to services,Access to services domain segment,OF4300,Access to services domain segment,Q1 26/27,segment,2.0,,,,
Q1 2026/27,Midlands,Mental health and community trust,Mental Health and Learning Disability,RRE,Midlands Partnership University NHS Foundation Trust,Access to services,Access to services domain segment,OF4300,Access to services domain segment,Q1 26/27,segment,1.0,,,,
Q1 2026/27,East,Mental health and community trust,Mental Health and Learning Disability,RT1,Cambridgeshire and Peterborough NHS Foundation Trust,Access to services,Access to services domain segment,OF4300,Access to services domain segment,Q1 26/27,segment,2.0,,,,
Q1 2026/27,North West,Mental health and community trust,Mental Health and Learning Disability,RT2,Pennine Care NHS Foundation Trust,Access to services,Access to services domain segment,OF4300,Access to services domain segment,Q1 26/27,segment,4.0,,,,
Q1 2026/27,Midlands,Mental health and community trust,Mental Health and Learning Disability,RT5,Leicestershire Partnership NHS Trust,Access to services,Access to services domain segment,OF4300,Access to services domain segment,Q1 26/27,segment,4.0,,,,
Q1 2026/27,South West,Mental health and community trust,Mental Health and Learning Disability,RTQ,Gloucestershire Health and Care NHS Foundation Trust,Access to services,Access to services domain segment,OF4300,Access to services domain segment,Q1 26/27,segment,3.0,,,,
Q1 2026/27,London,Mental health and community trust,Mental Health and Learning Disability,RV3,Central and North West London NHS Foundation Trust,Access to services,Access to services domain segment,OF4300,Access to services domain segment,Q1 26/27,segment,1.0,,,,
Q1 2026/27,London,Mental health and community trust,Mental Health and Learning Disability,RV5,South London and Maudsley NHS Foundation Trust,Access to services,Access to services domain segment,OF4300,Access to services domain segment,Q1 26/27,segment,4.0,,,,
Q1 2026/27,North East and Yorkshire,Mental health and community trust,Mental Health and Learning Disability,RV9,Humber Teaching NHS Foundation Trust,Access to services,Access to services domain segment,OF4300,Access to services domain segment,Q1 26/27,segment,2.0,,,,
Q1 2026/27,South West,Mental health and community trust,Mental Health and Learning Disability,RVN,Avon and Wiltshire Mental Health Partnership NHS Trust,Access to services,Access to services domain segment,OF4300,Access to services domain segment,Q1 26/27,segment,4.0,,,,
Q1 2026/27,South East,Mental health and community trust,Mental Health and Learning Disability,RW1,Hampshire and Isle of Wight Healthcare NHS Foundation Trust,Access to services,Access to services domain segment,OF4300,Access to services domain segment,Q1 26/27,segment,3.0,,,,
Q1 2026/27,North West,Mental health and community trust,Mental Health and Learning Disability,RW4,Mersey Care NHS Foundation Trust,Access to services,Access to services domain segment,OF4300,Access to services domain segment,Q1 26/27,segment,1.0,,,,
Q1 2026/27,North West,Mental health and community trust,Mental Health and Learning Disability,RW5,Lancashire & South Cumbria NHS Foundation Trust,Access to services,Access to services domain segment,OF4300,Access to services domain segment,Q1 26/27,segment,1.0,,,,
Q1 2026/27,London,Mental health and community trust,Mental Health and Learning Disability,RWK,East London NHS Foundation Trust,Access to services,Access to services domain segment,OF4300,Access to services domain segment,Q1 26/27,segment,1.0,,,,
Q1 2026/27,East,Mental health and community trust,Mental Health and Learning Disability,RWR,Hertfordshire Partnership University NHS Foundation Trust,Access to services,Access to services domain segment,OF4300,Access to services domain segment,Q1 26/27,segment,1.0,,,,
Q1 2026/27,South West,Mental health and community trust,Mental Health and Learning Disability,RWV,Devon Partnership NHS Trust,Access to services,Access to services domain segment,OF4300,Access to services domain segment,Q1 26/27,segment,4.0,,,,
Q1 2026/27,South East,Mental health and community trust,Mental Health and Learning Disability,RWX,Berkshire Healthcare NHS Foundation Trust,Access to services,Access to services domain segment,OF4300,Access to services domain segment,Q1 26/27,segment,2.0,,,,
Q1 2026/27,South East,Mental health and community trust,Mental Health and Learning Disability,RX2,Sussex Partnership NHS Foundation Trust,Access to services,Access to services domain segment,OF4300,Access to services domain segment,Q1 26/27,segment,4.0,,,,
Q1 2026/27,North East and Yorkshire,Mental health and community trust,Mental Health and Learning Disability,RX3,"Tees, Esk and Wear Valleys NHS Foundation Trust",Access to services,Access to services domain segment,OF4300,Access to services domain segment,Q1 26/27,segment,2.0,,,,
Q1 2026/27,North East and Yorkshire,Mental health and community trust,Mental Health and Learning Disability,RX4,"Cumbria, Northumberland, Tyne and Wear NHS Foundation Trust",Access to services,Access to services domain segment,OF4300,Access to services domain segment,Q1 26/27,segment,2.0,,,,
Q1 2026/27,North West,Mental health and community trust,Mental Health and Learning Disability,RXA,Cheshire and Wirral Partnership NHS Foundation Trust,Access to services,Access to services domain segment,OF4300,Access to services domain segment,Q1 26/27,segment,2.0,,,,
Q1 2026/27,North East and Yorkshire,Mental health and community trust,Mental Health and Learning Disability,RXE,Rotherham Doncaster and South Humber NHS Foundation Trust,Access to services,Access to services domain segment,OF4300,Access to services domain segment,Q1 26/27,segment,2.0,,,,
Q1 2026/27,North East and Yorkshire,Mental health and community trust,Mental Health and Learning Disability,RXG,South West Yorkshire Partnership NHS Foundation Trust,Access to services,Access to services domain segment,OF4300,Access to services domain segment,Q1 26/27,segment,2.0,,,,
Q1 2026/27,Midlands,Mental health and community trust,Mental Health and Learning Disability,RXM,Derbyshire Healthcare NHS Foundation Trust,Access to services,Access to services domain segment,OF4300,Access to services domain segment,Q1 26/27,segment,4.0,,,,
Q1 2026/27,Midlands,Mental health and community trust,Mental Health and Learning Disability,RXT,Birmingham and Solihull Mental Health NHS Foundation Trust,Access to services,Access to services domain segment,OF4300,Access to services domain segment,Q1 26/27,segment,4.0,,,,
Q1 2026/27,North West,Mental health and community trust,Mental Health and Learning Disability,RXV,Greater Manchester Mental Health NHS Foundation Trust,Access to services,Access to services domain segment,OF4300,Access to services domain segment,Q1 26/27,segment,4.0,,,,
Q1 2026/27,South East,Mental health and community trust,Mental Health and Learning Disability,RXX,Surrey and Borders Partnership NHS Foundation Trust,Access to services,Access to services domain segment,OF4300,Access to services domain segment,Q1 26/27,segment,4.0,,,,
Q1 2026/27,South East,Mental health and community trust,Mental Health and Learning Disability,RXY,Kent and Medway Mental Health NHS Trust,Access to services,Access to services domain segment,OF4300,Access to services domain segment,Q1 26/27,segment,4.0,,,,
Q1 2026/27,East,Mental health and community trust,Community,RY3,Norfolk Community Health and Care NHS Trust,Access to services,Access to services domain segment,OF4300,Access to services domain segment,Q1 26/27,segment,3.0,,,,
Q1 2026/27,East,Mental health and community trust,Community,RY4,Hertfordshire Community NHS Trust,Access to services,Access to services domain segment,OF4300,Access to services domain segment,Q1 26/27,segment,1.0,,,,
Q1 2026/27,Midlands,Mental health and community trust,Community,RY5,Lincolnshire Community Health Services NHS Trust,Access to services,Access to services domain segment,OF4300,Access to services domain segment,Q1 26/27,segment,1.0,,,,
Q1 2026/27,North East and Yorkshire,Mental health and community trust,Community,RY6,Leeds Community Healthcare NHS Trust,Access to services,Access to services domain segment,OF4300,Access to services domain segment,Q1 26/27,segment,3.0,,,,
Q1 2026/27,North West,Mental health and community trust,Community,RY7,Wirral Community Health and Care NHS Foundation Trust,Access to services,Access to services domain segment,OF4300,Access to services domain segment,Q1 26/27,segment,1.0,,,,
Q1 2026/27,Midlands,Mental health and community trust,Community,RY8,Derbyshire Community Health Services NHS Foundation Trust,Access to services,Access to services domain segment,OF4300,Access to services domain segment,Q1 26/27,segment,1.0,,,,
Q1 2026/27,Midlands,Mental health and community trust,Mental Health and Learning Disability,RYG,Coventry and Warwickshire Partnership NHS Trust,Access to services,Access to services domain segment,OF4300,Access to services domain segment,Q1 26/27,segment,4.0,,,,
Q1 2026/27,Midlands,Mental health and community trust,Community,RYW,Birmingham Community Healthcare NHS Foundation Trust,Access to services,Access to services domain segment,OF4300,Access to services domain segment,Q1 26/27,segment,4.0,,,,
Q1 2026/27,London,Mental health and community trust,Community,RYX,Central London Community Healthcare NHS Trust,Access to services,Access to services domain segment,OF4300,Access to services domain segment,Q1 26/27,segment,1.0,,,,
Q1 2026/27,South East,Mental health and community trust,Community,RYY,Kent Community Health NHS Foundation Trust,Access to services,Access to services domain segment,OF4300,Access to services domain segment,Q1 26/27,segment,1.0,,,,
Q1 2026/27,North East and Yorkshire,Mental health and community trust,Care Trust,TAD,Bradford District Care NHS Foundation Trust,Access to services,Access to services domain segment,OF4300,Access to services domain segment,Q1 26/27,segment,2.0,,,,
Q1 2026/27,North East and Yorkshire,Mental health and community trust,Care Trust,TAH,Sheffield Health Partnership University NHS Foundation Trust,Access to services,Access to services domain segment,OF4300,Access to services domain segment,Q1 26/27,segment,1.0,,,,
Q1 2026/27,Midlands,Mental health and community trust,Mental Health and Learning Disability,TAJ,Black Country Healthcare NHS Foundation Trust,Access to services,Access to services domain segment,OF4300,Access to services domain segment,Q1 26/27,segment,3.0,,,,
Q1 2026/27,London,Mental health and community trust,Mental Health and Learning Disability,G6V2S,North London NHS Foundation Trust,Patient safety,Patient safety domain segment,OF4302,Patient safety domain segment,Q1 26/27,segment,3.0,,,,
Q1 2026/27,Midlands,Mental health and community trust,Community,R1A,Herefordshire and Worcestershire Health and Care NHS Trust,Patient safety,Patient safety domain segment,OF4302,Patient safety domain segment,Q1 26/27,segment,3.0,,,,
Q1 2026/27,Midlands,Mental health and community trust,Community,R1D,Shropshire Community Health NHS Trust,Patient safety,Patient safety domain segment,OF4302,Patient safety domain segment,Q1 26/27,segment,4.0,,,,
Q1 2026/27,East,Mental health and community trust,Mental Health and Learning Disability,R1L,Essex Partnership University NHS Foundation Trust,Patient safety,Patient safety domain segment,OF4302,Patient safety domain segment,Q1 26/27,segment,4.0,,,,
Q1 2026/27,London,Mental health and community trust,Mental Health and Learning Disability,RAT,North East London NHS Foundation Trust,Patient safety,Patient safety domain segment,OF4302,Patient safety domain segment,Q1 26/27,segment,1.0,,,,
Q1 2026/27,South East,Mental health and community trust,Community,RDR,Sussex Community NHS Foundation Trust,Patient safety,Patient safety domain segment,OF4302,Patient safety domain segment,Q1 26/27,segment,1.0,,,,
Q1 2026/27,South West,Mental health and community trust,Mental Health and Learning Disability,RDY,Dorset Healthcare University NHS Foundation Trust,Patient safety,Patient safety domain segment,OF4302,Patient safety domain segment,Q1 26/27,segment,3.0,,,,
Q1 2026/27,North East and Yorkshire,Mental health and community trust,Mental Health and Learning Disability,RGD,Leeds and York Partnership NHS Foundation Trust,Patient safety,Patient safety domain segment,OF4302,Patient safety domain segment,Q1 26/27,segment,3.0,,,,
Q1 2026/27,Midlands,Mental health and community trust,Mental Health and Learning Disability,RHA,Nottinghamshire Healthcare NHS Foundation Trust,Patient safety,Patient safety domain segment,OF4302,Patient safety domain segment,Q1 26/27,segment,4.0,,,,
Q1 2026/27,South West,Mental health and community trust,Mental Health and Learning Disability,RJ8,Cornwall Partnership NHS Foundation Trust,Patient safety,Patient safety domain segment,OF4302,Patient safety domain segment,Q1 26/27,segment,2.0,,,,
Q1 2026/27,London,Mental health and community trust,Mental Health and Learning Disability,RKL,West London NHS Trust,Patient safety,Patient safety domain segment,OF4302,Patient safety domain segment,Q1 26/27,segment,2.0,,,,
Q1 2026/27,Midlands,Mental health and community trust,Mental Health and Learning Disability,RLY,North Staffordshire Combined Healthcare NHS Trust,Patient safety,Patient safety domain segment,OF4302,Patient safety domain segment,Q1 26/27,segment,2.0,,,,
Q1 2026/27,East,Mental health and community trust,Mental Health and Learning Disability,RMY,Norfolk and Suffolk NHS Foundation Trust,Patient safety,Patient safety domain segment,OF4302,Patient safety domain segment,Q1 26/27,segment,4.0,,,,
Q1 2026/27,South East,Mental health and community trust,Mental Health and Learning Disability,RNU,Oxford Health NHS Foundation Trust,Patient safety,Patient safety domain segment,OF4302,Patient safety domain segment,Q1 26/27,segment,1.0,,,,
Q1 2026/27,Midlands,Mental health and community trust,Mental Health and Learning Disability,RP1,Northamptonshire Healthcare NHS Foundation Trust,Patient safety,Patient safety domain segment,OF4302,Patient safety domain segment,Q1 26/27,segment,1.0,,,,
Q1 2026/27,Midlands,Mental health and community trust,Mental Health and Learning Disability,RP7,Lincolnshire Partnership NHS Foundation Trust,Patient safety,Patient safety domain segment,OF4302,Patient safety domain segment,Q1 26/27,segment,4.0,,,,
Q1 2026/27,London,Mental health and community trust,Mental Health and Learning Disability,RPG,Oxleas NHS Foundation Trust,Patient safety,Patient safety domain segment,OF4302,Patient safety domain segment,Q1 26/27,segment,1.0,,,,
Q1 2026/27,London,Mental health and community trust,Mental Health and Learning Disability,RQY,South West London and St George's Mental Health NHS Trust,Patient safety,Patient safety domain segment,OF4302,Patient safety domain segment,Q1 26/27,segment,2.0,,,,
Q1 2026/27,Midlands,Mental health and community trust,Mental Health and Learning Disability,RRE,Midlands Partnership University NHS Foundation Trust,Patient safety,Patient safety domain segment,OF4302,Patient safety domain segment,Q1 26/27,segment,1.0,,,,
Q1 2026/27,East,Mental health and community trust,Mental Health and Learning Disability,RT1,Cambridgeshire and Peterborough NHS Foundation Trust,Patient safety,Patient safety domain segment,OF4302,Patient safety domain segment,Q1 26/27,segment,3.0,,,,
Q1 2026/27,North West,Mental health and community trust,Mental Health and Learning Disability,RT2,Pennine Care NHS Foundation Trust,Patient safety,Patient safety domain segment,OF4302,Patient safety domain segment,Q1 26/27,segment,4.0,,,,
Q1 2026/27,Midlands,Mental health and community trust,Mental Health and Learning Disability,RT5,Leicestershire Partnership NHS Trust,Patient safety,Patient safety domain segment,OF4302,Patient safety domain segment,Q1 26/27,segment,1.0,,,,
Q1 2026/27,South West,Mental health and community trust,Mental Health and Learning Disability,RTQ,Gloucestershire Health and Care NHS Foundation Trust,Patient safety,Patient safety domain segment,OF4302,Patient safety domain segment,Q1 26/27,segment,1.0,,,,
Q1 2026/27,London,Mental health and community trust,Mental Health and Learning Disability,RV3,Central and North West London NHS Foundation Trust,Patient safety,Patient safety domain segment,OF4302,Patient safety domain segment,Q1 26/27,segment,1.0,,,,
Q1 2026/27,London,Mental health and community trust,Mental Health and Learning Disability,RV5,South London and Maudsley NHS Foundation Trust,Patient safety,Patient safety domain segment,OF4302,Patient safety domain segment,Q1 26/27,segment,2.0,,,,
Q1 2026/27,North East and Yorkshire,Mental health and community trust,Mental Health and Learning Disability,RV9,Humber Teaching NHS Foundation Trust,Patient safety,Patient safety domain segment,OF4302,Patient safety domain segment,Q1 26/27,segment,1.0,,,,
Q1 2026/27,South West,Mental health and community trust,Mental Health and Learning Disability,RVN,Avon and Wiltshire Mental Health Partnership NHS Trust,Patient safety,Patient safety domain segment,OF4302,Patient safety domain segment,Q1 26/27,segment,3.0,,,,
Q1 2026/27,South East,Mental health and community trust,Mental Health and Learning Disability,RW1,Hampshire and Isle of Wight Healthcare NHS Foundation Trust,Patient safety,Patient safety domain segment,OF4302,Patient safety domain segment,Q1 26/27,segment,2.0,,,,
Q1 2026/27,North West,Mental health and community trust,Mental Health and Learning Disability,RW4,Mersey Care NHS Foundation Trust,Patient safety,Patient safety domain segment,OF4302,Patient safety domain segment,Q1 26/27,segment,2.0,,,,
Q1 2026/27,North West,Mental health and community trust,Mental Health and Learning Disability,RW5,Lancashire & South Cumbria NHS Foundation Trust,Patient safety,Patient safety domain segment,OF4302,Patient safety domain segment,Q1 26/27,segment,4.0,,,,
Q1 2026/27,London,Mental health and community trust,Mental Health and Learning Disability,RWK,East London NHS Foundation Trust,Patient safety,Patient safety domain segment,OF4302,Patient safety domain segment,Q1 26/27,segment,2.0,,,,
Q1 2026/27,East,Mental health and community trust,Mental Health and Learning Disability,RWR,Hertfordshire Partnership University NHS Foundation Trust,Patient safety,Patient safety domain segment,OF4302,Patient safety domain segment,Q1 26/27,segment,2.0,,,,
Q1 2026/27,South West,Mental health and community trust,Mental Health and Learning Disability,RWV,Devon Partnership NHS Trust,Patient safety,Patient safety domain segment,OF4302,Patient safety domain segment,Q1 26/27,segment,2.0,,,,
Q1 2026/27,South East,Mental health and community trust,Mental Health and Learning Disability,RWX,Berkshire Healthcare NHS Foundation Trust,Patient safety,Patient safety domain segment,OF4302,Patient safety domain segment,Q1 26/27,segment,2.0,,,,
Q1 2026/27,South East,Mental health and community trust,Mental Health and Learning Disability,RX2,Sussex Partnership NHS Foundation Trust,Patient safety,Patient safety domain segment,OF4302,Patient safety domain segment,Q1 26/27,segment,4.0,,,,
Q1 2026/27,North East and Yorkshire,Mental health and community trust,Mental Health and Learning Disability,RX3,"Tees, Esk and Wear Valleys NHS Foundation Trust",Patient safety,Patient safety domain segment,OF4302,Patient safety domain segment,Q1 26/27,segment,1.0,,,,
Q1 2026/27,North East and Yorkshire,Mental health and community trust,Mental Health and Learning Disability,RX4,"Cumbria, Northumberland, Tyne and Wear NHS Foundation Trust",Patient safety,Patient safety domain segment,OF4302,Patient safety domain segment,Q1 26/27,segment,3.0,,,,
Q1 2026/27,North West,Mental health and community trust,Mental Health and Learning Disability,RXA,Cheshire and Wirral Partnership NHS Foundation Trust,Patient safety,Patient safety domain segment,OF4302,Patient safety domain segment,Q1 26/27,segment,2.0,,,,
Q1 2026/27,North East and Yorkshire,Mental health and community trust,Mental Health and Learning Disability,RXE,Rotherham Doncaster and South Humber NHS Foundation Trust,Patient safety,Patient safety domain segment,OF4302,Patient safety domain segment,Q1 26/27,segment,4.0,,,,
Q1 2026/27,North East and Yorkshire,Mental health and community trust,Mental Health and Learning Disability,RXG,South West Yorkshire Partnership NHS Foundation Trust,Patient safety,Patient safety domain segment,OF4302,Patient safety domain segment,Q1 26/27,segment,1.0,,,,
Q1 2026/27,Midlands,Mental health and community trust,Mental Health and Learning Disability,RXM,Derbyshire Healthcare NHS Foundation Trust,Patient safety,Patient safety domain segment,OF4302,Patient safety domain segment,Q1 26/27,segment,3.0,,,,
Q1 2026/27,Midlands,Mental health and community trust,Mental Health and Learning Disability,RXT,Birmingham and Solihull Mental Health NHS Foundation Trust,Patient safety,Patient safety domain segment,OF4302,Patient safety domain segment,Q1 26/27,segment,4.0,,,,
Q1 2026/27,North West,Mental health and community trust,Mental Health and Learning Disability,RXV,Greater Manchester Mental Health NHS Foundation Trust,Patient safety,Patient safety domain segment,OF4302,Patient safety domain segment,Q1 26/27,segment,4.0,,,,
Q1 2026/27,South East,Mental health and community trust,Mental Health and Learning Disability,RXX,Surrey and Borders Partnership NHS Foundation Trust,Patient safety,Patient safety domain segment,OF4302,Patient safety domain segment,Q1 26/27,segment,4.0,,,,
Q1 2026/27,South East,Mental health and community trust,Mental Health and Learning Disability,RXY,Kent and Medway Mental Health NHS Trust,Patient safety,Patient safety domain segment,OF4302,Patient safety domain segment,Q1 26/27,segment,3.0,,,,
Q1 2026/27,East,Mental health and community trust,Community,RY3,Norfolk Community Health and Care NHS Trust,Patient safety,Patient safety domain segment,OF4302,Patient safety domain segment,Q1 26/27,segment,1.0,,,,
Q1 2026/27,East,Mental health and community trust,Community,RY4,Hertfordshire Community NHS Trust,Patient safety,Patient safety domain segment,OF4302,Patient safety domain segment,Q1 26/27,segment,1.0,,,,
Q1 2026/27,Midlands,Mental health and community trust,Community,RY5,Lincolnshire Community Health Services NHS Trust,Patient safety,Patient safety domain segment,OF4302,Patient safety domain segment,Q1 26/27,segment,4.0,,,,
Q1 2026/27,North East and Yorkshire,Mental health and community trust,Community,RY6,Leeds Community Healthcare NHS Trust,Patient safety,Patient safety domain segment,OF4302,Patient safety domain segment,Q1 26/27,segment,1.0,,,,
Q1 2026/27,North West,Mental health and community trust,Community,RY7,Wirral Community Health and Care NHS Foundation Trust,Patient safety,Patient safety domain segment,OF4302,Patient safety domain segment,Q1 26/27,segment,1.0,,,,
Q1 2026/27,Midlands,Mental health and community trust,Community,RY8,Derbyshire Community Health Services NHS Foundation Trust,Patient safety,Patient safety domain segment,OF4302,Patient safety domain segment,Q1 26/27,segment,1.0,,,,
Q1 2026/27,Midlands,Mental health and community trust,Mental Health and Learning Disability,RYG,Coventry and Warwickshire Partnership NHS Trust,Patient safety,Patient safety domain segment,OF4302,Patient safety domain segment,Q1 26/27,segment,4.0,,,,
Q1 2026/27,Midlands,Mental health and community trust,Community,RYW,Birmingham Community Healthcare NHS Foundation Trust,Patient safety,Patient safety domain segment,OF4302,Patient safety domain segment,Q1 26/27,segment,4.0,,,,
Q1 2026/27,London,Mental health and community trust,Community,RYX,Central London Community Healthcare NHS Trust,Patient safety,Patient safety domain segment,OF4302,Patient safety domain segment,Q1 26/27,segment,2.0,,,,
Q1 2026/27,South East,Mental health and community trust,Community,RYY,Kent Community Health NHS Foundation Trust,Patient safety,Patient safety domain segment,OF4302,Patient safety domain segment,Q1 26/27,segment,1.0,,,,
Q1 2026/27,North East and Yorkshire,Mental health and community trust,Care Trust,TAD,Bradford District Care NHS Foundation Trust,Patient safety,Patient safety domain segment,OF4302,Patient safety domain segment,Q1 26/27,segment,1.0,,,,
Q1 2026/27,North East and Yorkshire,Mental health and community trust,Care Trust,TAH,Sheffield Health Partnership University NHS Foundation Trust,Patient safety,Patient safety domain segment,OF4302,Patient safety domain segment,Q1 26/27,segment,4.0,,,,
Q1 2026/27,Midlands,Mental health and community trust,Mental Health and Learning Disability,TAJ,Black Country Healthcare NHS Foundation Trust,Patient safety,Patient safety domain segment,OF4302,Patient safety domain segment,Q1 26/27,segment,4.0,,,,
Q1 2026/27,London,Mental health and community trust,Mental Health and Learning Disability,G6V2S,North London NHS Foundation Trust,"Finance, productivity and innovation","Finance, productivity and innovation domain segment",OF4303,"Finance, productivity and innovation domain segment",Q1 26/27,segment,1.0,,,,
Q1 2026/27,Midlands,Mental health and community trust,Community,R1A,Herefordshire and Worcestershire Health and Care NHS Trust,"Finance, productivity and innovation","Finance, productivity and innovation domain segment",OF4303,"Finance, productivity and innovation domain segment",Q1 26/27,segment,1.0,,,,
Q1 2026/27,Midlands,Mental health and community trust,Community,R1D,Shropshire Community Health NHS Trust,"Finance, productivity and innovation","Finance, productivity and innovation domain segment",OF4303,"Finance, productivity and innovation domain segment",Q1 26/27,segment,1.0,,,,
Q1 2026/27,East,Mental health and community trust,Mental Health and Learning Disability,R1L,Essex Partnership University NHS Foundation Trust,"Finance, productivity and innovation","Finance, productivity and innovation domain segment",OF4303,"Finance, productivity and innovation domain segment",Q1 26/27,segment,2.0,,,,
Q1 2026/27,London,Mental health and community trust,Mental Health and Learning Disability,RAT,North East London NHS Foundation Trust,"Finance, productivity and innovation","Finance, productivity and innovation domain segment",OF4303,"Finance, productivity and innovation domain segment",Q1 26/27,segment,1.0,,,,
Q1 2026/27,South East,Mental health and community trust,Community,RDR,Sussex Community NHS Foundation Trust,"Finance, productivity and innovation","Finance, productivity and innovation domain segment",OF4303,"Finance, productivity and innovation domain segment",Q1 26/27,segment,3.0,,,,
Q1 2026/27,South West,Mental health and community trust,Mental Health and Learning Disability,RDY,Dorset Healthcare University NHS Foundation Trust,"Finance, productivity and innovation","Finance, productivity and innovation domain segment",OF4303,"Finance, productivity and innovation domain segment",Q1 26/27,segment,3.0,,,,
Q1 2026/27,North East and Yorkshire,Mental health and community trust,Mental Health and Learning Disability,RGD,Leeds and York Partnership NHS Foundation Trust,"Finance, productivity and innovation","Finance, productivity and innovation domain segment",OF4303,"Finance, productivity and innovation domain segment",Q1 26/27,segment,2.0,,,,
Q1 2026/27,Midlands,Mental health and community trust,Mental Health and Learning Disability,RHA,Nottinghamshire Healthcare NHS Foundation Trust,"Finance, productivity and innovation","Finance, productivity and innovation domain segment",OF4303,"Finance, productivity and innovation domain segment",Q1 26/27,segment,4.0,,,,
Q1 2026/27,South West,Mental health and community trust,Mental Health and Learning Disability,RJ8,Cornwall Partnership NHS Foundation Trust,"Finance, productivity and innovation","Finance, productivity and innovation domain segment",OF4303,"Finance, productivity and innovation domain segment",Q1 26/27,segment,3.0,,,,
Q1 2026/27,London,Mental health and community trust,Mental Health and Learning Disability,RKL,West London NHS Trust,"Finance, productivity and innovation","Finance, productivity and innovation domain segment",OF4303,"Finance, productivity and innovation domain segment",Q1 26/27,segment,1.0,,,,
Q1 2026/27,Midlands,Mental health and community trust,Mental Health and Learning Disability,RLY,North Staffordshire Combined Healthcare NHS Trust,"Finance, productivity and innovation","Finance, productivity and innovation domain segment",OF4303,"Finance, productivity and innovation domain segment",Q1 26/27,segment,1.0,,,,
Q1 2026/27,East,Mental health and community trust,Mental Health and Learning Disability,RMY,Norfolk and Suffolk NHS Foundation Trust,"Finance, productivity and innovation","Finance, productivity and innovation domain segment",OF4303,"Finance, productivity and innovation domain segment",Q1 26/27,segment,2.0,,,,
Q1 2026/27,South East,Mental health and community trust,Mental Health and Learning Disability,RNU,Oxford Health NHS Foundation Trust,"Finance, productivity and innovation","Finance, productivity and innovation domain segment",OF4303,"Finance, productivity and innovation domain segment",Q1 26/27,segment,4.0,,,,
Q1 2026/27,Midlands,Mental health and community trust,Mental Health and Learning Disability,RP1,Northamptonshire Healthcare NHS Foundation Trust,"Finance, productivity and innovation","Finance, productivity and innovation domain segment",OF4303,"Finance, productivity and innovation domain segment",Q1 26/27,segment,2.0,,,,
Q1 2026/27,Midlands,Mental health and community trust,Mental Health and Learning Disability,RP7,Lincolnshire Partnership NHS Foundation Trust,"Finance, productivity and innovation","Finance, productivity and innovation domain segment",OF4303,"Finance, productivity and innovation domain segment",Q1 26/27,segment,3.0,,,,
Q1 2026/27,London,Mental health and community trust,Mental Health and Learning Disability,RPG,Oxleas NHS Foundation Trust,"Finance, productivity and innovation","Finance, productivity and innovation domain segment",OF4303,"Finance, productivity and innovation domain segment",Q1 26/27,segment,4.0,,,,
Q1 2026/27,London,Mental health and community trust,Mental Health and Learning Disability,RQY,South West London and St George's Mental Health NHS Trust,"Finance, productivity and innovation","Finance, productivity and innovation domain segment",OF4303,"Finance, productivity and innovation domain segment",Q1 26/27,segment,1.0,,,,
Q1 2026/27,Midlands,Mental health and community trust,Mental Health and Learning Disability,RRE,Midlands Partnership University NHS Foundation Trust,"Finance, productivity and innovation","Finance, productivity and innovation domain segment",OF4303,"Finance, productivity and innovation domain segment",Q1 26/27,segment,1.0,,,,
Q1 2026/27,East,Mental health and community trust,Mental Health and Learning Disability,RT1,Cambridgeshire and Peterborough NHS Foundation Trust,"Finance, productivity and innovation","Finance, productivity and innovation domain segment",OF4303,"Finance, productivity and innovation domain segment",Q1 26/27,segment,4.0,,,,
Q1 2026/27,North West,Mental health and community trust,Mental Health and Learning Disability,RT2,Pennine Care NHS Foundation Trust,"Finance, productivity and innovation","Finance, productivity and innovation domain segment",OF4303,"Finance, productivity and innovation domain segment",Q1 26/27,segment,1.0,,,,
Q1 2026/27,Midlands,Mental health and community trust,Mental Health and Learning Disability,RT5,Leicestershire Partnership NHS Trust,"Finance, productivity and innovation","Finance, productivity and innovation domain segment",OF4303,"Finance, productivity and innovation domain segment",Q1 26/27,segment,1.0,,,,
Q1 2026/27,South West,Mental health and community trust,Mental Health and Learning Disability,RTQ,Gloucestershire Health and Care NHS Foundation Trust,"Finance, productivity and innovation","Finance, productivity and innovation domain segment",OF4303,"Finance, productivity and innovation domain segment",Q1 26/27,segment,3.0,,,,
Q1 2026/27,London,Mental health and community trust,Mental Health and Learning Disability,RV3,Central and North West London NHS Foundation Trust,"Finance, productivity and innovation","Finance, productivity and innovation domain segment",OF4303,"Finance, productivity and innovation domain segment",Q1 26/27,segment,2.0,,,,
Q1 2026/27,London,Mental health and community trust,Mental Health and Learning Disability,RV5,South London and Maudsley NHS Foundation Trust,"Finance, productivity and innovation","Finance, productivity and innovation domain segment",OF4303,"Finance, productivity and innovation domain segment",Q1 26/27,segment,1.0,,,,
Q1 2026/27,North East and Yorkshire,Mental health and community trust,Mental Health and Learning Disability,RV9,Humber Teaching NHS Foundation Trust,"Finance, productivity and innovation","Finance, productivity and innovation domain segment",OF4303,"Finance, productivity and innovation domain segment",Q1 26/27,segment,2.0,,,,
Q1 2026/27,South West,Mental health and community trust,Mental Health and Learning Disability,RVN,Avon and Wiltshire Mental Health Partnership NHS Trust,"Finance, productivity and innovation","Finance, productivity and innovation domain segment",OF4303,"Finance, productivity and innovation domain segment",Q1 26/27,segment,3.0,,,,
Q1 2026/27,South East,Mental health and community trust,Mental Health and Learning Disability,RW1,Hampshire and Isle of Wight Healthcare NHS Foundation Trust,"Finance, productivity and innovation","Finance, productivity and innovation domain segment",OF4303,"Finance, productivity and innovation domain segment",Q1 26/27,segment,1.0,,,,
Q1 2026/27,North West,Mental health and community trust,Mental Health and Learning Disability,RW4,Mersey Care NHS Foundation Trust,"Finance, productivity and innovation","Finance, productivity and innovation domain segment",OF4303,"Finance, productivity and innovation domain segment",Q1 26/27,segment,1.0,,,,
Q1 2026/27,North West,Mental health and community trust,Mental Health and Learning Disability,RW5,Lancashire & South Cumbria NHS Foundation Trust,"Finance, productivity and innovation","Finance, productivity and innovation domain segment",OF4303,"Finance, productivity and innovation domain segment",Q1 26/27,segment,4.0,,,,
Q1 2026/27,London,Mental health and community trust,Mental Health and Learning Disability,RWK,East London NHS Foundation Trust,"Finance, productivity and innovation","Finance, productivity and innovation domain segment",OF4303,"Finance, productivity and innovation domain segment",Q1 26/27,segment,1.0,,,,
Q1 2026/27,East,Mental health and community trust,Mental Health and Learning Disability,RWR,Hertfordshire Partnership University NHS Foundation Trust,"Finance, productivity and innovation","Finance, productivity and innovation domain segment",OF4303,"Finance, productivity and innovation domain segment",Q1 26/27,segment,1.0,,,,
Q1 2026/27,South West,Mental health and community trust,Mental Health and Learning Disability,RWV,Devon Partnership NHS Trust,"Finance, productivity and innovation","Finance, productivity and innovation domain segment",OF4303,"Finance, productivity and innovation domain segment",Q1 26/27,segment,2.0,,,,
Q1 2026/27,South East,Mental health and community trust,Mental Health and Learning Disability,RWX,Berkshire Healthcare NHS Foundation Trust,"Finance, productivity and innovation","Finance, productivity and innovation domain segment",OF4303,"Finance, productivity and innovation domain segment",Q1 26/27,segment,1.0,,,,
Q1 2026/27,South East,Mental health and community trust,Mental Health and Learning Disability,RX2,Sussex Partnership NHS Foundation Trust,"Finance, productivity and innovation","Finance, productivity and innovation domain segment",OF4303,"Finance, productivity and innovation domain segment",Q1 26/27,segment,3.0,,,,
Q1 2026/27,North East and Yorkshire,Mental health and community trust,Mental Health and Learning Disability,RX3,"Tees, Esk and Wear Valleys NHS Foundation Trust","Finance, productivity and innovation","Finance, productivity and innovation domain segment",OF4303,"Finance, productivity and innovation domain segment",Q1 26/27,segment,2.0,,,,
Q1 2026/27,North East and Yorkshire,Mental health and community trust,Mental Health and Learning Disability,RX4,"Cumbria, Northumberland, Tyne and Wear NHS Foundation Trust","Finance, productivity and innovation","Finance, productivity and innovation domain segment",OF4303,"Finance, productivity and innovation domain segment",Q1 26/27,segment,3.0,,,,
Q1 2026/27,North West,Mental health and community trust,Mental Health and Learning Disability,RXA,Cheshire and Wirral Partnership NHS Foundation Trust,"Finance, productivity and innovation","Finance, productivity and innovation domain segment",OF4303,"Finance, productivity and innovation domain segment",Q1 26/27,segment,3.0,,,,
Q1 2026/27,North East and Yorkshire,Mental health and community trust,Mental Health and Learning Disability,RXE,Rotherham Doncaster and South Humber NHS Foundation Trust,"Finance, productivity and innovation","Finance, productivity and innovation domain segment",OF4303,"Finance, productivity and innovation domain segment",Q1 26/27,segment,1.0,,,,
Q1 2026/27,North East and Yorkshire,Mental health and community trust,Mental Health and Learning Disability,RXG,South West Yorkshire Partnership NHS Foundation Trust,"Finance, productivity and innovation","Finance, productivity and innovation domain segment",OF4303,"Finance, productivity and innovation domain segment",Q1 26/27,segment,1.0,,,,
Q1 2026/27,Midlands,Mental health and community trust,Mental Health and Learning Disability,RXM,Derbyshire Healthcare NHS Foundation Trust,"Finance, productivity and innovation","Finance, productivity and innovation domain segment",OF4303,"Finance, productivity and innovation domain segment",Q1 26/27,segment,1.0,,,,
Q1 2026/27,Midlands,Mental health and community trust,Mental Health and Learning Disability,RXT,Birmingham and Solihull Mental Health NHS Foundation Trust,"Finance, productivity and innovation","Finance, productivity and innovation domain segment",OF4303,"Finance, productivity and innovation domain segment",Q1 26/27,segment,1.0,,,,
Q1 2026/27,North West,Mental health and community trust,Mental Health and Learning Disability,RXV,Greater Manchester Mental Health NHS Foundation Trust,"Finance, productivity and innovation","Finance, productivity and innovation domain segment",OF4303,"Finance, productivity and innovation domain segment",Q1 26/27,segment,2.0,,,,
Q1 2026/27,South East,Mental health and community trust,Mental Health and Learning Disability,RXX,Surrey and Borders Partnership NHS Foundation Trust,"Finance, productivity and innovation","Finance, productivity and innovation domain segment",OF4303,"Finance, productivity and innovation domain segment",Q1 26/27,segment,3.0,,,,
Q1 2026/27,South East,Mental health and community trust,Mental Health and Learning Disability,RXY,Kent and Medway Mental Health NHS Trust,"Finance, productivity and innovation","Finance, productivity and innovation domain segment",OF4303,"Finance, productivity and innovation domain segment",Q1 26/27,segment,1.0,,,,
Q1 2026/27,East,Mental health and community trust,Community,RY3,Norfolk Community Health and Care NHS Trust,"Finance, productivity and innovation","Finance, productivity and innovation domain segment",OF4303,"Finance, productivity and innovation domain segment",Q1 26/27,segment,1.0,,,,
Q1 2026/27,East,Mental health and community trust,Community,RY4,Hertfordshire Community NHS Trust,"Finance, productivity and innovation","Finance, productivity and innovation domain segment",OF4303,"Finance, productivity and innovation domain segment",Q1 26/27,segment,2.0,,,,
Q1 2026/27,Midlands,Mental health and community trust,Community,RY5,Lincolnshire Community Health Services NHS Trust,"Finance, productivity and innovation","Finance, productivity and innovation domain segment",OF4303,"Finance, productivity and innovation domain segment",Q1 26/27,segment,2.0,,,,
Q1 2026/27,North East and Yorkshire,Mental health and community trust,Community,RY6,Leeds Community Healthcare NHS Trust,"Finance, productivity and innovation","Finance, productivity and innovation domain segment",OF4303,"Finance, productivity and innovation domain segment",Q1 26/27,segment,4.0,,,,
Q1 2026/27,North West,Mental health and community trust,Community,RY7,Wirral Community Health and Care NHS Foundation Trust,"Finance, productivity and innovation","Finance, productivity and innovation domain segment",OF4303,"Finance, productivity and innovation domain segment",Q1 26/27,segment,2.0,,,,
Q1 2026/27,Midlands,Mental health and community trust,Community,RY8,Derbyshire Community Health Services NHS Foundation Trust,"Finance, productivity and innovation","Finance, productivity and innovation domain segment",OF4303,"Finance, productivity and innovation domain segment",Q1 26/27,segment,2.0,,,,
Q1 2026/27,Midlands,Mental health and community trust,Mental Health and Learning Disability,RYG,Coventry and Warwickshire Partnership NHS Trust,"Finance, productivity and innovation","Finance, productivity and innovation domain segment",OF4303,"Finance, productivity and innovation domain segment",Q1 26/27,segment,4.0,,,,
Q1 2026/27,Midlands,Mental health and community trust,Community,RYW,Birmingham Community Healthcare NHS Foundation Trust,"Finance, productivity and innovation","Finance, productivity and innovation domain segment",OF4303,"Finance, productivity and innovation domain segment",Q1 26/27,segment,2.0,,,,
Q1 2026/27,London,Mental health and community trust,Community,RYX,Central London Community Healthcare NHS Trust,"Finance, productivity and innovation","Finance, productivity and innovation domain segment",OF4303,"Finance, productivity and innovation domain segment",Q1 26/27,segment,4.0,,,,
Q1 2026/27,South East,Mental health and community trust,Community,RYY,Kent Community Health NHS Foundation Trust,"Finance, productivity and innovation","Finance, productivity and innovation domain segment",OF4303,"Finance, productivity and innovation domain segment",Q1 26/27,segment,2.0,,,,
Q1 2026/27,North East and Yorkshire,Mental health and community trust,Care Trust,TAD,Bradford District Care NHS Foundation Trust,"Finance, productivity and innovation","Finance, productivity and innovation domain segment",OF4303,"Finance, productivity and innovation domain segment",Q1 26/27,segment,2.0,,,,
Q1 2026/27,North East and Yorkshire,Mental health and community trust,Care Trust,TAH,Sheffield Health Partnership University NHS Foundation Trust,"Finance, productivity and innovation","Finance, productivity and innovation domain segment",OF4303,"Finance, productivity and innovation domain segment",Q1 26/27,segment,4.0,,,,
Q1 2026/27,Midlands,Mental health and community trust,Mental Health and Learning Disability,TAJ,Black Country Healthcare NHS Foundation Trust,"Finance, productivity and innovation","Finance, productivity and innovation domain segment",OF4303,"Finance, productivity and innovation domain segment",Q1 26/27,segment,2.0,,,,
Q1 2026/27,London,Mental health and community trust,Mental Health and Learning Disability,G6V2S,North London NHS Foundation Trust,People,People domain segment,OF4304,People domain segment,Q1 26/27,segment,4.0,,,,
Q1 2026/27,Midlands,Mental health and community trust,Community,R1A,Herefordshire and Worcestershire Health and Care NHS Trust,People,People domain segment,OF4304,People domain segment,Q1 26/27,segment,2.0,,,,
Q1 2026/27,Midlands,Mental health and community trust,Community,R1D,Shropshire Community Health NHS Trust,People,People domain segment,OF4304,People domain segment,Q1 26/27,segment,3.0,,,,
Q1 2026/27,East,Mental health and community trust,Mental Health and Learning Disability,R1L,Essex Partnership University NHS Foundation Trust,People,People domain segment,OF4304,People domain segment,Q1 26/27,segment,3.0,,,,
Q1 2026/27,London,Mental health and community trust,Mental Health and Learning Disability,RAT,North East London NHS Foundation Trust,People,People domain segment,OF4304,People domain segment,Q1 26/27,segment,2.0,,,,
Q1 2026/27,South East,Mental health and community trust,Community,RDR,Sussex Community NHS Foundation Trust,People,People domain segment,OF4304,People domain segment,Q1 26/27,segment,1.0,,,,
Q1 2026/27,South West,Mental health and community trust,Mental Health and Learning Disability,RDY,Dorset Healthcare University NHS Foundation Trust,People,People domain segment,OF4304,People domain segment,Q1 26/27,segment,1.0,,,,
Q1 2026/27,North East and Yorkshire,Mental health and community trust,Mental Health and Learning Disability,RGD,Leeds and York Partnership NHS Foundation Trust,People,People domain segment,OF4304,People domain segment,Q1 26/27,segment,3.0,,,,
Q1 2026/27,Midlands,Mental health and community trust,Mental Health and Learning Disability,RHA,Nottinghamshire Healthcare NHS Foundation Trust,People,People domain segment,OF4304,People domain segment,Q1 26/27,segment,4.0,,,,
Q1 2026/27,South West,Mental health and community trust,Mental Health and Learning Disability,RJ8,Cornwall Partnership NHS Foundation Trust,People,People domain segment,OF4304,People domain segment,Q1 26/27,segment,4.0,,,,
Q1 2026/27,London,Mental health and community trust,Mental Health and Learning Disability,RKL,West London NHS Trust,People,People domain segment,OF4304,People domain segment,Q1 26/27,segment,2.0,,,,
Q1 2026/27,Midlands,Mental health and community trust,Mental Health and Learning Disability,RLY,North Staffordshire Combined Healthcare NHS Trust,People,People domain segment,OF4304,People domain segment,Q1 26/27,segment,2.0,,,,
Q1 2026/27,East,Mental health and community trust,Mental Health and Learning Disability,RMY,Norfolk and Suffolk NHS Foundation Trust,People,People domain segment,OF4304,People domain segment,Q1 26/27,segment,3.0,,,,
Q1 2026/27,South East,Mental health and community trust,Mental Health and Learning Disability,RNU,Oxford Health NHS Foundation Trust,People,People domain segment,OF4304,People domain segment,Q1 26/27,segment,1.0,,,,
Q1 2026/27,Midlands,Mental health and community trust,Mental Health and Learning Disability,RP1,Northamptonshire Healthcare NHS Foundation Trust,People,People domain segment,OF4304,People domain segment,Q1 26/27,segment,2.0,,,,
Q1 2026/27,Midlands,Mental health and community trust,Mental Health and Learning Disability,RP7,Lincolnshire Partnership NHS Foundation Trust,People,People domain segment,OF4304,People domain segment,Q1 26/27,segment,2.0,,,,
Q1 2026/27,London,Mental health and community trust,Mental Health and Learning Disability,RPG,Oxleas NHS Foundation Trust,People,People domain segment,OF4304,People domain segment,Q1 26/27,segment,2.0,,,,
Q1 2026/27,London,Mental health and community trust,Mental Health and Learning Disability,RQY,South West London and St George's Mental Health NHS Trust,People,People domain segment,OF4304,People domain segment,Q1 26/27,segment,2.0,,,,
Q1 2026/27,Midlands,Mental health and community trust,Mental Health and Learning Disability,RRE,Midlands Partnership University NHS Foundation Trust,People,People domain segment,OF4304,People domain segment,Q1 26/27,segment,2.0,,,,
Q1 2026/27,East,Mental health and community trust,Mental Health and Learning Disability,RT1,Cambridgeshire and Peterborough NHS Foundation Trust,People,People domain segment,OF4304,People domain segment,Q1 26/27,segment,2.0,,,,
Q1 2026/27,North West,Mental health and community trust,Mental Health and Learning Disability,RT2,Pennine Care NHS Foundation Trust,People,People domain segment,OF4304,People domain segment,Q1 26/27,segment,4.0,,,,
Q1 2026/27,Midlands,Mental health and community trust,Mental Health and Learning Disability,RT5,Leicestershire Partnership NHS Trust,People,People domain segment,OF4304,People domain segment,Q1 26/27,segment,1.0,,,,
Q1 2026/27,South West,Mental health and community trust,Mental Health and Learning Disability,RTQ,Gloucestershire Health and Care NHS Foundation Trust,People,People domain segment,OF4304,People domain segment,Q1 26/27,segment,1.0,,,,
Q1 2026/27,London,Mental health and community trust,Mental Health and Learning Disability,RV3,Central and North West London NHS Foundation Trust,People,People domain segment,OF4304,People domain segment,Q1 26/27,segment,2.0,,,,
Q1 2026/27,London,Mental health and community trust,Mental Health and Learning Disability,RV5,South London and Maudsley NHS Foundation Trust,People,People domain segment,OF4304,People domain segment,Q1 26/27,segment,3.0,,,,
Q1 2026/27,North East and Yorkshire,Mental health and community trust,Mental Health and Learning Disability,RV9,Humber Teaching NHS Foundation Trust,People,People domain segment,OF4304,People domain segment,Q1 26/27,segment,1.0,,,,
Q1 2026/27,South West,Mental health and community trust,Mental Health and Learning Disability,RVN,Avon and Wiltshire Mental Health Partnership NHS Trust,People,People domain segment,OF4304,People domain segment,Q1 26/27,segment,2.0,,,,
Q1 2026/27,South East,Mental health and community trust,Mental Health and Learning Disability,RW1,Hampshire and Isle of Wight Healthcare NHS Foundation Trust,People,People domain segment,OF4304,People domain segment,Q1 26/27,segment,2.0,,,,
Q1 2026/27,North West,Mental health and community trust,Mental Health and Learning Disability,RW4,Mersey Care NHS Foundation Trust,People,People domain segment,OF4304,People domain segment,Q1 26/27,segment,3.0,,,,
Q1 2026/27,North West,Mental health and community trust,Mental Health and Learning Disability,RW5,Lancashire & South Cumbria NHS Foundation Trust,People,People domain segment,OF4304,People domain segment,Q1 26/27,segment,4.0,,,,
Q1 2026/27,London,Mental health and community trust,Mental Health and Learning Disability,RWK,East London NHS Foundation Trust,People,People domain segment,OF4304,People domain segment,Q1 26/27,segment,4.0,,,,
Q1 2026/27,East,Mental health and community trust,Mental Health and Learning Disability,RWR,Hertfordshire Partnership University NHS Foundation Trust,People,People domain segment,OF4304,People domain segment,Q1 26/27,segment,2.0,,,,
Q1 2026/27,South West,Mental health and community trust,Mental Health and Learning Disability,RWV,Devon Partnership NHS Trust,People,People domain segment,OF4304,People domain segment,Q1 26/27,segment,3.0,,,,
Q1 2026/27,South East,Mental health and community trust,Mental Health and Learning Disability,RWX,Berkshire Healthcare NHS Foundation Trust,People,People domain segment,OF4304,People domain segment,Q1 26/27,segment,1.0,,,,
Q1 2026/27,South East,Mental health and community trust,Mental Health and Learning Disability,RX2,Sussex Partnership NHS Foundation Trust,People,People domain segment,OF4304,People domain segment,Q1 26/27,segment,4.0,,,,
Q1 2026/27,North East and Yorkshire,Mental health and community trust,Mental Health and Learning Disability,RX3,"Tees, Esk and Wear Valleys NHS Foundation Trust",People,People domain segment,OF4304,People domain segment,Q1 26/27,segment,3.0,,,,
Q1 2026/27,North East and Yorkshire,Mental health and community trust,Mental Health and Learning Disability,RX4,"Cumbria, Northumberland, Tyne and Wear NHS Foundation Trust",People,People domain segment,OF4304,People domain segment,Q1 26/27,segment,3.0,,,,
Q1 2026/27,North West,Mental health and community trust,Mental Health and Learning Disability,RXA,Cheshire and Wirral Partnership NHS Foundation Trust,People,People domain segment,OF4304,People domain segment,Q1 26/27,segment,2.0,,,,
Q1 2026/27,North East and Yorkshire,Mental health and community trust,Mental Health and Learning Disability,RXE,Rotherham Doncaster and South Humber NHS Foundation Trust,People,People domain segment,OF4304,People domain segment,Q1 26/27,segment,3.0,,,,
Q1 2026/27,North East and Yorkshire,Mental health and community trust,Mental Health and Learning Disability,RXG,South West Yorkshire Partnership NHS Foundation Trust,People,People domain segment,OF4304,People domain segment,Q1 26/27,segment,2.0,,,,
Q1 2026/27,Midlands,Mental health and community trust,Mental Health and Learning Disability,RXM,Derbyshire Healthcare NHS Foundation Trust,People,People domain segment,OF4304,People domain segment,Q1 26/27,segment,4.0,,,,
Q1 2026/27,Midlands,Mental health and community trust,Mental Health and Learning Disability,RXT,Birmingham and Solihull Mental Health NHS Foundation Trust,People,People domain segment,OF4304,People domain segment,Q1 26/27,segment,3.0,,,,
Q1 2026/27,North West,Mental health and community trust,Mental Health and Learning Disability,RXV,Greater Manchester Mental Health NHS Foundation Trust,People,People domain segment,OF4304,People domain segment,Q1 26/27,segment,4.0,,,,
Q1 2026/27,South East,Mental health and community trust,Mental Health and Learning Disability,RXX,Surrey and Borders Partnership NHS Foundation Trust,People,People domain segment,OF4304,People domain segment,Q1 26/27,segment,3.0,,,,
Q1 2026/27,South East,Mental health and community trust,Mental Health and Learning Disability,RXY,Kent and Medway Mental Health NHS Trust,People,People domain segment,OF4304,People domain segment,Q1 26/27,segment,4.0,,,,
Q1 2026/27,East,Mental health and community trust,Community,RY3,Norfolk Community Health and Care NHS Trust,People,People domain segment,OF4304,People domain segment,Q1 26/27,segment,1.0,,,,
Q1 2026/27,East,Mental health and community trust,Community,RY4,Hertfordshire Community NHS Trust,People,People domain segment,OF4304,People domain segment,Q1 26/27,segment,1.0,,,,
Q1 2026/27,Midlands,Mental health and community trust,Community,RY5,Lincolnshire Community Health Services NHS Trust,People,People domain segment,OF4304,People domain segment,Q1 26/27,segment,2.0,,,,
Q1 2026/27,North East and Yorkshire,Mental health and community trust,Community,RY6,Leeds Community Healthcare NHS Trust,People,People domain segment,OF4304,People domain segment,Q1 26/27,segment,2.0,,,,
Q1 2026/27,North West,Mental health and community trust,Community,RY7,Wirral Community Health and Care NHS Foundation Trust,People,People domain segment,OF4304,People domain segment,Q1 26/27,segment,2.0,,,,
Q1 2026/27,Midlands,Mental health and community trust,Community,RY8,Derbyshire Community Health Services NHS Foundation Trust,People,People domain segment,OF4304,People domain segment,Q1 26/27,segment,1.0,,,,
Q1 2026/27,Midlands,Mental health and community trust,Mental Health and Learning Disability,RYG,Coventry and Warwickshire Partnership NHS Trust,People,People domain segment,OF4304,People domain segment,Q1 26/27,segment,4.0,,,,
Q1 2026/27,Midlands,Mental health and community trust,Community,RYW,Birmingham Community Healthcare NHS Foundation Trust,People,People domain segment,OF4304,People domain segment,Q1 26/27,segment,3.0,,,,
Q1 2026/27,London,Mental health and community trust,Community,RYX,Central London Community Healthcare NHS Trust,People,People domain segment,OF4304,People domain segment,Q1 26/27,segment,2.0,,,,
Q1 2026/27,South East,Mental health and community trust,Community,RYY,Kent Community Health NHS Foundation Trust,People,People domain segment,OF4304,People domain segment,Q1 26/27,segment,1.0,,,,
Q1 2026/27,North East and Yorkshire,Mental health and community trust,Care Trust,TAD,Bradford District Care NHS Foundation Trust,People,People domain segment,OF4304,People domain segment,Q1 26/27,segment,3.0,,,,
Q1 2026/27,North East and Yorkshire,Mental health and community trust,Care Trust,TAH,Sheffield Health Partnership University NHS Foundation Trust,People,People domain segment,OF4304,People domain segment,Q1 26/27,segment,4.0,,,,
Q1 2026/27,Midlands,Mental health and community trust,Mental Health and Learning Disability,TAJ,Black Country Healthcare NHS Foundation Trust,People,People domain segment,OF4304,People domain segment,Q1 26/27,segment,4.0,,,,
Q1 2026/27,London,Mental health and community trust,Mental Health and Learning Disability,G6V2S,North London NHS Foundation Trust,Experience of care,Experience of care domain segment,OF4305,Experience of care domain segment,Q1 26/27,segment,4.0,,,,
Q1 2026/27,Midlands,Mental health and community trust,Community,R1A,Herefordshire and Worcestershire Health and Care NHS Trust,Experience of care,Experience of care domain segment,OF4305,Experience of care domain segment,Q1 26/27,segment,2.0,,,,
Q1 2026/27,Midlands,Mental health and community trust,Community,R1D,Shropshire Community Health NHS Trust,Experience of care,Experience of care domain segment,OF4305,Experience of care domain segment,Q1 26/27,segment,4.0,,,,
Q1 2026/27,East,Mental health and community trust,Mental Health and Learning Disability,R1L,Essex Partnership University NHS Foundation Trust,Experience of care,Experience of care domain segment,OF4305,Experience of care domain segment,Q1 26/27,segment,3.0,,,,
Q1 2026/27,London,Mental health and community trust,Mental Health and Learning Disability,RAT,North East London NHS Foundation Trust,Experience of care,Experience of care domain segment,OF4305,Experience of care domain segment,Q1 26/27,segment,1.0,,,,
Q1 2026/27,South East,Mental health and community trust,Community,RDR,Sussex Community NHS Foundation Trust,Experience of care,Experience of care domain segment,OF4305,Experience of care domain segment,Q1 26/27,segment,3.0,,,,
Q1 2026/27,South West,Mental health and community trust,Mental Health and Learning Disability,RDY,Dorset Healthcare University NHS Foundation Trust,Experience of care,Experience of care domain segment,OF4305,Experience of care domain segment,Q1 26/27,segment,4.0,,,,
Q1 2026/27,North East and Yorkshire,Mental health and community trust,Mental Health and Learning Disability,RGD,Leeds and York Partnership NHS Foundation Trust,Experience of care,Experience of care domain segment,OF4305,Experience of care domain segment,Q1 26/27,segment,3.0,,,,
Q1 2026/27,Midlands,Mental health and community trust,Mental Health and Learning Disability,RHA,Nottinghamshire Healthcare NHS Foundation Trust,Experience of care,Experience of care domain segment,OF4305,Experience of care domain segment,Q1 26/27,segment,3.0,,,,
Q1 2026/27,South West,Mental health and community trust,Mental Health and Learning Disability,RJ8,Cornwall Partnership NHS Foundation Trust,Experience of care,Experience of care domain segment,OF4305,Experience of care domain segment,Q1 26/27,segment,2.0,,,,
Q1 2026/27,London,Mental health and community trust,Mental Health and Learning Disability,RKL,West London NHS Trust,Experience of care,Experience of care domain segment,OF4305,Experience of care domain segment,Q1 26/27,segment,3.0,,,,
Q1 2026/27,Midlands,Mental health and community trust,Mental Health and Learning Disability,RLY,North Staffordshire Combined Healthcare NHS Trust,Experience of care,Experience of care domain segment,OF4305,Experience of care domain segment,Q1 26/27,segment,1.0,,,,
Q1 2026/27,East,Mental health and community trust,Mental Health and Learning Disability,RMY,Norfolk and Suffolk NHS Foundation Trust,Experience of care,Experience of care domain segment,OF4305,Experience of care domain segment,Q1 26/27,segment,4.0,,,,
Q1 2026/27,South East,Mental health and community trust,Mental Health and Learning Disability,RNU,Oxford Health NHS Foundation Trust,Experience of care,Experience of care domain segment,OF4305,Experience of care domain segment,Q1 26/27,segment,1.0,,,,
Q1 2026/27,Midlands,Mental health and community trust,Mental Health and Learning Disability,RP1,Northamptonshire Healthcare NHS Foundation Trust,Experience of care,Experience of care domain segment,OF4305,Experience of care domain segment,Q1 26/27,segment,1.0,,,,
Q1 2026/27,Midlands,Mental health and community trust,Mental Health and Learning Disability,RP7,Lincolnshire Partnership NHS Foundation Trust,Experience of care,Experience of care domain segment,OF4305,Experience of care domain segment,Q1 26/27,segment,3.0,,,,
Q1 2026/27,London,Mental health and community trust,Mental Health and Learning Disability,RPG,Oxleas NHS Foundation Trust,Experience of care,Experience of care domain segment,OF4305,Experience of care domain segment,Q1 26/27,segment,1.0,,,,
Q1 2026/27,London,Mental health and community trust,Mental Health and Learning Disability,RQY,South West London and St George's Mental Health NHS Trust,Experience of care,Experience of care domain segment,OF4305,Experience of care domain segment,Q1 26/27,segment,3.0,,,,
Q1 2026/27,Midlands,Mental health and community trust,Mental Health and Learning Disability,RRE,Midlands Partnership University NHS Foundation Trust,Experience of care,Experience of care domain segment,OF4305,Experience of care domain segment,Q1 26/27,segment,1.0,,,,
Q1 2026/27,East,Mental health and community trust,Mental Health and Learning Disability,RT1,Cambridgeshire and Peterborough NHS Foundation Trust,Experience of care,Experience of care domain segment,OF4305,Experience of care domain segment,Q1 26/27,segment,3.0,,,,
Q1 2026/27,North West,Mental health and community trust,Mental Health and Learning Disability,RT2,Pennine Care NHS Foundation Trust,Experience of care,Experience of care domain segment,OF4305,Experience of care domain segment,Q1 26/27,segment,2.0,,,,
Q1 2026/27,Midlands,Mental health and community trust,Mental Health and Learning Disability,RT5,Leicestershire Partnership NHS Trust,Experience of care,Experience of care domain segment,OF4305,Experience of care domain segment,Q1 26/27,segment,2.0,,,,
Q1 2026/27,South West,Mental health and community trust,Mental Health and Learning Disability,RTQ,Gloucestershire Health and Care NHS Foundation Trust,Experience of care,Experience of care domain segment,OF4305,Experience of care domain segment,Q1 26/27,segment,4.0,,,,
Q1 2026/27,London,Mental health and community trust,Mental Health and Learning Disability,RV3,Central and North West London NHS Foundation Trust,Experience of care,Experience of care domain segment,OF4305,Experience of care domain segment,Q1 26/27,segment,2.0,,,,
Q1 2026/27,London,Mental health and community trust,Mental Health and Learning Disability,RV5,South London and Maudsley NHS Foundation Trust,Experience of care,Experience of care domain segment,OF4305,Experience of care domain segment,Q1 26/27,segment,2.0,,,,
Q1 2026/27,North East and Yorkshire,Mental health and community trust,Mental Health and Learning Disability,RV9,Humber Teaching NHS Foundation Trust,Experience of care,Experience of care domain segment,OF4305,Experience of care domain segment,Q1 26/27,segment,1.0,,,,
Q1 2026/27,South West,Mental health and community trust,Mental Health and Learning Disability,RVN,Avon and Wiltshire Mental Health Partnership NHS Trust,Experience of care,Experience of care domain segment,OF4305,Experience of care domain segment,Q1 26/27,segment,3.0,,,,
Q1 2026/27,South East,Mental health and community trust,Mental Health and Learning Disability,RW1,Hampshire and Isle of Wight Healthcare NHS Foundation Trust,Experience of care,Experience of care domain segment,OF4305,Experience of care domain segment,Q1 26/27,segment,3.0,,,,
Q1 2026/27,North West,Mental health and community trust,Mental Health and Learning Disability,RW4,Mersey Care NHS Foundation Trust,Experience of care,Experience of care domain segment,OF4305,Experience of care domain segment,Q1 26/27,segment,2.0,,,,
Q1 2026/27,North West,Mental health and community trust,Mental Health and Learning Disability,RW5,Lancashire & South Cumbria NHS Foundation Trust,Experience of care,Experience of care domain segment,OF4305,Experience of care domain segment,Q1 26/27,segment,3.0,,,,
Q1 2026/27,London,Mental health and community trust,Mental Health and Learning Disability,RWK,East London NHS Foundation Trust,Experience of care,Experience of care domain segment,OF4305,Experience of care domain segment,Q1 26/27,segment,3.0,,,,
Q1 2026/27,East,Mental health and community trust,Mental Health and Learning Disability,RWR,Hertfordshire Partnership University NHS Foundation Trust,Experience of care,Experience of care domain segment,OF4305,Experience of care domain segment,Q1 26/27,segment,1.0,,,,
Q1 2026/27,South West,Mental health and community trust,Mental Health and Learning Disability,RWV,Devon Partnership NHS Trust,Experience of care,Experience of care domain segment,OF4305,Experience of care domain segment,Q1 26/27,segment,3.0,,,,
Q1 2026/27,South East,Mental health and community trust,Mental Health and Learning Disability,RWX,Berkshire Healthcare NHS Foundation Trust,Experience of care,Experience of care domain segment,OF4305,Experience of care domain segment,Q1 26/27,segment,2.0,,,,
Q1 2026/27,South East,Mental health and community trust,Mental Health and Learning Disability,RX2,Sussex Partnership NHS Foundation Trust,Experience of care,Experience of care domain segment,OF4305,Experience of care domain segment,Q1 26/27,segment,4.0,,,,
Q1 2026/27,North East and Yorkshire,Mental health and community trust,Mental Health and Learning Disability,RX3,"Tees, Esk and Wear Valleys NHS Foundation Trust",Experience of care,Experience of care domain segment,OF4305,Experience of care domain segment,Q1 26/27,segment,2.0,,,,
Q1 2026/27,North East and Yorkshire,Mental health and community trust,Mental Health and Learning Disability,RX4,"Cumbria, Northumberland, Tyne and Wear NHS Foundation Trust",Experience of care,Experience of care domain segment,OF4305,Experience of care domain segment,Q1 26/27,segment,2.0,,,,
Q1 2026/27,North West,Mental health and community trust,Mental Health and Learning Disability,RXA,Cheshire and Wirral Partnership NHS Foundation Trust,Experience of care,Experience of care domain segment,OF4305,Experience of care domain segment,Q1 26/27,segment,2.0,,,,
Q1 2026/27,North East and Yorkshire,Mental health and community trust,Mental Health and Learning Disability,RXE,Rotherham Doncaster and South Humber NHS Foundation Trust,Experience of care,Experience of care domain segment,OF4305,Experience of care domain segment,Q1 26/27,segment,1.0,,,,
Q1 2026/27,North East and Yorkshire,Mental health and community trust,Mental Health and Learning Disability,RXG,South West Yorkshire Partnership NHS Foundation Trust,Experience of care,Experience of care domain segment,OF4305,Experience of care domain segment,Q1 26/27,segment,1.0,,,,
Q1 2026/27,Midlands,Mental health and community trust,Mental Health and Learning Disability,RXM,Derbyshire Healthcare NHS Foundation Trust,Experience of care,Experience of care domain segment,OF4305,Experience of care domain segment,Q1 26/27,segment,3.0,,,,
Q1 2026/27,Midlands,Mental health and community trust,Mental Health and Learning Disability,RXT,Birmingham and Solihull Mental Health NHS Foundation Trust,Experience of care,Experience of care domain segment,OF4305,Experience of care domain segment,Q1 26/27,segment,3.0,,,,
Q1 2026/27,North West,Mental health and community trust,Mental Health and Learning Disability,RXV,Greater Manchester Mental Health NHS Foundation Trust,Experience of care,Experience of care domain segment,OF4305,Experience of care domain segment,Q1 26/27,segment,4.0,,,,
Q1 2026/27,South East,Mental health and community trust,Mental Health and Learning Disability,RXX,Surrey and Borders Partnership NHS Foundation Trust,Experience of care,Experience of care domain segment,OF4305,Experience of care domain segment,Q1 26/27,segment,2.0,,,,
Q1 2026/27,South East,Mental health and community trust,Mental Health and Learning Disability,RXY,Kent and Medway Mental Health NHS Trust,Experience of care,Experience of care domain segment,OF4305,Experience of care domain segment,Q1 26/27,segment,4.0,,,,
Q1 2026/27,East,Mental health and community trust,Community,RY3,Norfolk Community Health and Care NHS Trust,Experience of care,Experience of care domain segment,OF4305,Experience of care domain segment,Q1 26/27,segment,2.0,,,,
Q1 2026/27,East,Mental health and community trust,Community,RY4,Hertfordshire Community NHS Trust,Experience of care,Experience of care domain segment,OF4305,Experience of care domain segment,Q1 26/27,segment,1.0,,,,
Q1 2026/27,Midlands,Mental health and community trust,Community,RY5,Lincolnshire Community Health Services NHS Trust,Experience of care,Experience of care domain segment,OF4305,Experience of care domain segment,Q1 26/27,segment,3.0,,,,
Q1 2026/27,North East and Yorkshire,Mental health and community trust,Community,RY6,Leeds Community Healthcare NHS Trust,Experience of care,Experience of care domain segment,OF4305,Experience of care domain segment,Q1 26/27,segment,3.0,,,,
Q1 2026/27,North West,Mental health and community trust,Community,RY7,Wirral Community Health and Care NHS Foundation Trust,Experience of care,Experience of care domain segment,OF4305,Experience of care domain segment,Q1 26/27,segment,3.0,,,,
Q1 2026/27,Midlands,Mental health and community trust,Community,RY8,Derbyshire Community Health Services NHS Foundation Trust,Experience of care,Experience of care domain segment,OF4305,Experience of care domain segment,Q1 26/27,segment,1.0,,,,
Q1 2026/27,Midlands,Mental health and community trust,Mental Health and Learning Disability,RYG,Coventry and Warwickshire Partnership NHS Trust,Experience of care,Experience of care domain segment,OF4305,Experience of care domain segment,Q1 26/27,segment,4.0,,,,
Q1 2026/27,Midlands,Mental health and community trust,Community,RYW,Birmingham Community Healthcare NHS Foundation Trust,Experience of care,Experience of care domain segment,OF4305,Experience of care domain segment,Q1 26/27,segment,4.0,,,,
Q1 2026/27,London,Mental health and community trust,Community,RYX,Central London Community Healthcare NHS Trust,Experience of care,Experience of care domain segment,OF4305,Experience of care domain segment,Q1 26/27,segment,1.0,,,,
Q1 2026/27,South East,Mental health and community trust,Community,RYY,Kent Community Health NHS Foundation Trust,Experience of care,Experience of care domain segment,OF4305,Experience of care domain segment,Q1 26/27,segment,2.0,,,,
Q1 2026/27,North East and Yorkshire,Mental health and community trust,Care Trust,TAD,Bradford District Care NHS Foundation Trust,Experience of care,Experience of care domain segment,OF4305,Experience of care domain segment,Q1 26/27,segment,2.0,,,,
Q1 2026/27,North East and Yorkshire,Mental health and community trust,Care Trust,TAH,Sheffield Health Partnership University NHS Foundation Trust,Experience of care,Experience of care domain segment,OF4305,Experience of care domain segment,Q1 26/27,segment,2.0,,,,
Q1 2026/27,Midlands,Mental health and community trust,Mental Health and Learning Disability,TAJ,Black Country Healthcare NHS Foundation Trust,Experience of care,Experience of care domain segment,OF4305,Experience of care domain segment,Q1 26/27,segment,3.0,,,,
Q1 2026/27,London,Mental health and community trust,Mental Health and Learning Disability,G6V2S,North London NHS Foundation Trust,Effectiveness of care and population health,Effectiveness of care and population health domain segment,OF4309,Effectiveness of care and population health domain segment,Q1 26/27,segment,4.0,,,,
Q1 2026/27,Midlands,Mental health and community trust,Community,R1A,Herefordshire and Worcestershire Health and Care NHS Trust,Effectiveness of care and population health,Effectiveness of care and population health domain segment,OF4309,Effectiveness of care and population health domain segment,Q1 26/27,segment,3.0,,,,
Q1 2026/27,Midlands,Mental health and community trust,Community,R1D,Shropshire Community Health NHS Trust,Effectiveness of care and population health,Effectiveness of care and population health domain segment,OF4309,Effectiveness of care and population health domain segment,Q1 26/27,segment,1.0,,,,
Q1 2026/27,East,Mental health and community trust,Mental Health and Learning Disability,R1L,Essex Partnership University NHS Foundation Trust,Effectiveness of care and population health,Effectiveness of care and population health domain segment,OF4309,Effectiveness of care and population health domain segment,Q1 26/27,segment,4.0,,,,
Q1 2026/27,London,Mental health and community trust,Mental Health and Learning Disability,RAT,North East London NHS Foundation Trust,Effectiveness of care and population health,Effectiveness of care and population health domain segment,OF4309,Effectiveness of care and population health domain segment,Q1 26/27,segment,1.0,,,,
Q1 2026/27,South East,Mental health and community trust,Community,RDR,Sussex Community NHS Foundation Trust,Effectiveness of care and population health,Effectiveness of care and population health domain segment,OF4309,Effectiveness of care and population health domain segment,Q1 26/27,segment,2.0,,,,
Q1 2026/27,South West,Mental health and community trust,Mental Health and Learning Disability,RDY,Dorset Healthcare University NHS Foundation Trust,Effectiveness of care and population health,Effectiveness of care and population health domain segment,OF4309,Effectiveness of care and population health domain segment,Q1 26/27,segment,3.0,,,,
Q1 2026/27,North East and Yorkshire,Mental health and community trust,Mental Health and Learning Disability,RGD,Leeds and York Partnership NHS Foundation Trust,Effectiveness of care and population health,Effectiveness of care and population health domain segment,OF4309,Effectiveness of care and population health domain segment,Q1 26/27,segment,3.0,,,,
Q1 2026/27,Midlands,Mental health and community trust,Mental Health and Learning Disability,RHA,Nottinghamshire Healthcare NHS Foundation Trust,Effectiveness of care and population health,Effectiveness of care and population health domain segment,OF4309,Effectiveness of care and population health domain segment,Q1 26/27,segment,2.0,,,,
Q1 2026/27,South West,Mental health and community trust,Mental Health and Learning Disability,RJ8,Cornwall Partnership NHS Foundation Trust,Effectiveness of care and population health,Effectiveness of care and population health domain segment,OF4309,Effectiveness of care and population health domain segment,Q1 26/27,segment,2.0,,,,
Q1 2026/27,London,Mental health and community trust,Mental Health and Learning Disability,RKL,West London NHS Trust,Effectiveness of care and population health,Effectiveness of care and population health domain segment,OF4309,Effectiveness of care and population health domain segment,Q1 26/27,segment,1.0,,,,
Q1 2026/27,Midlands,Mental health and community trust,Mental Health and Learning Disability,RLY,North Staffordshire Combined Healthcare NHS Trust,Effectiveness of care and population health,Effectiveness of care and population health domain segment,OF4309,Effectiveness of care and population health domain segment,Q1 26/27,segment,3.0,,,,
Q1 2026/27,East,Mental health and community trust,Mental Health and Learning Disability,RMY,Norfolk and Suffolk NHS Foundation Trust,Effectiveness of care and population health,Effectiveness of care and population health domain segment,OF4309,Effectiveness of care and population health domain segment,Q1 26/27,segment,2.0,,,,
Q1 2026/27,South East,Mental health and community trust,Mental Health and Learning Disability,RNU,Oxford Health NHS Foundation Trust,Effectiveness of care and population health,Effectiveness of care and population health domain segment,OF4309,Effectiveness of care and population health domain segment,Q1 26/27,segment,1.0,,,,
Q1 2026/27,Midlands,Mental health and community trust,Mental Health and Learning Disability,RP1,Northamptonshire Healthcare NHS Foundation Trust,Effectiveness of care and population health,Effectiveness of care and population health domain segment,OF4309,Effectiveness of care and population health domain segment,Q1 26/27,segment,4.0,,,,
Q1 2026/27,Midlands,Mental health and community trust,Mental Health and Learning Disability,RP7,Lincolnshire Partnership NHS Foundation Trust,Effectiveness of care and population health,Effectiveness of care and population health domain segment,OF4309,Effectiveness of care and population health domain segment,Q1 26/27,segment,4.0,,,,
Q1 2026/27,London,Mental health and community trust,Mental Health and Learning Disability,RPG,Oxleas NHS Foundation Trust,Effectiveness of care and population health,Effectiveness of care and population health domain segment,OF4309,Effectiveness of care and population health domain segment,Q1 26/27,segment,1.0,,,,
Q1 2026/27,London,Mental health and community trust,Mental Health and Learning Disability,RQY,South West London and St George's Mental Health NHS Trust,Effectiveness of care and population health,Effectiveness of care and population health domain segment,OF4309,Effectiveness of care and population health domain segment,Q1 26/27,segment,1.0,,,,
Q1 2026/27,Midlands,Mental health and community trust,Mental Health and Learning Disability,RRE,Midlands Partnership University NHS Foundation Trust,Effectiveness of care and population health,Effectiveness of care and population health domain segment,OF4309,Effectiveness of care and population health domain segment,Q1 26/27,segment,3.0,,,,
Q1 2026/27,East,Mental health and community trust,Mental Health and Learning Disability,RT1,Cambridgeshire and Peterborough NHS Foundation Trust,Effectiveness of care and population health,Effectiveness of care and population health domain segment,OF4309,Effectiveness of care and population health domain segment,Q1 26/27,segment,1.0,,,,
Q1 2026/27,North West,Mental health and community trust,Mental Health and Learning Disability,RT2,Pennine Care NHS Foundation Trust,Effectiveness of care and population health,Effectiveness of care and population health domain segment,OF4309,Effectiveness of care and population health domain segment,Q1 26/27,segment,2.0,,,,
Q1 2026/27,Midlands,Mental health and community trust,Mental Health and Learning Disability,RT5,Leicestershire Partnership NHS Trust,Effectiveness of care and population health,Effectiveness of care and population health domain segment,OF4309,Effectiveness of care and population health domain segment,Q1 26/27,segment,1.0,,,,
Q1 2026/27,South West,Mental health and community trust,Mental Health and Learning Disability,RTQ,Gloucestershire Health and Care NHS Foundation Trust,Effectiveness of care and population health,Effectiveness of care and population health domain segment,OF4309,Effectiveness of care and population health domain segment,Q1 26/27,segment,2.0,,,,
Q1 2026/27,London,Mental health and community trust,Mental Health and Learning Disability,RV3,Central and North West London NHS Foundation Trust,Effectiveness of care and population health,Effectiveness of care and population health domain segment,OF4309,Effectiveness of care and population health domain segment,Q1 26/27,segment,3.0,,,,
Q1 2026/27,London,Mental health and community trust,Mental Health and Learning Disability,RV5,South London and Maudsley NHS Foundation Trust,Effectiveness of care and population health,Effectiveness of care and population health domain segment,OF4309,Effectiveness of care and population health domain segment,Q1 26/27,segment,1.0,,,,
Q1 2026/27,North East and Yorkshire,Mental health and community trust,Mental Health and Learning Disability,RV9,Humber Teaching NHS Foundation Trust,Effectiveness of care and population health,Effectiveness of care and population health domain segment,OF4309,Effectiveness of care and population health domain segment,Q1 26/27,segment,2.0,,,,
Q1 2026/27,South West,Mental health and community trust,Mental Health and Learning Disability,RVN,Avon and Wiltshire Mental Health Partnership NHS Trust,Effectiveness of care and population health,Effectiveness of care and population health domain segment,OF4309,Effectiveness of care and population health domain segment,Q1 26/27,segment,1.0,,,,
Q1 2026/27,South East,Mental health and community trust,Mental Health and Learning Disability,RW1,Hampshire and Isle of Wight Healthcare NHS Foundation Trust,Effectiveness of care and population health,Effectiveness of care and population health domain segment,OF4309,Effectiveness of care and population health domain segment,Q1 26/27,segment,2.0,,,,
Q1 2026/27,North West,Mental health and community trust,Mental Health and Learning Disability,RW4,Mersey Care NHS Foundation Trust,Effectiveness of care and population health,Effectiveness of care and population health domain segment,OF4309,Effectiveness of care and population health domain segment,Q1 26/27,segment,2.0,,,,
Q1 2026/27,North West,Mental health and community trust,Mental Health and Learning Disability,RW5,Lancashire & South Cumbria NHS Foundation Trust,Effectiveness of care and population health,Effectiveness of care and population health domain segment,OF4309,Effectiveness of care and population health domain segment,Q1 26/27,segment,1.0,,,,
Q1 2026/27,London,Mental health and community trust,Mental Health and Learning Disability,RWK,East London NHS Foundation Trust,Effectiveness of care and population health,Effectiveness of care and population health domain segment,OF4309,Effectiveness of care and population health domain segment,Q1 26/27,segment,1.0,,,,
Q1 2026/27,East,Mental health and community trust,Mental Health and Learning Disability,RWR,Hertfordshire Partnership University NHS Foundation Trust,Effectiveness of care and population health,Effectiveness of care and population health domain segment,OF4309,Effectiveness of care and population health domain segment,Q1 26/27,segment,1.0,,,,
Q1 2026/27,South West,Mental health and community trust,Mental Health and Learning Disability,RWV,Devon Partnership NHS Trust,Effectiveness of care and population health,Effectiveness of care and population health domain segment,OF4309,Effectiveness of care and population health domain segment,Q1 26/27,segment,3.0,,,,
Q1 2026/27,South East,Mental health and community trust,Mental Health and Learning Disability,RWX,Berkshire Healthcare NHS Foundation Trust,Effectiveness of care and population health,Effectiveness of care and population health domain segment,OF4309,Effectiveness of care and population health domain segment,Q1 26/27,segment,1.0,,,,
Q1 2026/27,South East,Mental health and community trust,Mental Health and Learning Disability,RX2,Sussex Partnership NHS Foundation Trust,Effectiveness of care and population health,Effectiveness of care and population health domain segment,OF4309,Effectiveness of care and population health domain segment,Q1 26/27,segment,1.0,,,,
Q1 2026/27,North East and Yorkshire,Mental health and community trust,Mental Health and Learning Disability,RX3,"Tees, Esk and Wear Valleys NHS Foundation Trust",Effectiveness of care and population health,Effectiveness of care and population health domain segment,OF4309,Effectiveness of care and population health domain segment,Q1 26/27,segment,3.0,,,,
Q1 2026/27,North East and Yorkshire,Mental health and community trust,Mental Health and Learning Disability,RX4,"Cumbria, Northumberland, Tyne and Wear NHS Foundation Trust",Effectiveness of care and population health,Effectiveness of care and population health domain segment,OF4309,Effectiveness of care and population health domain segment,Q1 26/27,segment,2.0,,,,
Q1 2026/27,North West,Mental health and community trust,Mental Health and Learning Disability,RXA,Cheshire and Wirral Partnership NHS Foundation Trust,Effectiveness of care and population health,Effectiveness of care and population health domain segment,OF4309,Effectiveness of care and population health domain segment,Q1 26/27,segment,3.0,,,,
Q1 2026/27,North East and Yorkshire,Mental health and community trust,Mental Health and Learning Disability,RXE,Rotherham Doncaster and South Humber NHS Foundation Trust,Effectiveness of care and population health,Effectiveness of care and population health domain segment,OF4309,Effectiveness of care and population health domain segment,Q1 26/27,segment,2.0,,,,
Q1 2026/27,North East and Yorkshire,Mental health and community trust,Mental Health and Learning Disability,RXG,South West Yorkshire Partnership NHS Foundation Trust,Effectiveness of care and population health,Effectiveness of care and population health domain segment,OF4309,Effectiveness of care and population health domain segment,Q1 26/27,segment,1.0,,,,
Q1 2026/27,Midlands,Mental health and community trust,Mental Health and Learning Disability,RXM,Derbyshire Healthcare NHS Foundation Trust,Effectiveness of care and population health,Effectiveness of care and population health domain segment,OF4309,Effectiveness of care and population health domain segment,Q1 26/27,segment,3.0,,,,
Q1 2026/27,Midlands,Mental health and community trust,Mental Health and Learning Disability,RXT,Birmingham and Solihull Mental Health NHS Foundation Trust,Effectiveness of care and population health,Effectiveness of care and population health domain segment,OF4309,Effectiveness of care and population health domain segment,Q1 26/27,segment,1.0,,,,
Q1 2026/27,North West,Mental health and community trust,Mental Health and Learning Disability,RXV,Greater Manchester Mental Health NHS Foundation Trust,Effectiveness of care and population health,Effectiveness of care and population health domain segment,OF4309,Effectiveness of care and population health domain segment,Q1 26/27,segment,1.0,,,,
Q1 2026/27,South East,Mental health and community trust,Mental Health and Learning Disability,RXX,Surrey and Borders Partnership NHS Foundation Trust,Effectiveness of care and population health,Effectiveness of care and population health domain segment,OF4309,Effectiveness of care and population health domain segment,Q1 26/27,segment,1.0,,,,
Q1 2026/27,South East,Mental health and community trust,Mental Health and Learning Disability,RXY,Kent and Medway Mental Health NHS Trust,Effectiveness of care and population health,Effectiveness of care and population health domain segment,OF4309,Effectiveness of care and population health domain segment,Q1 26/27,segment,4.0,,,,
Q1 2026/27,East,Mental health and community trust,Community,RY4,Hertfordshire Community NHS Trust,Effectiveness of care and population health,Effectiveness of care and population health domain segment,OF4309,Effectiveness of care and population health domain segment,Q1 26/27,segment,2.0,,,,
Q1 2026/27,Midlands,Mental health and community trust,Community,RY5,Lincolnshire Community Health Services NHS Trust,Effectiveness of care and population health,Effectiveness of care and population health domain segment,OF4309,Effectiveness of care and population health domain segment,Q1 26/27,segment,4.0,,,,
Q1 2026/27,Midlands,Mental health and community trust,Community,RY8,Derbyshire Community Health Services NHS Foundation Trust,Effectiveness of care and population health,Effectiveness of care and population health domain segment,OF4309,Effectiveness of care and population health domain segment,Q1 26/27,segment,2.0,,,,
Q1 2026/27,Midlands,Mental health and community trust,Mental Health and Learning Disability,RYG,Coventry and Warwickshire Partnership NHS Trust,Effectiveness of care and population health,Effectiveness of care and population health domain segment,OF4309,Effectiveness of care and population health domain segment,Q1 26/27,segment,4.0,,,,
Q1 2026/27,Midlands,Mental health and community trust,Community,RYW,Birmingham Community Healthcare NHS Foundation Trust,Effectiveness of care and population health,Effectiveness of care and population health domain segment,OF4309,Effectiveness of care and population health domain segment,Q1 26/27,segment,3.0,,,,
Q1 2026/27,South East,Mental health and community trust,Community,RYY,Kent Community Health NHS Foundation Trust,Effectiveness of care and population health,Effectiveness of care and population health domain segment,OF4309,Effectiveness of care and population health domain segment,Q1 26/27,segment,2.0,,,,
Q1 2026/27,North East and Yorkshire,Mental health and community trust,Care Trust,TAD,Bradford District Care NHS Foundation Trust,Effectiveness of care and population health,Effectiveness of care and population health domain segment,OF4309,Effectiveness of care and population health domain segment,Q1 26/27,segment,4.0,,,,
Q1 2026/27,North East and Yorkshire,Mental health and community trust,Care Trust,TAH,Sheffield Health Partnership University NHS Foundation Trust,Effectiveness of care and population health,Effectiveness of care and population health domain segment,OF4309,Effectiveness of care and population health domain segment,Q1 26/27,segment,2.0,,,,
Q1 2026/27,Midlands,Mental health and community trust,Mental Health and Learning Disability,TAJ,Black Country Healthcare NHS Foundation Trust,Effectiveness of care and population health,Effectiveness of care and population health domain segment,OF4309,Effectiveness of care and population health domain segment,Q1 26/27,segment,3.0,,,,
Q1 2026/27,London,Mental health and community trust,Mental Health and Learning Disability,G6V2S,North London NHS Foundation Trust,Summary,Summary,OF5200,Adjusted segment,Q1 26/27,segment,3.0,,,,50.0
Q1 2026/27,Midlands,Mental health and community trust,Community,R1A,Herefordshire and Worcestershire Health and Care NHS Trust,Summary,Summary,OF5200,Adjusted segment,Q1 26/27,segment,2.0,,,,22.0
Q1 2026/27,Midlands,Mental health and community trust,Community,R1D,Shropshire Community Health NHS Trust,Summary,Summary,OF5200,Adjusted segment,Q1 26/27,segment,2.0,,,,31.0
Q1 2026/27,East,Mental health and community trust,Mental Health and Learning Disability,R1L,Essex Partnership University NHS Foundation Trust,Summary,Summary,OF5200,Adjusted segment,Q1 26/27,segment,3.0,,,,44.0
Q1 2026/27,London,Mental health and community trust,Mental Health and Learning Disability,RAT,North East London NHS Foundation Trust,Summary,Summary,OF5200,Adjusted segment,Q1 26/27,segment,2.0,,,,14.0
Q1 2026/27,South East,Mental health and community trust,Community,RDR,Sussex Community NHS Foundation Trust,Summary,Summary,OF5200,Adjusted segment,Q1 26/27,segment,2.0,,,,19.0
Q1 2026/27,South West,Mental health and community trust,Mental Health and Learning Disability,RDY,Dorset Healthcare University NHS Foundation Trust,Summary,Summary,OF5200,Adjusted segment,Q1 26/27,segment,2.0,,,,32.0
Q1 2026/27,North East and Yorkshire,Mental health and community trust,Mental Health and Learning Disability,RGD,Leeds and York Partnership NHS Foundation Trust,Summary,Summary,OF5200,Adjusted segment,Q1 26/27,segment,3.0,,,,44.0
Q1 2026/27,Midlands,Mental health and community trust,Mental Health and Learning Disability,RHA,Nottinghamshire Healthcare NHS Foundation Trust,Summary,Summary,OF5200,Adjusted segment,Q1 26/27,segment,3.0,,,,41.0
Q1 2026/27,South West,Mental health and community trust,Mental Health and Learning Disability,RJ8,Cornwall Partnership NHS Foundation Trust,Summary,Summary,OF5200,Adjusted segment,Q1 26/27,segment,3.0,,,,46.0
Q1 2026/27,London,Mental health and community trust,Mental Health and Learning Disability,RKL,West London NHS Trust,Summary,Summary,OF5200,Adjusted segment,Q1 26/27,segment,1.0,,,,8.0
Q1 2026/27,Midlands,Mental health and community trust,Mental Health and Learning Disability,RLY,North Staffordshire Combined Healthcare NHS Trust,Summary,Summary,OF5200,Adjusted segment,Q1 26/27,segment,2.0,,,,13.0
Q1 2026/27,East,Mental health and community trust,Mental Health and Learning Disability,RMY,Norfolk and Suffolk NHS Foundation Trust,Summary,Summary,OF5200,Adjusted segment,Q1 26/27,segment,3.0,,,,50.0
Q1 2026/27,South East,Mental health and community trust,Mental Health and Learning Disability,RNU,Oxford Health NHS Foundation Trust,Summary,Summary,OF5200,Adjusted segment,Q1 26/27,segment,2.0,,,,20.0
Q1 2026/27,Midlands,Mental health and community trust,Mental Health and Learning Disability,RP1,Northamptonshire Healthcare NHS Foundation Trust,Summary,Summary,OF5200,Adjusted segment,Q1 26/27,segment,2.0,,,,30.0
Q1 2026/27,Midlands,Mental health and community trust,Mental Health and Learning Disability,RP7,Lincolnshire Partnership NHS Foundation Trust,Summary,Summary,OF5200,Adjusted segment,Q1 26/27,segment,3.0,,,,41.0
Q1 2026/27,London,Mental health and community trust,Mental Health and Learning Disability,RPG,Oxleas NHS Foundation Trust,Summary,Summary,OF5200,Adjusted segment,Q1 26/27,segment,2.0,,,,27.0
Q1 2026/27,London,Mental health and community trust,Mental Health and Learning Disability,RQY,South West London and St George's Mental Health NHS Trust,Summary,Summary,OF5200,Adjusted segment,Q1 26/27,segment,2.0,,,,16.0
Q1 2026/27,Midlands,Mental health and community trust,Mental Health and Learning Disability,RRE,Midlands Partnership University NHS Foundation Trust,Summary,Summary,OF5200,Adjusted segment,Q1 26/27,segment,1.0,,,,7.0
Q1 2026/27,East,Mental health and community trust,Mental Health and Learning Disability,RT1,Cambridgeshire and Peterborough NHS Foundation Trust,Summary,Summary,OF5200,Adjusted segment,Q1 26/27,segment,3.0,,,,37.0
Q1 2026/27,North West,Mental health and community trust,Mental Health and Learning Disability,RT2,Pennine Care NHS Foundation Trust,Summary,Summary,OF5200,Adjusted segment,Q1 26/27,segment,3.0,,,,48.0
Q1 2026/27,Midlands,Mental health and community trust,Mental Health and Learning Disability,RT5,Leicestershire Partnership NHS Trust,Summary,Summary,OF5200,Adjusted segment,Q1 26/27,segment,2.0,,,,12.0
Q1 2026/27,South West,Mental health and community trust,Mental Health and Learning Disability,RTQ,Gloucestershire Health and Care NHS Foundation Trust,Summary,Summary,OF5200,Adjusted segment,Q1 26/27,segment,3.0,,,,35.0
Q1 2026/27,London,Mental health and community trust,Mental Health and Learning Disability,RV3,Central and North West London NHS Foundation Trust,Summary,Summary,OF5200,Adjusted segment,Q1 26/27,segment,2.0,,,,9.0
Q1 2026/27,London,Mental health and community trust,Mental Health and Learning Disability,RV5,South London and Maudsley NHS Foundation Trust,Summary,Summary,OF5200,Adjusted segment,Q1 26/27,segment,2.0,,,,23.0
Q1 2026/27,North East and Yorkshire,Mental health and community trust,Mental Health and Learning Disability,RV9,Humber Teaching NHS Foundation Trust,Summary,Summary,OF5200,Adjusted segment,Q1 26/27,segment,2.0,,,,11.0
Q1 2026/27,South West,Mental health and community trust,Mental Health and Learning Disability,RVN,Avon and Wiltshire Mental Health Partnership NHS Trust,Summary,Summary,OF5200,Adjusted segment,Q1 26/27,segment,3.0,,,,37.0
Q1 2026/27,South East,Mental health and community trust,Mental Health and Learning Disability,RW1,Hampshire and Isle of Wight Healthcare NHS Foundation Trust,Summary,Summary,OF5200,Adjusted segment,Q1 26/27,segment,2.0,,,,25.0
Q1 2026/27,North West,Mental health and community trust,Mental Health and Learning Disability,RW4,Mersey Care NHS Foundation Trust,Summary,Summary,OF5200,Adjusted segment,Q1 26/27,segment,2.0,,,,14.0
Q1 2026/27,North West,Mental health and community trust,Mental Health and Learning Disability,RW5,Lancashire & South Cumbria NHS Foundation Trust,Summary,Summary,OF5200,Adjusted segment,Q1 26/27,segment,3.0,,,,54.0
Q1 2026/27,London,Mental health and community trust,Mental Health and Learning Disability,RWK,East London NHS Foundation Trust,Summary,Summary,OF5200,Adjusted segment,Q1 26/27,segment,2.0,,,,23.0
Q1 2026/27,East,Mental health and community trust,Mental Health and Learning Disability,RWR,Hertfordshire Partnership University NHS Foundation Trust,Summary,Summary,OF5200,Adjusted segment,Q1 26/27,segment,2.0,,,,9.0
Q1 2026/27,South West,Mental health and community trust,Mental Health and Learning Disability,RWV,Devon Partnership NHS Trust,Summary,Summary,OF5200,Adjusted segment,Q1 26/27,segment,3.0,,,,47.0
Q1 2026/27,South East,Mental health and community trust,Mental Health and Learning Disability,RWX,Berkshire Healthcare NHS Foundation Trust,Summary,Summary,OF5200,Adjusted segment,Q1 26/27,segment,1.0,,,,3.0
Q1 2026/27,South East,Mental health and community trust,Mental Health and Learning Disability,RX2,Sussex Partnership NHS Foundation Trust,Summary,Summary,OF5200,Adjusted segment,Q1 26/27,segment,4.0,,,,57.0
Q1 2026/27,North East and Yorkshire,Mental health and community trust,Mental Health and Learning Disability,RX3,"Tees, Esk and Wear Valleys NHS Foundation Trust",Summary,Summary,OF5200,Adjusted segment,Q1 26/27,segment,2.0,,,,27.0
Q1 2026/27,North East and Yorkshire,Mental health and community trust,Mental Health and Learning Disability,RX4,"Cumbria, Northumberland, Tyne and Wear NHS Foundation Trust",Summary,Summary,OF5200,Adjusted segment,Q1 26/27,segment,3.0,,,,39.0
Q1 2026/27,North West,Mental health and community trust,Mental Health and Learning Disability,RXA,Cheshire and Wirral Partnership NHS Foundation Trust,Summary,Summary,OF5200,Adjusted segment,Q1 26/27,segment,2.0,,,,29.0
Q1 2026/27,North East and Yorkshire,Mental health and community trust,Mental Health and Learning Disability,RXE,Rotherham Doncaster and South Humber NHS Foundation Trust,Summary,Summary,OF5200,Adjusted segment,Q1 26/27,segment,2.0,,,,18.0
Q1 2026/27,North East and Yorkshire,Mental health and community trust,Mental Health and Learning Disability,RXG,South West Yorkshire Partnership NHS Foundation Trust,Summary,Summary,OF5200,Adjusted segment,Q1 26/27,segment,1.0,,,,5.0
Q1 2026/27,Midlands,Mental health and community trust,Mental Health and Learning Disability,RXM,Derbyshire Healthcare NHS Foundation Trust,Summary,Summary,OF5200,Adjusted segment,Q1 26/27,segment,3.0,,,,39.0
Q1 2026/27,Midlands,Mental health and community trust,Mental Health and Learning Disability,RXT,Birmingham and Solihull Mental Health NHS Foundation Trust,Summary,Summary,OF5200,Adjusted segment,Q1 26/27,segment,3.0,,,,34.0
Q1 2026/27,North West,Mental health and community trust,Mental Health and Learning Disability,RXV,Greater Manchester Mental Health NHS Foundation Trust,Summary,Summary,OF5200,Adjusted segment,Q1 26/27,segment,3.0,,,,56.0
Q1 2026/27,South East,Mental health and community trust,Mental Health and Learning Disability,RXX,Surrey and Borders Partnership NHS Foundation Trust,Summary,Summary,OF5200,Adjusted segment,Q1 26/27,segment,3.0,,,,36.0
Q1 2026/27,South East,Mental health and community trust,Mental Health and Learning Disability,RXY,Kent and Medway Mental Health NHS Trust,Summary,Summary,OF5200,Adjusted segment,Q1 26/27,segment,3.0,,,,53.0
Q1 2026/27,East,Mental health and community trust,Community,RY3,Norfolk Community Health and Care NHS Trust,Summary,Summary,OF5200,Adjusted segment,Q1 26/27,segment,1.0,,,,2.0
Q1 2026/27,East,Mental health and community trust,Community,RY4,Hertfordshire Community NHS Trust,Summary,Summary,OF5200,Adjusted segment,Q1 26/27,segment,1.0,,,,1.0
Q1 2026/27,Midlands,Mental health and community trust,Community,RY5,Lincolnshire Community Health Services NHS Trust,Summary,Summary,OF5200,Adjusted segment,Q1 26/27,segment,2.0,,,,26.0
Q1 2026/27,North East and Yorkshire,Mental health and community trust,Community,RY6,Leeds Community Healthcare NHS Trust,Summary,Summary,OF5200,Adjusted segment,Q1 26/27,segment,3.0,,,,43.0
Q1 2026/27,North West,Mental health and community trust,Community,RY7,Wirral Community Health and Care NHS Foundation Trust,Summary,Summary,OF5200,Adjusted segment,Q1 26/27,segment,2.0,,,,16.0
Q1 2026/27,Midlands,Mental health and community trust,Community,RY8,Derbyshire Community Health Services NHS Foundation Trust,Summary,Summary,OF5200,Adjusted segment,Q1 26/27,segment,1.0,,,,4.0
Q1 2026/27,Midlands,Mental health and community trust,Mental Health and Learning Disability,RYG,Coventry and Warwickshire Partnership NHS Trust,Summary,Summary,OF5200,Adjusted segment,Q1 26/27,segment,4.0,,,,58.0
Q1 2026/27,Midlands,Mental health and community trust,Community,RYW,Birmingham Community Healthcare NHS Foundation Trust,Summary,Summary,OF5200,Adjusted segment,Q1 26/27,segment,3.0,,,,52.0
Q1 2026/27,London,Mental health and community trust,Community,RYX,Central London Community Healthcare NHS Trust,Summary,Summary,OF5200,Adjusted segment,Q1 26/27,segment,2.0,,,,21.0
Q1 2026/27,South East,Mental health and community trust,Community,RYY,Kent Community Health NHS Foundation Trust,Summary,Summary,OF5200,Adjusted segment,Q1 26/27,segment,1.0,,,,6.0
Q1 2026/27,North East and Yorkshire,Mental health and community trust,Care Trust,TAD,Bradford District Care NHS Foundation Trust,Summary,Summary,OF5200,Adjusted segment,Q1 26/27,segment,2.0,,,,32.0
Q1 2026/27,North East and Yorkshire,Mental health and community trust,Care Trust,TAH,Sheffield Health Partnership University NHS Foundation Trust,Summary,Summary,OF5200,Adjusted segment,Q1 26/27,segment,3.0,,,,49.0
Q1 2026/27,Midlands,Mental health and community trust,Mental Health and Learning Disability,TAJ,Black Country Healthcare NHS Foundation Trust,Summary,Summary,OF5200,Adjusted segment,Q1 26/27,segment,3.0,,,,55.0
Q1 2026/27,London,Mental health and community trust,Mental Health and Learning Disability,G6V2S,North London NHS Foundation Trust,Summary,Summary,OF5202,Average metric score,Q1 26/27,segment,2.63,,,,50.0
Q1 2026/27,Midlands,Mental health and community trust,Community,R1A,Herefordshire and Worcestershire Health and Care NHS Trust,Summary,Summary,OF5202,Average metric score,Q1 26/27,segment,2.19,,,,22.0
Q1 2026/27,Midlands,Mental health and community trust,Community,R1D,Shropshire Community Health NHS Trust,Summary,Summary,OF5202,Average metric score,Q1 26/27,segment,2.3,,,,31.0
Q1 2026/27,East,Mental health and community trust,Mental Health and Learning Disability,R1L,Essex Partnership University NHS Foundation Trust,Summary,Summary,OF5202,Average metric score,Q1 26/27,segment,2.53,,,,44.0
Q1 2026/27,London,Mental health and community trust,Mental Health and Learning Disability,RAT,North East London NHS Foundation Trust,Summary,Summary,OF5202,Average metric score,Q1 26/27,segment,2.04,,,,14.0
Q1 2026/27,South East,Mental health and community trust,Community,RDR,Sussex Community NHS Foundation Trust,Summary,Summary,OF5202,Average metric score,Q1 26/27,segment,2.08,,,,19.0
Q1 2026/27,South West,Mental health and community trust,Mental Health and Learning Disability,RDY,Dorset Healthcare University NHS Foundation Trust,Summary,Summary,OF5202,Average metric score,Q1 26/27,segment,2.31,,,,32.0
Q1 2026/27,North East and Yorkshire,Mental health and community trust,Mental Health and Learning Disability,RGD,Leeds and York Partnership NHS Foundation Trust,Summary,Summary,OF5202,Average metric score,Q1 26/27,segment,2.53,,,,44.0
Q1 2026/27,Midlands,Mental health and community trust,Mental Health and Learning Disability,RHA,Nottinghamshire Healthcare NHS Foundation Trust,Summary,Summary,OF5202,Average metric score,Q1 26/27,segment,2.49,,,,41.0
Q1 2026/27,South West,Mental health and community trust,Mental Health and Learning Disability,RJ8,Cornwall Partnership NHS Foundation Trust,Summary,Summary,OF5202,Average metric score,Q1 26/27,segment,2.55,,,,46.0
Q1 2026/27,London,Mental health and community trust,Mental Health and Learning Disability,RKL,West London NHS Trust,Summary,Summary,OF5202,Average metric score,Q1 26/27,segment,1.92,,,,8.0
Q1 2026/27,Midlands,Mental health and community trust,Mental Health and Learning Disability,RLY,North Staffordshire Combined Healthcare NHS Trust,Summary,Summary,OF5202,Average metric score,Q1 26/27,segment,2.01,,,,13.0
Q1 2026/27,East,Mental health and community trust,Mental Health and Learning Disability,RMY,Norfolk and Suffolk NHS Foundation Trust,Summary,Summary,OF5202,Average metric score,Q1 26/27,segment,2.63,,,,50.0
Q1 2026/27,South East,Mental health and community trust,Mental Health and Learning Disability,RNU,Oxford Health NHS Foundation Trust,Summary,Summary,OF5202,Average metric score,Q1 26/27,segment,2.11,,,,20.0
Q1 2026/27,Midlands,Mental health and community trust,Mental Health and Learning Disability,RP1,Northamptonshire Healthcare NHS Foundation Trust,Summary,Summary,OF5202,Average metric score,Q1 26/27,segment,2.27,,,,30.0
Q1 2026/27,Midlands,Mental health and community trust,Mental Health and Learning Disability,RP7,Lincolnshire Partnership NHS Foundation Trust,Summary,Summary,OF5202,Average metric score,Q1 26/27,segment,2.49,,,,41.0
Q1 2026/27,London,Mental health and community trust,Mental Health and Learning Disability,RPG,Oxleas NHS Foundation Trust,Summary,Summary,OF5202,Average metric score,Q1 26/27,segment,2.25,,,,27.0
Q1 2026/27,London,Mental health and community trust,Mental Health and Learning Disability,RQY,South West London and St George's Mental Health NHS Trust,Summary,Summary,OF5202,Average metric score,Q1 26/27,segment,2.05,,,,16.0
Q1 2026/27,Midlands,Mental health and community trust,Mental Health and Learning Disability,RRE,Midlands Partnership University NHS Foundation Trust,Summary,Summary,OF5202,Average metric score,Q1 26/27,segment,1.87,,,,7.0
Q1 2026/27,East,Mental health and community trust,Mental Health and Learning Disability,RT1,Cambridgeshire and Peterborough NHS Foundation Trust,Summary,Summary,OF5202,Average metric score,Q1 26/27,segment,2.43,,,,37.0
Q1 2026/27,North West,Mental health and community trust,Mental Health and Learning Disability,RT2,Pennine Care NHS Foundation Trust,Summary,Summary,OF5202,Average metric score,Q1 26/27,segment,2.6,,,,48.0
Q1 2026/27,Midlands,Mental health and community trust,Mental Health and Learning Disability,RT5,Leicestershire Partnership NHS Trust,Summary,Summary,OF5202,Average metric score,Q1 26/27,segment,1.99,,,,12.0
Q1 2026/27,South West,Mental health and community trust,Mental Health and Learning Disability,RTQ,Gloucestershire Health and Care NHS Foundation Trust,Summary,Summary,OF5202,Average metric score,Q1 26/27,segment,2.34,,,,35.0
Q1 2026/27,London,Mental health and community trust,Mental Health and Learning Disability,RV3,Central and North West London NHS Foundation Trust,Summary,Summary,OF5202,Average metric score,Q1 26/27,segment,1.94,,,,9.0
Q1 2026/27,London,Mental health and community trust,Mental Health and Learning Disability,RV5,South London and Maudsley NHS Foundation Trust,Summary,Summary,OF5202,Average metric score,Q1 26/27,segment,2.2,,,,23.0
Q1 2026/27,North East and Yorkshire,Mental health and community trust,Mental Health and Learning Disability,RV9,Humber Teaching NHS Foundation Trust,Summary,Summary,OF5202,Average metric score,Q1 26/27,segment,1.95,,,,11.0
Q1 2026/27,South West,Mental health and community trust,Mental Health and Learning Disability,RVN,Avon and Wiltshire Mental Health Partnership NHS Trust,Summary,Summary,OF5202,Average metric score,Q1 26/27,segment,2.43,,,,37.0
Q1 2026/27,South East,Mental health and community trust,Mental Health and Learning Disability,RW1,Hampshire and Isle of Wight Healthcare NHS Foundation Trust,Summary,Summary,OF5202,Average metric score,Q1 26/27,segment,2.23,,,,25.0
Q1 2026/27,North West,Mental health and community trust,Mental Health and Learning Disability,RW4,Mersey Care NHS Foundation Trust,Summary,Summary,OF5202,Average metric score,Q1 26/27,segment,2.04,,,,14.0
Q1 2026/27,North West,Mental health and community trust,Mental Health and Learning Disability,RW5,Lancashire & South Cumbria NHS Foundation Trust,Summary,Summary,OF5202,Average metric score,Q1 26/27,segment,2.71,,,,54.0
Q1 2026/27,London,Mental health and community trust,Mental Health and Learning Disability,RWK,East London NHS Foundation Trust,Summary,Summary,OF5202,Average metric score,Q1 26/27,segment,2.2,,,,23.0
Q1 2026/27,East,Mental health and community trust,Mental Health and Learning Disability,RWR,Hertfordshire Partnership University NHS Foundation Trust,Summary,Summary,OF5202,Average metric score,Q1 26/27,segment,1.94,,,,9.0
Q1 2026/27,South West,Mental health and community trust,Mental Health and Learning Disability,RWV,Devon Partnership NHS Trust,Summary,Summary,OF5202,Average metric score,Q1 26/27,segment,2.57,,,,47.0
Q1 2026/27,South East,Mental health and community trust,Mental Health and Learning Disability,RWX,Berkshire Healthcare NHS Foundation Trust,Summary,Summary,OF5202,Average metric score,Q1 26/27,segment,1.75,,,,3.0
Q1 2026/27,South East,Mental health and community trust,Mental Health and Learning Disability,RX2,Sussex Partnership NHS Foundation Trust,Summary,Summary,OF5202,Average metric score,Q1 26/27,segment,2.88,,,,57.0
Q1 2026/27,North East and Yorkshire,Mental health and community trust,Mental Health and Learning Disability,RX3,"Tees, Esk and Wear Valleys NHS Foundation Trust",Summary,Summary,OF5202,Average metric score,Q1 26/27,segment,2.25,,,,27.0
Q1 2026/27,North East and Yorkshire,Mental health and community trust,Mental Health and Learning Disability,RX4,"Cumbria, Northumberland, Tyne and Wear NHS Foundation Trust",Summary,Summary,OF5202,Average metric score,Q1 26/27,segment,2.46,,,,39.0
Q1 2026/27,North West,Mental health and community trust,Mental Health and Learning Disability,RXA,Cheshire and Wirral Partnership NHS Foundation Trust,Summary,Summary,OF5202,Average metric score,Q1 26/27,segment,2.26,,,,29.0
Q1 2026/27,North East and Yorkshire,Mental health and community trust,Mental Health and Learning Disability,RXE,Rotherham Doncaster and South Humber NHS Foundation Trust,Summary,Summary,OF5202,Average metric score,Q1 26/27,segment,2.06,,,,18.0
Q1 2026/27,North East and Yorkshire,Mental health and community trust,Mental Health and Learning Disability,RXG,South West Yorkshire Partnership NHS Foundation Trust,Summary,Summary,OF5202,Average metric score,Q1 26/27,segment,1.84,,,,5.0
Q1 2026/27,Midlands,Mental health and community trust,Mental Health and Learning Disability,RXM,Derbyshire Healthcare NHS Foundation Trust,Summary,Summary,OF5202,Average metric score,Q1 26/27,segment,2.46,,,,39.0
Q1 2026/27,Midlands,Mental health and community trust,Mental Health and Learning Disability,RXT,Birmingham and Solihull Mental Health NHS Foundation Trust,Summary,Summary,OF5202,Average metric score,Q1 26/27,segment,2.31,,,,32.0
Q1 2026/27,North West,Mental health and community trust,Mental Health and Learning Disability,RXV,Greater Manchester Mental Health NHS Foundation Trust,Summary,Summary,OF5202,Average metric score,Q1 26/27,segment,2.74,,,,56.0
Q1 2026/27,South East,Mental health and community trust,Mental Health and Learning Disability,RXX,Surrey and Borders Partnership NHS Foundation Trust,Summary,Summary,OF5202,Average metric score,Q1 26/27,segment,2.4,,,,36.0
Q1 2026/27,South East,Mental health and community trust,Mental Health and Learning Disability,RXY,Kent and Medway Mental Health NHS Trust,Summary,Summary,OF5202,Average metric score,Q1 26/27,segment,2.69,,,,53.0
Q1 2026/27,East,Mental health and community trust,Community,RY3,Norfolk Community Health and Care NHS Trust,Summary,Summary,OF5202,Average metric score,Q1 26/27,segment,1.72,,,,2.0
Q1 2026/27,East,Mental health and community trust,Community,RY4,Hertfordshire Community NHS Trust,Summary,Summary,OF5202,Average metric score,Q1 26/27,segment,1.62,,,,1.0
Q1 2026/27,Midlands,Mental health and community trust,Community,RY5,Lincolnshire Community Health Services NHS Trust,Summary,Summary,OF5202,Average metric score,Q1 26/27,segment,2.24,,,,26.0
Q1 2026/27,North East and Yorkshire,Mental health and community trust,Community,RY6,Leeds Community Healthcare NHS Trust,Summary,Summary,OF5202,Average metric score,Q1 26/27,segment,2.52,,,,43.0
Q1 2026/27,North West,Mental health and community trust,Community,RY7,Wirral Community Health and Care NHS Foundation Trust,Summary,Summary,OF5202,Average metric score,Q1 26/27,segment,2.05,,,,16.0
Q1 2026/27,Midlands,Mental health and community trust,Community,RY8,Derbyshire Community Health Services NHS Foundation Trust,Summary,Summary,OF5202,Average metric score,Q1 26/27,segment,1.78,,,,4.0
Q1 2026/27,Midlands,Mental health and community trust,Mental Health and Learning Disability,RYG,Coventry and Warwickshire Partnership NHS Trust,Summary,Summary,OF5202,Average metric score,Q1 26/27,segment,3.13,,,,58.0
Q1 2026/27,Midlands,Mental health and community trust,Community,RYW,Birmingham Community Healthcare NHS Foundation Trust,Summary,Summary,OF5202,Average metric score,Q1 26/27,segment,2.66,,,,52.0
Q1 2026/27,London,Mental health and community trust,Community,RYX,Central London Community Healthcare NHS Trust,Summary,Summary,OF5202,Average metric score,Q1 26/27,segment,2.13,,,,21.0
Q1 2026/27,South East,Mental health and community trust,Community,RYY,Kent Community Health NHS Foundation Trust,Summary,Summary,OF5202,Average metric score,Q1 26/27,segment,1.86,,,,6.0
Q1 2026/27,North East and Yorkshire,Mental health and community trust,Care Trust,TAD,Bradford District Care NHS Foundation Trust,Summary,Summary,OF5202,Average metric score,Q1 26/27,segment,2.31,,,,32.0
Q1 2026/27,North East and Yorkshire,Mental health and community trust,Care Trust,TAH,Sheffield Health Partnership University NHS Foundation Trust,Summary,Summary,OF5202,Average metric score,Q1 26/27,segment,2.61,,,,49.0
Q1 2026/27,Midlands,Mental health and community trust,Mental Health and Learning Disability,TAJ,Black Country Healthcare NHS Foundation Trust,Summary,Summary,OF5202,Average metric score,Q1 26/27,segment,2.73,,,,55.0
Q1 2026/27,London,Mental health and community trust,Mental Health and Learning Disability,G6V2S,North London NHS Foundation Trust,Summary,Summary,OF5203,Unadjusted segment,Q1 26/27,flag,3.0,,,,
Q1 2026/27,Midlands,Mental health and community trust,Community,R1A,Herefordshire and Worcestershire Health and Care NHS Trust,Summary,Summary,OF5203,Unadjusted segment,Q1 26/27,flag,2.0,,,,
Q1 2026/27,Midlands,Mental health and community trust,Community,R1D,Shropshire Community Health NHS Trust,Summary,Summary,OF5203,Unadjusted segment,Q1 26/27,flag,2.0,,,,
Q1 2026/27,East,Mental health and community trust,Mental Health and Learning Disability,R1L,Essex Partnership University NHS Foundation Trust,Summary,Summary,OF5203,Unadjusted segment,Q1 26/27,flag,3.0,,,,
Q1 2026/27,London,Mental health and community trust,Mental Health and Learning Disability,RAT,North East London NHS Foundation Trust,Summary,Summary,OF5203,Unadjusted segment,Q1 26/27,flag,2.0,,,,
Q1 2026/27,South East,Mental health and community trust,Community,RDR,Sussex Community NHS Foundation Trust,Summary,Summary,OF5203,Unadjusted segment,Q1 26/27,flag,2.0,,,,
Q1 2026/27,South West,Mental health and community trust,Mental Health and Learning Disability,RDY,Dorset Healthcare University NHS Foundation Trust,Summary,Summary,OF5203,Unadjusted segment,Q1 26/27,flag,2.0,,,,
Q1 2026/27,North East and Yorkshire,Mental health and community trust,Mental Health and Learning Disability,RGD,Leeds and York Partnership NHS Foundation Trust,Summary,Summary,OF5203,Unadjusted segment,Q1 26/27,flag,3.0,,,,
Q1 2026/27,Midlands,Mental health and community trust,Mental Health and Learning Disability,RHA,Nottinghamshire Healthcare NHS Foundation Trust,Summary,Summary,OF5203,Unadjusted segment,Q1 26/27,flag,3.0,,,,
Q1 2026/27,South West,Mental health and community trust,Mental Health and Learning Disability,RJ8,Cornwall Partnership NHS Foundation Trust,Summary,Summary,OF5203,Unadjusted segment,Q1 26/27,flag,3.0,,,,
Q1 2026/27,London,Mental health and community trust,Mental Health and Learning Disability,RKL,West London NHS Trust,Summary,Summary,OF5203,Unadjusted segment,Q1 26/27,flag,1.0,,,,
Q1 2026/27,Midlands,Mental health and community trust,Mental Health and Learning Disability,RLY,North Staffordshire Combined Healthcare NHS Trust,Summary,Summary,OF5203,Unadjusted segment,Q1 26/27,flag,2.0,,,,
Q1 2026/27,East,Mental health and community trust,Mental Health and Learning Disability,RMY,Norfolk and Suffolk NHS Foundation Trust,Summary,Summary,OF5203,Unadjusted segment,Q1 26/27,flag,3.0,,,,
Q1 2026/27,South East,Mental health and community trust,Mental Health and Learning Disability,RNU,Oxford Health NHS Foundation Trust,Summary,Summary,OF5203,Unadjusted segment,Q1 26/27,flag,2.0,,,,
Q1 2026/27,Midlands,Mental health and community trust,Mental Health and Learning Disability,RP1,Northamptonshire Healthcare NHS Foundation Trust,Summary,Summary,OF5203,Unadjusted segment,Q1 26/27,flag,2.0,,,,
Q1 2026/27,Midlands,Mental health and community trust,Mental Health and Learning Disability,RP7,Lincolnshire Partnership NHS Foundation Trust,Summary,Summary,OF5203,Unadjusted segment,Q1 26/27,flag,3.0,,,,
Q1 2026/27,London,Mental health and community trust,Mental Health and Learning Disability,RPG,Oxleas NHS Foundation Trust,Summary,Summary,OF5203,Unadjusted segment,Q1 26/27,flag,2.0,,,,
Q1 2026/27,London,Mental health and community trust,Mental Health and Learning Disability,RQY,South West London and St George's Mental Health NHS Trust,Summary,Summary,OF5203,Unadjusted segment,Q1 26/27,flag,2.0,,,,
Q1 2026/27,Midlands,Mental health and community trust,Mental Health and Learning Disability,RRE,Midlands Partnership University NHS Foundation Trust,Summary,Summary,OF5203,Unadjusted segment,Q1 26/27,flag,1.0,,,,
Q1 2026/27,East,Mental health and community trust,Mental Health and Learning Disability,RT1,Cambridgeshire and Peterborough NHS Foundation Trust,Summary,Summary,OF5203,Unadjusted segment,Q1 26/27,flag,3.0,,,,
Q1 2026/27,North West,Mental health and community trust,Mental Health and Learning Disability,RT2,Pennine Care NHS Foundation Trust,Summary,Summary,OF5203,Unadjusted segment,Q1 26/27,flag,3.0,,,,
Q1 2026/27,Midlands,Mental health and community trust,Mental Health and Learning Disability,RT5,Leicestershire Partnership NHS Trust,Summary,Summary,OF5203,Unadjusted segment,Q1 26/27,flag,2.0,,,,
Q1 2026/27,South West,Mental health and community trust,Mental Health and Learning Disability,RTQ,Gloucestershire Health and Care NHS Foundation Trust,Summary,Summary,OF5203,Unadjusted segment,Q1 26/27,flag,3.0,,,,
Q1 2026/27,London,Mental health and community trust,Mental Health and Learning Disability,RV3,Central and North West London NHS Foundation Trust,Summary,Summary,OF5203,Unadjusted segment,Q1 26/27,flag,2.0,,,,
Q1 2026/27,London,Mental health and community trust,Mental Health and Learning Disability,RV5,South London and Maudsley NHS Foundation Trust,Summary,Summary,OF5203,Unadjusted segment,Q1 26/27,flag,2.0,,,,
Q1 2026/27,North East and Yorkshire,Mental health and community trust,Mental Health and Learning Disability,RV9,Humber Teaching NHS Foundation Trust,Summary,Summary,OF5203,Unadjusted segment,Q1 26/27,flag,2.0,,,,
Q1 2026/27,South West,Mental health and community trust,Mental Health and Learning Disability,RVN,Avon and Wiltshire Mental Health Partnership NHS Trust,Summary,Summary,OF5203,Unadjusted segment,Q1 26/27,flag,3.0,,,,
Q1 2026/27,South East,Mental health and community trust,Mental Health and Learning Disability,RW1,Hampshire and Isle of Wight Healthcare NHS Foundation Trust,Summary,Summary,OF5203,Unadjusted segment,Q1 26/27,flag,2.0,,,,
Q1 2026/27,North West,Mental health and community trust,Mental Health and Learning Disability,RW4,Mersey Care NHS Foundation Trust,Summary,Summary,OF5203,Unadjusted segment,Q1 26/27,flag,2.0,,,,
Q1 2026/27,North West,Mental health and community trust,Mental Health and Learning Disability,RW5,Lancashire & South Cumbria NHS Foundation Trust,Summary,Summary,OF5203,Unadjusted segment,Q1 26/27,flag,3.0,,,,
Q1 2026/27,London,Mental health and community trust,Mental Health and Learning Disability,RWK,East London NHS Foundation Trust,Summary,Summary,OF5203,Unadjusted segment,Q1 26/27,flag,2.0,,,,
Q1 2026/27,East,Mental health and community trust,Mental Health and Learning Disability,RWR,Hertfordshire Partnership University NHS Foundation Trust,Summary,Summary,OF5203,Unadjusted segment,Q1 26/27,flag,2.0,,,,
Q1 2026/27,South West,Mental health and community trust,Mental Health and Learning Disability,RWV,Devon Partnership NHS Trust,Summary,Summary,OF5203,Unadjusted segment,Q1 26/27,flag,3.0,,,,
Q1 2026/27,South East,Mental health and community trust,Mental Health and Learning Disability,RWX,Berkshire Healthcare NHS Foundation Trust,Summary,Summary,OF5203,Unadjusted segment,Q1 26/27,flag,1.0,,,,
Q1 2026/27,South East,Mental health and community trust,Mental Health and Learning Disability,RX2,Sussex Partnership NHS Foundation Trust,Summary,Summary,OF5203,Unadjusted segment,Q1 26/27,flag,4.0,,,,
Q1 2026/27,North East and Yorkshire,Mental health and community trust,Mental Health and Learning Disability,RX3,"Tees, Esk and Wear Valleys NHS Foundation Trust",Summary,Summary,OF5203,Unadjusted segment,Q1 26/27,flag,2.0,,,,
Q1 2026/27,North East and Yorkshire,Mental health and community trust,Mental Health and Learning Disability,RX4,"Cumbria, Northumberland, Tyne and Wear NHS Foundation Trust",Summary,Summary,OF5203,Unadjusted segment,Q1 26/27,flag,3.0,,,,
Q1 2026/27,North West,Mental health and community trust,Mental Health and Learning Disability,RXA,Cheshire and Wirral Partnership NHS Foundation Trust,Summary,Summary,OF5203,Unadjusted segment,Q1 26/27,flag,2.0,,,,
Q1 2026/27,North East and Yorkshire,Mental health and community trust,Mental Health and Learning Disability,RXE,Rotherham Doncaster and South Humber NHS Foundation Trust,Summary,Summary,OF5203,Unadjusted segment,Q1 26/27,flag,2.0,,,,
Q1 2026/27,North East and Yorkshire,Mental health and community trust,Mental Health and Learning Disability,RXG,South West Yorkshire Partnership NHS Foundation Trust,Summary,Summary,OF5203,Unadjusted segment,Q1 26/27,flag,1.0,,,,
Q1 2026/27,Midlands,Mental health and community trust,Mental Health and Learning Disability,RXM,Derbyshire Healthcare NHS Foundation Trust,Summary,Summary,OF5203,Unadjusted segment,Q1 26/27,flag,3.0,,,,
Q1 2026/27,Midlands,Mental health and community trust,Mental Health and Learning Disability,RXT,Birmingham and Solihull Mental Health NHS Foundation Trust,Summary,Summary,OF5203,Unadjusted segment,Q1 26/27,flag,2.0,,,,
Q1 2026/27,North West,Mental health and community trust,Mental Health and Learning Disability,RXV,Greater Manchester Mental Health NHS Foundation Trust,Summary,Summary,OF5203,Unadjusted segment,Q1 26/27,flag,3.0,,,,
Q1 2026/27,South East,Mental health and community trust,Mental Health and Learning Disability,RXX,Surrey and Borders Partnership NHS Foundation Trust,Summary,Summary,OF5203,Unadjusted segment,Q1 26/27,flag,3.0,,,,
Q1 2026/27,South East,Mental health and community trust,Mental Health and Learning Disability,RXY,Kent and Medway Mental Health NHS Trust,Summary,Summary,OF5203,Unadjusted segment,Q1 26/27,flag,3.0,,,,
Q1 2026/27,East,Mental health and community trust,Community,RY3,Norfolk Community Health and Care NHS Trust,Summary,Summary,OF5203,Unadjusted segment,Q1 26/27,flag,1.0,,,,
Q1 2026/27,East,Mental health and community trust,Community,RY4,Hertfordshire Community NHS Trust,Summary,Summary,OF5203,Unadjusted segment,Q1 26/27,flag,1.0,,,,
Q1 2026/27,Midlands,Mental health and community trust,Community,RY5,Lincolnshire Community Health Services NHS Trust,Summary,Summary,OF5203,Unadjusted segment,Q1 26/27,flag,2.0,,,,
Q1 2026/27,North East and Yorkshire,Mental health and community trust,Community,RY6,Leeds Community Healthcare NHS Trust,Summary,Summary,OF5203,Unadjusted segment,Q1 26/27,flag,3.0,,,,
Q1 2026/27,North West,Mental health and community trust,Community,RY7,Wirral Community Health and Care NHS Foundation Trust,Summary,Summary,OF5203,Unadjusted segment,Q1 26/27,flag,2.0,,,,
Q1 2026/27,Midlands,Mental health and community trust,Community,RY8,Derbyshire Community Health Services NHS Foundation Trust,Summary,Summary,OF5203,Unadjusted segment,Q1 26/27,flag,1.0,,,,
Q1 2026/27,Midlands,Mental health and community trust,Mental Health and Learning Disability,RYG,Coventry and Warwickshire Partnership NHS Trust,Summary,Summary,OF5203,Unadjusted segment,Q1 26/27,flag,4.0,,,,
Q1 2026/27,Midlands,Mental health and community trust,Community,RYW,Birmingham Community Healthcare NHS Foundation Trust,Summary,Summary,OF5203,Unadjusted segment,Q1 26/27,flag,3.0,,,,
Q1 2026/27,London,Mental health and community trust,Community,RYX,Central London Community Healthcare NHS Trust,Summary,Summary,OF5203,Unadjusted segment,Q1 26/27,flag,2.0,,,,
Q1 2026/27,South East,Mental health and community trust,Community,RYY,Kent Community Health NHS Foundation Trust,Summary,Summary,OF5203,Unadjusted segment,Q1 26/27,flag,1.0,,,,
Q1 2026/27,North East and Yorkshire,Mental health and community trust,Care Trust,TAD,Bradford District Care NHS Foundation Trust,Summary,Summary,OF5203,Unadjusted segment,Q1 26/27,flag,2.0,,,,
Q1 2026/27,North East and Yorkshire,Mental health and community trust,Care Trust,TAH,Sheffield Health Partnership University NHS Foundation Trust,Summary,Summary,OF5203,Unadjusted segment,Q1 26/27,flag,3.0,,,,
Q1 2026/27,Midlands,Mental health and community trust,Mental Health and Learning Disability,TAJ,Black Country Healthcare NHS Foundation Trust,Summary,Summary,OF5203,Unadjusted segment,Q1 26/27,flag,3.0,,,,
Q1 2026/27,London,Mental health and community trust,Mental Health and Learning Disability,G6V2S,North London NHS Foundation Trust,Summary,Summary,OF5204,Financial override,Q1 26/27,segment,1.0,,,,
Q1 2026/27,Midlands,Mental health and community trust,Community,R1A,Herefordshire and Worcestershire Health and Care NHS Trust,Summary,Summary,OF5204,Financial override,Q1 26/27,segment,0.0,,,,
Q1 2026/27,Midlands,Mental health and community trust,Community,R1D,Shropshire Community Health NHS Trust,Summary,Summary,OF5204,Financial override,Q1 26/27,segment,0.0,,,,
Q1 2026/27,East,Mental health and community trust,Mental Health and Learning Disability,R1L,Essex Partnership University NHS Foundation Trust,Summary,Summary,OF5204,Financial override,Q1 26/27,segment,1.0,,,,
Q1 2026/27,London,Mental health and community trust,Mental Health and Learning Disability,RAT,North East London NHS Foundation Trust,Summary,Summary,OF5204,Financial override,Q1 26/27,segment,0.0,,,,
Q1 2026/27,South East,Mental health and community trust,Community,RDR,Sussex Community NHS Foundation Trust,Summary,Summary,OF5204,Financial override,Q1 26/27,segment,0.0,,,,
Q1 2026/27,South West,Mental health and community trust,Mental Health and Learning Disability,RDY,Dorset Healthcare University NHS Foundation Trust,Summary,Summary,OF5204,Financial override,Q1 26/27,segment,0.0,,,,
Q1 2026/27,North East and Yorkshire,Mental health and community trust,Mental Health and Learning Disability,RGD,Leeds and York Partnership NHS Foundation Trust,Summary,Summary,OF5204,Financial override,Q1 26/27,segment,0.0,,,,
Q1 2026/27,Midlands,Mental health and community trust,Mental Health and Learning Disability,RHA,Nottinghamshire Healthcare NHS Foundation Trust,Summary,Summary,OF5204,Financial override,Q1 26/27,segment,1.0,,,,
Q1 2026/27,South West,Mental health and community trust,Mental Health and Learning Disability,RJ8,Cornwall Partnership NHS Foundation Trust,Summary,Summary,OF5204,Financial override,Q1 26/27,segment,0.0,,,,
Q1 2026/27,London,Mental health and community trust,Mental Health and Learning Disability,RKL,West London NHS Trust,Summary,Summary,OF5204,Financial override,Q1 26/27,segment,0.0,,,,
Q1 2026/27,Midlands,Mental health and community trust,Mental Health and Learning Disability,RLY,North Staffordshire Combined Healthcare NHS Trust,Summary,Summary,OF5204,Financial override,Q1 26/27,segment,0.0,,,,
Q1 2026/27,East,Mental health and community trust,Mental Health and Learning Disability,RMY,Norfolk and Suffolk NHS Foundation Trust,Summary,Summary,OF5204,Financial override,Q1 26/27,segment,1.0,,,,
Q1 2026/27,South East,Mental health and community trust,Mental Health and Learning Disability,RNU,Oxford Health NHS Foundation Trust,Summary,Summary,OF5204,Financial override,Q1 26/27,segment,0.0,,,,
Q1 2026/27,Midlands,Mental health and community trust,Mental Health and Learning Disability,RP1,Northamptonshire Healthcare NHS Foundation Trust,Summary,Summary,OF5204,Financial override,Q1 26/27,segment,0.0,,,,
Q1 2026/27,Midlands,Mental health and community trust,Mental Health and Learning Disability,RP7,Lincolnshire Partnership NHS Foundation Trust,Summary,Summary,OF5204,Financial override,Q1 26/27,segment,1.0,,,,
Q1 2026/27,London,Mental health and community trust,Mental Health and Learning Disability,RPG,Oxleas NHS Foundation Trust,Summary,Summary,OF5204,Financial override,Q1 26/27,segment,0.0,,,,
Q1 2026/27,London,Mental health and community trust,Mental Health and Learning Disability,RQY,South West London and St George's Mental Health NHS Trust,Summary,Summary,OF5204,Financial override,Q1 26/27,segment,0.0,,,,
Q1 2026/27,Midlands,Mental health and community trust,Mental Health and Learning Disability,RRE,Midlands Partnership University NHS Foundation Trust,Summary,Summary,OF5204,Financial override,Q1 26/27,segment,0.0,,,,
Q1 2026/27,East,Mental health and community trust,Mental Health and Learning Disability,RT1,Cambridgeshire and Peterborough NHS Foundation Trust,Summary,Summary,OF5204,Financial override,Q1 26/27,segment,1.0,,,,
Q1 2026/27,North West,Mental health and community trust,Mental Health and Learning Disability,RT2,Pennine Care NHS Foundation Trust,Summary,Summary,OF5204,Financial override,Q1 26/27,segment,0.0,,,,
Q1 2026/27,Midlands,Mental health and community trust,Mental Health and Learning Disability,RT5,Leicestershire Partnership NHS Trust,Summary,Summary,OF5204,Financial override,Q1 26/27,segment,0.0,,,,
Q1 2026/27,South West,Mental health and community trust,Mental Health and Learning Disability,RTQ,Gloucestershire Health and Care NHS Foundation Trust,Summary,Summary,OF5204,Financial override,Q1 26/27,segment,0.0,,,,
Q1 2026/27,London,Mental health and community trust,Mental Health and Learning Disability,RV3,Central and North West London NHS Foundation Trust,Summary,Summary,OF5204,Financial override,Q1 26/27,segment,0.0,,,,
Q1 2026/27,London,Mental health and community trust,Mental Health and Learning Disability,RV5,South London and Maudsley NHS Foundation Trust,Summary,Summary,OF5204,Financial override,Q1 26/27,segment,0.0,,,,
Q1 2026/27,North East and Yorkshire,Mental health and community trust,Mental Health and Learning Disability,RV9,Humber Teaching NHS Foundation Trust,Summary,Summary,OF5204,Financial override,Q1 26/27,segment,0.0,,,,
Q1 2026/27,South West,Mental health and community trust,Mental Health and Learning Disability,RVN,Avon and Wiltshire Mental Health Partnership NHS Trust,Summary,Summary,OF5204,Financial override,Q1 26/27,segment,0.0,,,,
Q1 2026/27,South East,Mental health and community trust,Mental Health and Learning Disability,RW1,Hampshire and Isle of Wight Healthcare NHS Foundation Trust,Summary,Summary,OF5204,Financial override,Q1 26/27,segment,0.0,,,,
Q1 2026/27,North West,Mental health and community trust,Mental Health and Learning Disability,RW4,Mersey Care NHS Foundation Trust,Summary,Summary,OF5204,Financial override,Q1 26/27,segment,0.0,,,,
Q1 2026/27,North West,Mental health and community trust,Mental Health and Learning Disability,RW5,Lancashire & South Cumbria NHS Foundation Trust,Summary,Summary,OF5204,Financial override,Q1 26/27,segment,1.0,,,,
Q1 2026/27,London,Mental health and community trust,Mental Health and Learning Disability,RWK,East London NHS Foundation Trust,Summary,Summary,OF5204,Financial override,Q1 26/27,segment,0.0,,,,
Q1 2026/27,East,Mental health and community trust,Mental Health and Learning Disability,RWR,Hertfordshire Partnership University NHS Foundation Trust,Summary,Summary,OF5204,Financial override,Q1 26/27,segment,0.0,,,,
Q1 2026/27,South West,Mental health and community trust,Mental Health and Learning Disability,RWV,Devon Partnership NHS Trust,Summary,Summary,OF5204,Financial override,Q1 26/27,segment,0.0,,,,
Q1 2026/27,South East,Mental health and community trust,Mental Health and Learning Disability,RWX,Berkshire Healthcare NHS Foundation Trust,Summary,Summary,OF5204,Financial override,Q1 26/27,segment,0.0,,,,
Q1 2026/27,South East,Mental health and community trust,Mental Health and Learning Disability,RX2,Sussex Partnership NHS Foundation Trust,Summary,Summary,OF5204,Financial override,Q1 26/27,segment,0.0,,,,
Q1 2026/27,North East and Yorkshire,Mental health and community trust,Mental Health and Learning Disability,RX3,"Tees, Esk and Wear Valleys NHS Foundation Trust",Summary,Summary,OF5204,Financial override,Q1 26/27,segment,0.0,,,,
Q1 2026/27,North East and Yorkshire,Mental health and community trust,Mental Health and Learning Disability,RX4,"Cumbria, Northumberland, Tyne and Wear NHS Foundation Trust",Summary,Summary,OF5204,Financial override,Q1 26/27,segment,0.0,,,,
Q1 2026/27,North West,Mental health and community trust,Mental Health and Learning Disability,RXA,Cheshire and Wirral Partnership NHS Foundation Trust,Summary,Summary,OF5204,Financial override,Q1 26/27,segment,0.0,,,,
Q1 2026/27,North East and Yorkshire,Mental health and community trust,Mental Health and Learning Disability,RXE,Rotherham Doncaster and South Humber NHS Foundation Trust,Summary,Summary,OF5204,Financial override,Q1 26/27,segment,0.0,,,,
Q1 2026/27,North East and Yorkshire,Mental health and community trust,Mental Health and Learning Disability,RXG,South West Yorkshire Partnership NHS Foundation Trust,Summary,Summary,OF5204,Financial override,Q1 26/27,segment,0.0,,,,
Q1 2026/27,Midlands,Mental health and community trust,Mental Health and Learning Disability,RXM,Derbyshire Healthcare NHS Foundation Trust,Summary,Summary,OF5204,Financial override,Q1 26/27,segment,1.0,,,,
Q1 2026/27,Midlands,Mental health and community trust,Mental Health and Learning Disability,RXT,Birmingham and Solihull Mental Health NHS Foundation Trust,Summary,Summary,OF5204,Financial override,Q1 26/27,segment,1.0,,,,
Q1 2026/27,North West,Mental health and community trust,Mental Health and Learning Disability,RXV,Greater Manchester Mental Health NHS Foundation Trust,Summary,Summary,OF5204,Financial override,Q1 26/27,segment,1.0,,,,
Q1 2026/27,South East,Mental health and community trust,Mental Health and Learning Disability,RXX,Surrey and Borders Partnership NHS Foundation Trust,Summary,Summary,OF5204,Financial override,Q1 26/27,segment,0.0,,,,
Q1 2026/27,South East,Mental health and community trust,Mental Health and Learning Disability,RXY,Kent and Medway Mental Health NHS Trust,Summary,Summary,OF5204,Financial override,Q1 26/27,segment,0.0,,,,
Q1 2026/27,East,Mental health and community trust,Community,RY3,Norfolk Community Health and Care NHS Trust,Summary,Summary,OF5204,Financial override,Q1 26/27,segment,0.0,,,,
Q1 2026/27,East,Mental health and community trust,Community,RY4,Hertfordshire Community NHS Trust,Summary,Summary,OF5204,Financial override,Q1 26/27,segment,0.0,,,,
Q1 2026/27,Midlands,Mental health and community trust,Community,RY5,Lincolnshire Community Health Services NHS Trust,Summary,Summary,OF5204,Financial override,Q1 26/27,segment,0.0,,,,
Q1 2026/27,North East and Yorkshire,Mental health and community trust,Community,RY6,Leeds Community Healthcare NHS Trust,Summary,Summary,OF5204,Financial override,Q1 26/27,segment,0.0,,,,
Q1 2026/27,North West,Mental health and community trust,Community,RY7,Wirral Community Health and Care NHS Foundation Trust,Summary,Summary,OF5204,Financial override,Q1 26/27,segment,0.0,,,,
Q1 2026/27,Midlands,Mental health and community trust,Community,RY8,Derbyshire Community Health Services NHS Foundation Trust,Summary,Summary,OF5204,Financial override,Q1 26/27,segment,0.0,,,,
Q1 2026/27,Midlands,Mental health and community trust,Mental Health and Learning Disability,RYG,Coventry and Warwickshire Partnership NHS Trust,Summary,Summary,OF5204,Financial override,Q1 26/27,segment,0.0,,,,
Q1 2026/27,Midlands,Mental health and community trust,Community,RYW,Birmingham Community Healthcare NHS Foundation Trust,Summary,Summary,OF5204,Financial override,Q1 26/27,segment,1.0,,,,
Q1 2026/27,London,Mental health and community trust,Community,RYX,Central London Community Healthcare NHS Trust,Summary,Summary,OF5204,Financial override,Q1 26/27,segment,0.0,,,,
Q1 2026/27,South East,Mental health and community trust,Community,RYY,Kent Community Health NHS Foundation Trust,Summary,Summary,OF5204,Financial override,Q1 26/27,segment,0.0,,,,
Q1 2026/27,North East and Yorkshire,Mental health and community trust,Care Trust,TAD,Bradford District Care NHS Foundation Trust,Summary,Summary,OF5204,Financial override,Q1 26/27,segment,0.0,,,,
Q1 2026/27,North East and Yorkshire,Mental health and community trust,Care Trust,TAH,Sheffield Health Partnership University NHS Foundation Trust,Summary,Summary,OF5204,Financial override,Q1 26/27,segment,1.0,,,,
Q1 2026/27,Midlands,Mental health and community trust,Mental Health and Learning Disability,TAJ,Black Country Healthcare NHS Foundation Trust,Summary,Summary,OF5204,Financial override,Q1 26/27,segment,0.0,,,,
