Quarter,Region,Trust_type,Trust_subtype,Trust_code,Trust_name,Domain,Sub-domain,Metric_ID,Metric_description,Reporting_date,Units,Value,Median_value,Lower_quartile,Upper_quartile,Rank
Q1 2026/27,London,Ambulance trust,Ambulance,RRU,London Ambulance Service NHS Trust,Access to services,Urgent care,OF0004,Average response time to 999 calls,2026/27 to June,mins,5.0,4.0,2.0,5.75,7.0
Q1 2026/27,North East and Yorkshire,Ambulance trust,Ambulance,RX6,North East Ambulance Service NHS Foundation Trust,Access to services,Urgent care,OF0004,Average response time to 999 calls,2026/27 to June,mins,1.0,4.0,2.0,5.75,1.0
Q1 2026/27,North West,Ambulance trust,Ambulance,RX7,North West Ambulance Service NHS Trust,Access to services,Urgent care,OF0004,Average response time to 999 calls,2026/27 to June,mins,4.0,4.0,2.0,5.75,5.0
Q1 2026/27,North East and Yorkshire,Ambulance trust,Ambulance,RX8,Yorkshire Ambulance Service NHS Trust,Access to services,Urgent care,OF0004,Average response time to 999 calls,2026/27 to June,mins,12.0,4.0,2.0,5.75,9.0
Q1 2026/27,Midlands,Ambulance trust,Ambulance,RX9,East Midlands Ambulance Service NHS Trust,Access to services,Urgent care,OF0004,Average response time to 999 calls,2026/27 to June,mins,4.0,4.0,2.0,5.75,5.0
Q1 2026/27,Midlands,Ambulance trust,Ambulance,RYA,West Midlands Ambulance Service University NHS Foundation Trust,Access to services,Urgent care,OF0004,Average response time to 999 calls,2026/27 to June,mins,2.0,4.0,2.0,5.75,2.0
Q1 2026/27,East,Ambulance trust,Ambulance,RYC,East of England Ambulance Service NHS Trust,Access to services,Urgent care,OF0004,Average response time to 999 calls,2026/27 to June,mins,2.0,4.0,2.0,5.75,2.0
Q1 2026/27,South East,Ambulance trust,Ambulance,RYD,South East Coast Ambulance Service NHS Foundation Trust,Access to services,Urgent care,OF0004,Average response time to 999 calls,2026/27 to June,mins,6.0,4.0,2.0,5.75,8.0
Q1 2026/27,South East,Ambulance trust,Ambulance,RYE,South Central Ambulance Service NHS Foundation Trust,Access to services,Urgent care,OF0004,Average response time to 999 calls,2026/27 to June,mins,12.0,4.0,2.0,5.75,9.0
Q1 2026/27,South West,Ambulance trust,Ambulance,RYF,South Western Ambulance Service NHS Foundation Trust,Access to services,Urgent care,OF0004,Average response time to 999 calls,2026/27 to June,mins,2.0,4.0,2.0,5.75,2.0
Q1 2026/27,London,Ambulance trust,Ambulance,RRU,London Ambulance Service NHS Trust,Effectiveness of care and population health,Outcomes,OF0015,"Percentage of all ambulance incidents with an outcome of ""see and treat"" or ""hear and treat""",2026/27 YTD to June,%,50.83,48.36,44.63,50.5,3.0
Q1 2026/27,North East and Yorkshire,Ambulance trust,Ambulance,RX6,North East Ambulance Service NHS Foundation Trust,Effectiveness of care and population health,Outcomes,OF0015,"Percentage of all ambulance incidents with an outcome of ""see and treat"" or ""hear and treat""",2026/27 YTD to June,%,41.86,48.36,44.63,50.5,9.0
Q1 2026/27,North West,Ambulance trust,Ambulance,RX7,North West Ambulance Service NHS Trust,Effectiveness of care and population health,Outcomes,OF0015,"Percentage of all ambulance incidents with an outcome of ""see and treat"" or ""hear and treat""",2026/27 YTD to June,%,43.8,48.36,44.63,50.5,8.0
Q1 2026/27,North East and Yorkshire,Ambulance trust,Ambulance,RX8,Yorkshire Ambulance Service NHS Trust,Effectiveness of care and population health,Outcomes,OF0015,"Percentage of all ambulance incidents with an outcome of ""see and treat"" or ""hear and treat""",2026/27 YTD to June,%,40.83,48.36,44.63,50.5,10.0
Q1 2026/27,Midlands,Ambulance trust,Ambulance,RX9,East Midlands Ambulance Service NHS Trust,Effectiveness of care and population health,Outcomes,OF0015,"Percentage of all ambulance incidents with an outcome of ""see and treat"" or ""hear and treat""",2026/27 YTD to June,%,47.42,48.36,44.63,50.5,6.0
Q1 2026/27,Midlands,Ambulance trust,Ambulance,RYA,West Midlands Ambulance Service University NHS Foundation Trust,Effectiveness of care and population health,Outcomes,OF0015,"Percentage of all ambulance incidents with an outcome of ""see and treat"" or ""hear and treat""",2026/27 YTD to June,%,49.3,48.36,44.63,50.5,5.0
Q1 2026/27,East,Ambulance trust,Ambulance,RYC,East of England Ambulance Service NHS Trust,Effectiveness of care and population health,Outcomes,OF0015,"Percentage of all ambulance incidents with an outcome of ""see and treat"" or ""hear and treat""",2026/27 YTD to June,%,51.18,48.36,44.63,50.5,2.0
Q1 2026/27,South East,Ambulance trust,Ambulance,RYD,South East Coast Ambulance Service NHS Foundation Trust,Effectiveness of care and population health,Outcomes,OF0015,"Percentage of all ambulance incidents with an outcome of ""see and treat"" or ""hear and treat""",2026/27 YTD to June,%,47.13,48.36,44.63,50.5,7.0
Q1 2026/27,South East,Ambulance trust,Ambulance,RYE,South Central Ambulance Service NHS Foundation Trust,Effectiveness of care and population health,Outcomes,OF0015,"Percentage of all ambulance incidents with an outcome of ""see and treat"" or ""hear and treat""",2026/27 YTD to June,%,49.5,48.36,44.63,50.5,4.0
Q1 2026/27,South West,Ambulance trust,Ambulance,RYF,South Western Ambulance Service NHS Foundation Trust,Effectiveness of care and population health,Outcomes,OF0015,"Percentage of all ambulance incidents with an outcome of ""see and treat"" or ""hear and treat""",2026/27 YTD to June,%,54.51,48.36,44.63,50.5,1.0
Q1 2026/27,London,Ambulance trust,Ambulance,RRU,London Ambulance Service NHS Trust,Access to services,Urgent care,OF0017,Mean response time to category 2 calls,2026/27 to June,count,30.17,27.93,24.25,33.01,6.0
Q1 2026/27,North East and Yorkshire,Ambulance trust,Ambulance,RX6,North East Ambulance Service NHS Foundation Trust,Access to services,Urgent care,OF0017,Mean response time to category 2 calls,2026/27 to June,count,18.58,27.93,24.25,33.01,1.0
Q1 2026/27,North West,Ambulance trust,Ambulance,RX7,North West Ambulance Service NHS Trust,Access to services,Urgent care,OF0017,Mean response time to category 2 calls,2026/27 to June,count,25.08,27.93,24.25,33.01,4.0
Q1 2026/27,North East and Yorkshire,Ambulance trust,Ambulance,RX8,Yorkshire Ambulance Service NHS Trust,Access to services,Urgent care,OF0017,Mean response time to category 2 calls,2026/27 to June,count,23.97,27.93,24.25,33.01,3.0
Q1 2026/27,Midlands,Ambulance trust,Ambulance,RX9,East Midlands Ambulance Service NHS Trust,Access to services,Urgent care,OF0017,Mean response time to category 2 calls,2026/27 to June,count,34.75,27.93,24.25,33.01,9.0
Q1 2026/27,Midlands,Ambulance trust,Ambulance,RYA,West Midlands Ambulance Service University NHS Foundation Trust,Access to services,Urgent care,OF0017,Mean response time to category 2 calls,2026/27 to June,count,20.97,27.93,24.25,33.01,2.0
Q1 2026/27,East,Ambulance trust,Ambulance,RYC,East of England Ambulance Service NHS Trust,Access to services,Urgent care,OF0017,Mean response time to category 2 calls,2026/27 to June,count,31.58,27.93,24.25,33.01,7.0
Q1 2026/27,South East,Ambulance trust,Ambulance,RYD,South East Coast Ambulance Service NHS Foundation Trust,Access to services,Urgent care,OF0017,Mean response time to category 2 calls,2026/27 to June,count,25.68,27.93,24.25,33.01,5.0
Q1 2026/27,South East,Ambulance trust,Ambulance,RYE,South Central Ambulance Service NHS Foundation Trust,Access to services,Urgent care,OF0017,Mean response time to category 2 calls,2026/27 to June,count,33.48,27.93,24.25,33.01,8.0
Q1 2026/27,South West,Ambulance trust,Ambulance,RYF,South Western Ambulance Service NHS Foundation Trust,Access to services,Urgent care,OF0017,Mean response time to category 2 calls,2026/27 to June,count,38.8,27.93,24.25,33.01,10.0
Q1 2026/27,London,Ambulance trust,Ambulance,RRU,London Ambulance Service NHS Trust,Experience of care,Experience,OF0047,NHS staff survey advocacy sub-score,Dec-25,rate,6.13,6.11,5.68,6.4,5.0
Q1 2026/27,North East and Yorkshire,Ambulance trust,Ambulance,RX6,North East Ambulance Service NHS Foundation Trust,Experience of care,Experience,OF0047,NHS staff survey advocacy sub-score,Dec-25,rate,6.47,6.11,5.68,6.4,2.0
Q1 2026/27,North West,Ambulance trust,Ambulance,RX7,North West Ambulance Service NHS Trust,Experience of care,Experience,OF0047,NHS staff survey advocacy sub-score,Dec-25,rate,6.46,6.11,5.68,6.4,3.0
Q1 2026/27,North East and Yorkshire,Ambulance trust,Ambulance,RX8,Yorkshire Ambulance Service NHS Trust,Experience of care,Experience,OF0047,NHS staff survey advocacy sub-score,Dec-25,rate,6.67,6.11,5.68,6.4,1.0
Q1 2026/27,Midlands,Ambulance trust,Ambulance,RX9,East Midlands Ambulance Service NHS Trust,Experience of care,Experience,OF0047,NHS staff survey advocacy sub-score,Dec-25,rate,6.1,6.11,5.68,6.4,6.0
Q1 2026/27,Midlands,Ambulance trust,Ambulance,RYA,West Midlands Ambulance Service University NHS Foundation Trust,Experience of care,Experience,OF0047,NHS staff survey advocacy sub-score,Dec-25,rate,5.66,6.11,5.68,6.4,8.0
Q1 2026/27,East,Ambulance trust,Ambulance,RYC,East of England Ambulance Service NHS Trust,Experience of care,Experience,OF0047,NHS staff survey advocacy sub-score,Dec-25,rate,5.55,6.11,5.68,6.4,9.0
Q1 2026/27,South East,Ambulance trust,Ambulance,RYD,South East Coast Ambulance Service NHS Foundation Trust,Experience of care,Experience,OF0047,NHS staff survey advocacy sub-score,Dec-25,rate,6.23,6.11,5.68,6.4,4.0
Q1 2026/27,South East,Ambulance trust,Ambulance,RYE,South Central Ambulance Service NHS Foundation Trust,Experience of care,Experience,OF0047,NHS staff survey advocacy sub-score,Dec-25,rate,5.54,6.11,5.68,6.4,10.0
Q1 2026/27,South West,Ambulance trust,Ambulance,RYF,South Western Ambulance Service NHS Foundation Trust,Experience of care,Experience,OF0047,NHS staff survey advocacy sub-score,Dec-25,rate,5.75,6.11,5.68,6.4,7.0
Q1 2026/27,London,Ambulance trust,Ambulance,RRU,London Ambulance Service NHS Trust,Patient safety,Safe culture,OF0061,NHS Staff survey - raising concerns sub-score,2025,%,6.0,5.94,5.73,6.1,4.0
Q1 2026/27,North East and Yorkshire,Ambulance trust,Ambulance,RX6,North East Ambulance Service NHS Foundation Trust,Patient safety,Safe culture,OF0061,NHS Staff survey - raising concerns sub-score,2025,%,6.13,5.94,5.73,6.1,3.0
Q1 2026/27,North West,Ambulance trust,Ambulance,RX7,North West Ambulance Service NHS Trust,Patient safety,Safe culture,OF0061,NHS Staff survey - raising concerns sub-score,2025,%,6.15,5.94,5.73,6.1,2.0
Q1 2026/27,North East and Yorkshire,Ambulance trust,Ambulance,RX8,Yorkshire Ambulance Service NHS Trust,Patient safety,Safe culture,OF0061,NHS Staff survey - raising concerns sub-score,2025,%,6.27,5.94,5.73,6.1,1.0
Q1 2026/27,Midlands,Ambulance trust,Ambulance,RX9,East Midlands Ambulance Service NHS Trust,Patient safety,Safe culture,OF0061,NHS Staff survey - raising concerns sub-score,2025,%,5.93,5.94,5.73,6.1,6.0
Q1 2026/27,Midlands,Ambulance trust,Ambulance,RYA,West Midlands Ambulance Service University NHS Foundation Trust,Patient safety,Safe culture,OF0061,NHS Staff survey - raising concerns sub-score,2025,%,5.78,5.94,5.73,6.1,7.0
Q1 2026/27,East,Ambulance trust,Ambulance,RYC,East of England Ambulance Service NHS Trust,Patient safety,Safe culture,OF0061,NHS Staff survey - raising concerns sub-score,2025,%,5.54,5.94,5.73,6.1,10.0
Q1 2026/27,South East,Ambulance trust,Ambulance,RYD,South East Coast Ambulance Service NHS Foundation Trust,Patient safety,Safe culture,OF0061,NHS Staff survey - raising concerns sub-score,2025,%,5.96,5.94,5.73,6.1,5.0
Q1 2026/27,South East,Ambulance trust,Ambulance,RYE,South Central Ambulance Service NHS Foundation Trust,Patient safety,Safe culture,OF0061,NHS Staff survey - raising concerns sub-score,2025,%,5.68,5.94,5.73,6.1,9.0
Q1 2026/27,South West,Ambulance trust,Ambulance,RYF,South Western Ambulance Service NHS Foundation Trust,Patient safety,Safe culture,OF0061,NHS Staff survey - raising concerns sub-score,2025,%,5.72,5.94,5.73,6.1,8.0
Q1 2026/27,London,Ambulance trust,Ambulance,RRU,London Ambulance Service NHS Trust,"Finance, productivity and innovation",Finance,OF0079,Planned surplus/deficit,Jun-26,%,0.0,0.0,0.0,0.0,2.0
Q1 2026/27,North East and Yorkshire,Ambulance trust,Ambulance,RX6,North East Ambulance Service NHS Foundation Trust,"Finance, productivity and innovation",Finance,OF0079,Planned surplus/deficit,Jun-26,%,0.0,0.0,0.0,0.0,2.0
Q1 2026/27,North West,Ambulance trust,Ambulance,RX7,North West Ambulance Service NHS Trust,"Finance, productivity and innovation",Finance,OF0079,Planned surplus/deficit,Jun-26,%,0.0,0.0,0.0,0.0,2.0
Q1 2026/27,North East and Yorkshire,Ambulance trust,Ambulance,RX8,Yorkshire Ambulance Service NHS Trust,"Finance, productivity and innovation",Finance,OF0079,Planned surplus/deficit,Jun-26,%,0.0,0.0,0.0,0.0,2.0
Q1 2026/27,Midlands,Ambulance trust,Ambulance,RX9,East Midlands Ambulance Service NHS Trust,"Finance, productivity and innovation",Finance,OF0079,Planned surplus/deficit,Jun-26,%,0.0,0.0,0.0,0.0,2.0
Q1 2026/27,Midlands,Ambulance trust,Ambulance,RYA,West Midlands Ambulance Service University NHS Foundation Trust,"Finance, productivity and innovation",Finance,OF0079,Planned surplus/deficit,Jun-26,%,0.0,0.0,0.0,0.0,2.0
Q1 2026/27,East,Ambulance trust,Ambulance,RYC,East of England Ambulance Service NHS Trust,"Finance, productivity and innovation",Finance,OF0079,Planned surplus/deficit,Jun-26,%,0.02,0.0,0.0,0.0,1.0
Q1 2026/27,South East,Ambulance trust,Ambulance,RYD,South East Coast Ambulance Service NHS Foundation Trust,"Finance, productivity and innovation",Finance,OF0079,Planned surplus/deficit,Jun-26,%,0.0,0.0,0.0,0.0,2.0
Q1 2026/27,South East,Ambulance trust,Ambulance,RYE,South Central Ambulance Service NHS Foundation Trust,"Finance, productivity and innovation",Finance,OF0079,Planned surplus/deficit,Jun-26,%,0.0,0.0,0.0,0.0,2.0
Q1 2026/27,South West,Ambulance trust,Ambulance,RYF,South Western Ambulance Service NHS Foundation Trust,"Finance, productivity and innovation",Finance,OF0079,Planned surplus/deficit,Jun-26,%,0.0,0.0,0.0,0.0,2.0
Q1 2026/27,London,Ambulance trust,Ambulance,RRU,London Ambulance Service NHS Trust,"Finance, productivity and innovation",Finance,OF0081,Variance to plan year-to-date,Jun-26,%,1.32,0.19,0.04,0.35,1.0
Q1 2026/27,North East and Yorkshire,Ambulance trust,Ambulance,RX6,North East Ambulance Service NHS Foundation Trust,"Finance, productivity and innovation",Finance,OF0081,Variance to plan year-to-date,Jun-26,%,0.12,0.19,0.04,0.35,7.0
Q1 2026/27,North West,Ambulance trust,Ambulance,RX7,North West Ambulance Service NHS Trust,"Finance, productivity and innovation",Finance,OF0081,Variance to plan year-to-date,Jun-26,%,0.65,0.19,0.04,0.35,2.0
Q1 2026/27,North East and Yorkshire,Ambulance trust,Ambulance,RX8,Yorkshire Ambulance Service NHS Trust,"Finance, productivity and innovation",Finance,OF0081,Variance to plan year-to-date,Jun-26,%,0.21,0.19,0.04,0.35,4.0
Q1 2026/27,Midlands,Ambulance trust,Ambulance,RX9,East Midlands Ambulance Service NHS Trust,"Finance, productivity and innovation",Finance,OF0081,Variance to plan year-to-date,Jun-26,%,0.18,0.19,0.04,0.35,6.0
Q1 2026/27,Midlands,Ambulance trust,Ambulance,RYA,West Midlands Ambulance Service University NHS Foundation Trust,"Finance, productivity and innovation",Finance,OF0081,Variance to plan year-to-date,Jun-26,%,0.19,0.19,0.04,0.35,5.0
Q1 2026/27,East,Ambulance trust,Ambulance,RYC,East of England Ambulance Service NHS Trust,"Finance, productivity and innovation",Finance,OF0081,Variance to plan year-to-date,Jun-26,%,0.39,0.19,0.04,0.35,3.0
Q1 2026/27,South East,Ambulance trust,Ambulance,RYD,South East Coast Ambulance Service NHS Foundation Trust,"Finance, productivity and innovation",Finance,OF0081,Variance to plan year-to-date,Jun-26,%,0.0,0.19,0.04,0.35,9.0
Q1 2026/27,South East,Ambulance trust,Ambulance,RYE,South Central Ambulance Service NHS Foundation Trust,"Finance, productivity and innovation",Finance,OF0081,Variance to plan year-to-date,Jun-26,%,0.01,0.19,0.04,0.35,8.0
Q1 2026/27,South West,Ambulance trust,Ambulance,RYF,South Western Ambulance Service NHS Foundation Trust,"Finance, productivity and innovation",Finance,OF0081,Variance to plan year-to-date,Jun-26,%,0.0,0.19,0.04,0.35,9.0
Q1 2026/27,London,Ambulance trust,Ambulance,RRU,London Ambulance Service NHS Trust,People,People and culture,OF0082,Sickness absence rate,Mar-26,%,6.93,7.47,7.04,7.87,3.0
Q1 2026/27,North East and Yorkshire,Ambulance trust,Ambulance,RX6,North East Ambulance Service NHS Foundation Trust,People,People and culture,OF0082,Sickness absence rate,Mar-26,%,7.47,7.47,7.04,7.87,6.0
Q1 2026/27,North West,Ambulance trust,Ambulance,RX7,North West Ambulance Service NHS Trust,People,People and culture,OF0082,Sickness absence rate,Mar-26,%,7.97,7.47,7.04,7.87,8.0
Q1 2026/27,North East and Yorkshire,Ambulance trust,Ambulance,RX8,Yorkshire Ambulance Service NHS Trust,People,People and culture,OF0082,Sickness absence rate,Mar-26,%,8.37,7.47,7.04,7.87,10.0
Q1 2026/27,Midlands,Ambulance trust,Ambulance,RX9,East Midlands Ambulance Service NHS Trust,People,People and culture,OF0082,Sickness absence rate,Mar-26,%,7.46,7.47,7.04,7.87,5.0
Q1 2026/27,Midlands,Ambulance trust,Ambulance,RYA,West Midlands Ambulance Service University NHS Foundation Trust,People,People and culture,OF0082,Sickness absence rate,Mar-26,%,4.65,7.47,7.04,7.87,1.0
Q1 2026/27,East,Ambulance trust,Ambulance,RYC,East of England Ambulance Service NHS Trust,People,People and culture,OF0082,Sickness absence rate,Mar-26,%,8.1,7.47,7.04,7.87,9.0
Q1 2026/27,South East,Ambulance trust,Ambulance,RYD,South East Coast Ambulance Service NHS Foundation Trust,People,People and culture,OF0082,Sickness absence rate,Mar-26,%,7.57,7.47,7.04,7.87,7.0
Q1 2026/27,South East,Ambulance trust,Ambulance,RYE,South Central Ambulance Service NHS Foundation Trust,People,People and culture,OF0082,Sickness absence rate,Mar-26,%,7.39,7.47,7.04,7.87,4.0
Q1 2026/27,South West,Ambulance trust,Ambulance,RYF,South Western Ambulance Service NHS Foundation Trust,People,People and culture,OF0082,Sickness absence rate,Mar-26,%,5.73,7.47,7.04,7.87,2.0
Q1 2026/27,London,Ambulance trust,Ambulance,RRU,London Ambulance Service NHS Trust,People,People and culture,OF0084,NHS staff survey engagement theme sub-score ,2025,%,5.93,5.91,5.65,6.04,5.0
Q1 2026/27,North East and Yorkshire,Ambulance trust,Ambulance,RX6,North East Ambulance Service NHS Foundation Trust,People,People and culture,OF0084,NHS staff survey engagement theme sub-score ,2025,%,6.08,5.91,5.65,6.04,2.0
Q1 2026/27,North West,Ambulance trust,Ambulance,RX7,North West Ambulance Service NHS Trust,People,People and culture,OF0084,NHS staff survey engagement theme sub-score ,2025,%,6.06,5.91,5.65,6.04,3.0
Q1 2026/27,North East and Yorkshire,Ambulance trust,Ambulance,RX8,Yorkshire Ambulance Service NHS Trust,People,People and culture,OF0084,NHS staff survey engagement theme sub-score ,2025,%,6.29,5.91,5.65,6.04,1.0
Q1 2026/27,Midlands,Ambulance trust,Ambulance,RX9,East Midlands Ambulance Service NHS Trust,People,People and culture,OF0084,NHS staff survey engagement theme sub-score ,2025,%,5.9,5.91,5.65,6.04,6.0
Q1 2026/27,Midlands,Ambulance trust,Ambulance,RYA,West Midlands Ambulance Service University NHS Foundation Trust,People,People and culture,OF0084,NHS staff survey engagement theme sub-score ,2025,%,5.49,5.91,5.65,6.04,10.0
Q1 2026/27,East,Ambulance trust,Ambulance,RYC,East of England Ambulance Service NHS Trust,People,People and culture,OF0084,NHS staff survey engagement theme sub-score ,2025,%,5.63,5.91,5.65,6.04,8.0
Q1 2026/27,South East,Ambulance trust,Ambulance,RYD,South East Coast Ambulance Service NHS Foundation Trust,People,People and culture,OF0084,NHS staff survey engagement theme sub-score ,2025,%,5.98,5.91,5.65,6.04,4.0
Q1 2026/27,South East,Ambulance trust,Ambulance,RYE,South Central Ambulance Service NHS Foundation Trust,People,People and culture,OF0084,NHS staff survey engagement theme sub-score ,2025,%,5.6,5.91,5.65,6.04,9.0
Q1 2026/27,South West,Ambulance trust,Ambulance,RYF,South Western Ambulance Service NHS Foundation Trust,People,People and culture,OF0084,NHS staff survey engagement theme sub-score ,2025,%,5.74,5.91,5.65,6.04,7.0
Q1 2026/27,London,Ambulance trust,Ambulance,RRU,London Ambulance Service NHS Trust,"Finance, productivity and innovation",Productivity,OF0086,Relative cost difference (National Cost Collection Index),2025,rate,105.06,96.16,94.84,104.16,8.0
Q1 2026/27,North East and Yorkshire,Ambulance trust,Ambulance,RX6,North East Ambulance Service NHS Foundation Trust,"Finance, productivity and innovation",Productivity,OF0086,Relative cost difference (National Cost Collection Index),2025,rate,78.54,96.16,94.84,104.16,1.0
Q1 2026/27,North West,Ambulance trust,Ambulance,RX7,North West Ambulance Service NHS Trust,"Finance, productivity and innovation",Productivity,OF0086,Relative cost difference (National Cost Collection Index),2025,rate,95.61,96.16,94.84,104.16,5.0
Q1 2026/27,North East and Yorkshire,Ambulance trust,Ambulance,RX8,Yorkshire Ambulance Service NHS Trust,"Finance, productivity and innovation",Productivity,OF0086,Relative cost difference (National Cost Collection Index),2025,rate,96.71,96.16,94.84,104.16,6.0
Q1 2026/27,Midlands,Ambulance trust,Ambulance,RX9,East Midlands Ambulance Service NHS Trust,"Finance, productivity and innovation",Productivity,OF0086,Relative cost difference (National Cost Collection Index),2025,rate,91.01,96.16,94.84,104.16,2.0
Q1 2026/27,Midlands,Ambulance trust,Ambulance,RYA,West Midlands Ambulance Service University NHS Foundation Trust,"Finance, productivity and innovation",Productivity,OF0086,Relative cost difference (National Cost Collection Index),2025,rate,94.78,96.16,94.84,104.16,3.0
Q1 2026/27,East,Ambulance trust,Ambulance,RYC,East of England Ambulance Service NHS Trust,"Finance, productivity and innovation",Productivity,OF0086,Relative cost difference (National Cost Collection Index),2025,rate,115.47,96.16,94.84,104.16,10.0
Q1 2026/27,South East,Ambulance trust,Ambulance,RYD,South East Coast Ambulance Service NHS Foundation Trust,"Finance, productivity and innovation",Productivity,OF0086,Relative cost difference (National Cost Collection Index),2025,rate,101.44,96.16,94.84,104.16,7.0
Q1 2026/27,South East,Ambulance trust,Ambulance,RYE,South Central Ambulance Service NHS Foundation Trust,"Finance, productivity and innovation",Productivity,OF0086,Relative cost difference (National Cost Collection Index),2025,rate,95.02,96.16,94.84,104.16,4.0
Q1 2026/27,South West,Ambulance trust,Ambulance,RYF,South Western Ambulance Service NHS Foundation Trust,"Finance, productivity and innovation",Productivity,OF0086,Relative cost difference (National Cost Collection Index),2025,rate,112.72,96.16,94.84,104.16,9.0
Q1 2026/27,London,Ambulance trust,Ambulance,RRU,London Ambulance Service NHS Trust,"Finance, productivity and innovation",Innovation,OF0094,Percentage of clinical trials set up within 90 days,Q1 26/27,rate,100.0,100.0,100.0,100.0,1.0
Q1 2026/27,North East and Yorkshire,Ambulance trust,Ambulance,RX8,Yorkshire Ambulance Service NHS Trust,"Finance, productivity and innovation",Innovation,OF0094,Percentage of clinical trials set up within 90 days,Q1 26/27,rate,100.0,100.0,100.0,100.0,1.0
Q1 2026/27,South West,Ambulance trust,Ambulance,RYF,South Western Ambulance Service NHS Foundation Trust,"Finance, productivity and innovation",Innovation,OF0096,Overall Data Quality Maturity Index,M1 26/27,index,70.7,70.7,70.7,70.7,1.0
Q1 2026/27,London,Ambulance trust,Ambulance,RRU,London Ambulance Service NHS Trust,People,People and culture,OF0101,Percentage of frontline healthcare workers to receive a flu vaccination,M11 25/26,%,50.4,50.35,46.9,59.37,5.0
Q1 2026/27,North East and Yorkshire,Ambulance trust,Ambulance,RX6,North East Ambulance Service NHS Foundation Trust,People,People and culture,OF0101,Percentage of frontline healthcare workers to receive a flu vaccination,M11 25/26,%,42.2,50.35,46.9,59.37,9.0
Q1 2026/27,North West,Ambulance trust,Ambulance,RX7,North West Ambulance Service NHS Trust,People,People and culture,OF0101,Percentage of frontline healthcare workers to receive a flu vaccination,M11 25/26,%,41.9,50.35,46.9,59.37,10.0
Q1 2026/27,North East and Yorkshire,Ambulance trust,Ambulance,RX8,Yorkshire Ambulance Service NHS Trust,People,People and culture,OF0101,Percentage of frontline healthcare workers to receive a flu vaccination,M11 25/26,%,46.1,50.35,46.9,59.37,8.0
Q1 2026/27,Midlands,Ambulance trust,Ambulance,RX9,East Midlands Ambulance Service NHS Trust,People,People and culture,OF0101,Percentage of frontline healthcare workers to receive a flu vaccination,M11 25/26,%,61.5,50.35,46.9,59.37,3.0
Q1 2026/27,Midlands,Ambulance trust,Ambulance,RYA,West Midlands Ambulance Service University NHS Foundation Trust,People,People and culture,OF0101,Percentage of frontline healthcare workers to receive a flu vaccination,M11 25/26,%,64.4,50.35,46.9,59.37,1.0
Q1 2026/27,East,Ambulance trust,Ambulance,RYC,East of England Ambulance Service NHS Trust,People,People and culture,OF0101,Percentage of frontline healthcare workers to receive a flu vaccination,M11 25/26,%,49.3,50.35,46.9,59.37,7.0
Q1 2026/27,South East,Ambulance trust,Ambulance,RYD,South East Coast Ambulance Service NHS Foundation Trust,People,People and culture,OF0101,Percentage of frontline healthcare workers to receive a flu vaccination,M11 25/26,%,62.0,50.35,46.9,59.37,2.0
Q1 2026/27,South East,Ambulance trust,Ambulance,RYE,South Central Ambulance Service NHS Foundation Trust,People,People and culture,OF0101,Percentage of frontline healthcare workers to receive a flu vaccination,M11 25/26,%,50.3,50.35,46.9,59.37,6.0
Q1 2026/27,South West,Ambulance trust,Ambulance,RYF,South Western Ambulance Service NHS Foundation Trust,People,People and culture,OF0101,Percentage of frontline healthcare workers to receive a flu vaccination,M11 25/26,%,53.0,50.35,46.9,59.37,4.0
Q1 2026/27,London,Ambulance trust,Ambulance,RRU,London Ambulance Service NHS Trust,People,People and culture,OF0102,National Education and Training Survey overall experience sub-score,2025,score,84.74,79.92,75.66,84.13,2.0
Q1 2026/27,North East and Yorkshire,Ambulance trust,Ambulance,RX6,North East Ambulance Service NHS Foundation Trust,People,People and culture,OF0102,National Education and Training Survey overall experience sub-score,2025,score,92.03,79.92,75.66,84.13,1.0
Q1 2026/27,North West,Ambulance trust,Ambulance,RX7,North West Ambulance Service NHS Trust,People,People and culture,OF0102,National Education and Training Survey overall experience sub-score,2025,score,84.31,79.92,75.66,84.13,3.0
Q1 2026/27,North East and Yorkshire,Ambulance trust,Ambulance,RX8,Yorkshire Ambulance Service NHS Trust,People,People and culture,OF0102,National Education and Training Survey overall experience sub-score,2025,score,82.65,79.92,75.66,84.13,5.0
Q1 2026/27,Midlands,Ambulance trust,Ambulance,RX9,East Midlands Ambulance Service NHS Trust,People,People and culture,OF0102,National Education and Training Survey overall experience sub-score,2025,score,77.19,79.92,75.66,84.13,6.0
Q1 2026/27,Midlands,Ambulance trust,Ambulance,RYA,West Midlands Ambulance Service University NHS Foundation Trust,People,People and culture,OF0102,National Education and Training Survey overall experience sub-score,2025,score,73.77,79.92,75.66,84.13,10.0
Q1 2026/27,East,Ambulance trust,Ambulance,RYC,East of England Ambulance Service NHS Trust,People,People and culture,OF0102,National Education and Training Survey overall experience sub-score,2025,score,76.93,79.92,75.66,84.13,7.0
Q1 2026/27,South East,Ambulance trust,Ambulance,RYD,South East Coast Ambulance Service NHS Foundation Trust,People,People and culture,OF0102,National Education and Training Survey overall experience sub-score,2025,score,74.83,79.92,75.66,84.13,9.0
Q1 2026/27,South East,Ambulance trust,Ambulance,RYE,South Central Ambulance Service NHS Foundation Trust,People,People and culture,OF0102,National Education and Training Survey overall experience sub-score,2025,score,75.23,79.92,75.66,84.13,8.0
Q1 2026/27,South West,Ambulance trust,Ambulance,RYF,South Western Ambulance Service NHS Foundation Trust,People,People and culture,OF0102,National Education and Training Survey overall experience sub-score,2025,score,83.59,79.92,75.66,84.13,4.0
Q1 2026/27,London,Ambulance trust,Ambulance,RRU,London Ambulance Service NHS Trust,People,People and culture,OF0120,NHS staff standards sub-score,2025,score,6.87,6.86,6.72,6.98,5.0
Q1 2026/27,North East and Yorkshire,Ambulance trust,Ambulance,RX6,North East Ambulance Service NHS Foundation Trust,People,People and culture,OF0120,NHS staff standards sub-score,2025,score,7.08,6.86,6.72,6.98,2.0
Q1 2026/27,North West,Ambulance trust,Ambulance,RX7,North West Ambulance Service NHS Trust,People,People and culture,OF0120,NHS staff standards sub-score,2025,score,6.99,6.86,6.72,6.98,3.0
Q1 2026/27,North East and Yorkshire,Ambulance trust,Ambulance,RX8,Yorkshire Ambulance Service NHS Trust,People,People and culture,OF0120,NHS staff standards sub-score,2025,score,7.09,6.86,6.72,6.98,1.0
Q1 2026/27,Midlands,Ambulance trust,Ambulance,RX9,East Midlands Ambulance Service NHS Trust,People,People and culture,OF0120,NHS staff standards sub-score,2025,score,6.85,6.86,6.72,6.98,6.0
Q1 2026/27,Midlands,Ambulance trust,Ambulance,RYA,West Midlands Ambulance Service University NHS Foundation Trust,People,People and culture,OF0120,NHS staff standards sub-score,2025,score,6.52,6.86,6.72,6.98,10.0
Q1 2026/27,East,Ambulance trust,Ambulance,RYC,East of England Ambulance Service NHS Trust,People,People and culture,OF0120,NHS staff standards sub-score,2025,score,6.78,6.86,6.72,6.98,7.0
Q1 2026/27,South East,Ambulance trust,Ambulance,RYD,South East Coast Ambulance Service NHS Foundation Trust,People,People and culture,OF0120,NHS staff standards sub-score,2025,score,6.96,6.86,6.72,6.98,4.0
Q1 2026/27,South East,Ambulance trust,Ambulance,RYE,South Central Ambulance Service NHS Foundation Trust,People,People and culture,OF0120,NHS staff standards sub-score,2025,score,6.58,6.86,6.72,6.98,9.0
Q1 2026/27,South West,Ambulance trust,Ambulance,RYF,South Western Ambulance Service NHS Foundation Trust,People,People and culture,OF0120,NHS staff standards sub-score,2025,score,6.7,6.86,6.72,6.98,8.0
Q1 2026/27,London,Ambulance trust,Ambulance,RRU,London Ambulance Service NHS Trust,Access to services,Urgent care,OF2004,Average response time to 999 calls,2026/27 to June,score,2.5,,,,7.0
Q1 2026/27,North East and Yorkshire,Ambulance trust,Ambulance,RX6,North East Ambulance Service NHS Foundation Trust,Access to services,Urgent care,OF2004,Average response time to 999 calls,2026/27 to June,score,1.0,,,,1.0
Q1 2026/27,North West,Ambulance trust,Ambulance,RX7,North West Ambulance Service NHS Trust,Access to services,Urgent care,OF2004,Average response time to 999 calls,2026/27 to June,score,2.0,,,,5.0
Q1 2026/27,North East and Yorkshire,Ambulance trust,Ambulance,RX8,Yorkshire Ambulance Service NHS Trust,Access to services,Urgent care,OF2004,Average response time to 999 calls,2026/27 to June,score,4.0,,,,9.0
Q1 2026/27,Midlands,Ambulance trust,Ambulance,RX9,East Midlands Ambulance Service NHS Trust,Access to services,Urgent care,OF2004,Average response time to 999 calls,2026/27 to June,score,2.0,,,,5.0
Q1 2026/27,Midlands,Ambulance trust,Ambulance,RYA,West Midlands Ambulance Service University NHS Foundation Trust,Access to services,Urgent care,OF2004,Average response time to 999 calls,2026/27 to June,score,1.25,,,,2.0
Q1 2026/27,East,Ambulance trust,Ambulance,RYC,East of England Ambulance Service NHS Trust,Access to services,Urgent care,OF2004,Average response time to 999 calls,2026/27 to June,score,1.25,,,,2.0
Q1 2026/27,South East,Ambulance trust,Ambulance,RYD,South East Coast Ambulance Service NHS Foundation Trust,Access to services,Urgent care,OF2004,Average response time to 999 calls,2026/27 to June,score,2.75,,,,8.0
Q1 2026/27,South East,Ambulance trust,Ambulance,RYE,South Central Ambulance Service NHS Foundation Trust,Access to services,Urgent care,OF2004,Average response time to 999 calls,2026/27 to June,score,4.0,,,,9.0
Q1 2026/27,South West,Ambulance trust,Ambulance,RYF,South Western Ambulance Service NHS Foundation Trust,Access to services,Urgent care,OF2004,Average response time to 999 calls,2026/27 to June,score,1.25,,,,2.0
Q1 2026/27,London,Ambulance trust,Ambulance,RRU,London Ambulance Service NHS Trust,Effectiveness of care and population health,Outcomes,OF2015,"Percentage of all ambulance incidents with an outcome of ""see and treat"" or ""hear and treat""",2026/27 YTD to June,score,1.6,,,,3.0
Q1 2026/27,North East and Yorkshire,Ambulance trust,Ambulance,RX6,North East Ambulance Service NHS Foundation Trust,Effectiveness of care and population health,Outcomes,OF2015,"Percentage of all ambulance incidents with an outcome of ""see and treat"" or ""hear and treat""",2026/27 YTD to June,score,3.7,,,,9.0
Q1 2026/27,North West,Ambulance trust,Ambulance,RX7,North West Ambulance Service NHS Trust,Effectiveness of care and population health,Outcomes,OF2015,"Percentage of all ambulance incidents with an outcome of ""see and treat"" or ""hear and treat""",2026/27 YTD to June,score,3.4,,,,8.0
Q1 2026/27,North East and Yorkshire,Ambulance trust,Ambulance,RX8,Yorkshire Ambulance Service NHS Trust,Effectiveness of care and population health,Outcomes,OF2015,"Percentage of all ambulance incidents with an outcome of ""see and treat"" or ""hear and treat""",2026/27 YTD to June,score,4.0,,,,10.0
Q1 2026/27,Midlands,Ambulance trust,Ambulance,RX9,East Midlands Ambulance Service NHS Trust,Effectiveness of care and population health,Outcomes,OF2015,"Percentage of all ambulance incidents with an outcome of ""see and treat"" or ""hear and treat""",2026/27 YTD to June,score,2.5,,,,6.0
Q1 2026/27,Midlands,Ambulance trust,Ambulance,RYA,West Midlands Ambulance Service University NHS Foundation Trust,Effectiveness of care and population health,Outcomes,OF2015,"Percentage of all ambulance incidents with an outcome of ""see and treat"" or ""hear and treat""",2026/27 YTD to June,score,2.2,,,,5.0
Q1 2026/27,East,Ambulance trust,Ambulance,RYC,East of England Ambulance Service NHS Trust,Effectiveness of care and population health,Outcomes,OF2015,"Percentage of all ambulance incidents with an outcome of ""see and treat"" or ""hear and treat""",2026/27 YTD to June,score,1.3,,,,2.0
Q1 2026/27,South East,Ambulance trust,Ambulance,RYD,South East Coast Ambulance Service NHS Foundation Trust,Effectiveness of care and population health,Outcomes,OF2015,"Percentage of all ambulance incidents with an outcome of ""see and treat"" or ""hear and treat""",2026/27 YTD to June,score,2.8,,,,7.0
Q1 2026/27,South East,Ambulance trust,Ambulance,RYE,South Central Ambulance Service NHS Foundation Trust,Effectiveness of care and population health,Outcomes,OF2015,"Percentage of all ambulance incidents with an outcome of ""see and treat"" or ""hear and treat""",2026/27 YTD to June,score,1.9,,,,4.0
Q1 2026/27,South West,Ambulance trust,Ambulance,RYF,South Western Ambulance Service NHS Foundation Trust,Effectiveness of care and population health,Outcomes,OF2015,"Percentage of all ambulance incidents with an outcome of ""see and treat"" or ""hear and treat""",2026/27 YTD to June,score,1.0,,,,1.0
Q1 2026/27,London,Ambulance trust,Ambulance,RRU,London Ambulance Service NHS Trust,Access to services,Urgent care,OF2017,Mean response time to category 2 calls,2026/27 to June,score,2.86,,,,6.0
Q1 2026/27,North East and Yorkshire,Ambulance trust,Ambulance,RX6,North East Ambulance Service NHS Foundation Trust,Access to services,Urgent care,OF2017,Mean response time to category 2 calls,2026/27 to June,score,1.0,,,,1.0
Q1 2026/27,North West,Ambulance trust,Ambulance,RX7,North West Ambulance Service NHS Trust,Access to services,Urgent care,OF2017,Mean response time to category 2 calls,2026/27 to June,score,2.0,,,,4.0
Q1 2026/27,North East and Yorkshire,Ambulance trust,Ambulance,RX8,Yorkshire Ambulance Service NHS Trust,Access to services,Urgent care,OF2017,Mean response time to category 2 calls,2026/27 to June,score,1.0,,,,3.0
Q1 2026/27,Midlands,Ambulance trust,Ambulance,RX9,East Midlands Ambulance Service NHS Trust,Access to services,Urgent care,OF2017,Mean response time to category 2 calls,2026/27 to June,score,3.71,,,,9.0
Q1 2026/27,Midlands,Ambulance trust,Ambulance,RYA,West Midlands Ambulance Service University NHS Foundation Trust,Access to services,Urgent care,OF2017,Mean response time to category 2 calls,2026/27 to June,score,1.0,,,,2.0
Q1 2026/27,East,Ambulance trust,Ambulance,RYC,East of England Ambulance Service NHS Trust,Access to services,Urgent care,OF2017,Mean response time to category 2 calls,2026/27 to June,score,3.14,,,,7.0
Q1 2026/27,South East,Ambulance trust,Ambulance,RYD,South East Coast Ambulance Service NHS Foundation Trust,Access to services,Urgent care,OF2017,Mean response time to category 2 calls,2026/27 to June,score,2.29,,,,5.0
Q1 2026/27,South East,Ambulance trust,Ambulance,RYE,South Central Ambulance Service NHS Foundation Trust,Access to services,Urgent care,OF2017,Mean response time to category 2 calls,2026/27 to June,score,3.43,,,,8.0
Q1 2026/27,South West,Ambulance trust,Ambulance,RYF,South Western Ambulance Service NHS Foundation Trust,Access to services,Urgent care,OF2017,Mean response time to category 2 calls,2026/27 to June,score,4.0,,,,10.0
Q1 2026/27,London,Ambulance trust,Ambulance,RRU,London Ambulance Service NHS Trust,Experience of care,Experience,OF2047,NHS staff survey advocacy sub-score,2025,score,2.33,,,,5.0
Q1 2026/27,North East and Yorkshire,Ambulance trust,Ambulance,RX6,North East Ambulance Service NHS Foundation Trust,Experience of care,Experience,OF2047,NHS staff survey advocacy sub-score,2025,score,1.33,,,,2.0
Q1 2026/27,North West,Ambulance trust,Ambulance,RX7,North West Ambulance Service NHS Trust,Experience of care,Experience,OF2047,NHS staff survey advocacy sub-score,2025,score,1.67,,,,3.0
Q1 2026/27,North East and Yorkshire,Ambulance trust,Ambulance,RX8,Yorkshire Ambulance Service NHS Trust,Experience of care,Experience,OF2047,NHS staff survey advocacy sub-score,2025,score,1.0,,,,1.0
Q1 2026/27,Midlands,Ambulance trust,Ambulance,RX9,East Midlands Ambulance Service NHS Trust,Experience of care,Experience,OF2047,NHS staff survey advocacy sub-score,2025,score,2.67,,,,6.0
Q1 2026/27,Midlands,Ambulance trust,Ambulance,RYA,West Midlands Ambulance Service University NHS Foundation Trust,Experience of care,Experience,OF2047,NHS staff survey advocacy sub-score,2025,score,3.33,,,,8.0
Q1 2026/27,East,Ambulance trust,Ambulance,RYC,East of England Ambulance Service NHS Trust,Experience of care,Experience,OF2047,NHS staff survey advocacy sub-score,2025,score,3.67,,,,9.0
Q1 2026/27,South East,Ambulance trust,Ambulance,RYD,South East Coast Ambulance Service NHS Foundation Trust,Experience of care,Experience,OF2047,NHS staff survey advocacy sub-score,2025,score,2.0,,,,4.0
Q1 2026/27,South East,Ambulance trust,Ambulance,RYE,South Central Ambulance Service NHS Foundation Trust,Experience of care,Experience,OF2047,NHS staff survey advocacy sub-score,2025,score,4.0,,,,10.0
Q1 2026/27,South West,Ambulance trust,Ambulance,RYF,South Western Ambulance Service NHS Foundation Trust,Experience of care,Experience,OF2047,NHS staff survey advocacy sub-score,2025,score,3.0,,,,7.0
Q1 2026/27,London,Ambulance trust,Ambulance,RRU,London Ambulance Service NHS Trust,Patient safety,Safe culture,OF2061,NHS Staff survey - raising concerns sub-score,2025,score,2.0,,,,4.0
Q1 2026/27,North East and Yorkshire,Ambulance trust,Ambulance,RX6,North East Ambulance Service NHS Foundation Trust,Patient safety,Safe culture,OF2061,NHS Staff survey - raising concerns sub-score,2025,score,1.67,,,,3.0
Q1 2026/27,North West,Ambulance trust,Ambulance,RX7,North West Ambulance Service NHS Trust,Patient safety,Safe culture,OF2061,NHS Staff survey - raising concerns sub-score,2025,score,1.33,,,,2.0
Q1 2026/27,North East and Yorkshire,Ambulance trust,Ambulance,RX8,Yorkshire Ambulance Service NHS Trust,Patient safety,Safe culture,OF2061,NHS Staff survey - raising concerns sub-score,2025,score,1.0,,,,1.0
Q1 2026/27,Midlands,Ambulance trust,Ambulance,RX9,East Midlands Ambulance Service NHS Trust,Patient safety,Safe culture,OF2061,NHS Staff survey - raising concerns sub-score,2025,score,2.67,,,,6.0
Q1 2026/27,Midlands,Ambulance trust,Ambulance,RYA,West Midlands Ambulance Service University NHS Foundation Trust,Patient safety,Safe culture,OF2061,NHS Staff survey - raising concerns sub-score,2025,score,3.0,,,,7.0
Q1 2026/27,East,Ambulance trust,Ambulance,RYC,East of England Ambulance Service NHS Trust,Patient safety,Safe culture,OF2061,NHS Staff survey - raising concerns sub-score,2025,score,4.0,,,,10.0
Q1 2026/27,South East,Ambulance trust,Ambulance,RYD,South East Coast Ambulance Service NHS Foundation Trust,Patient safety,Safe culture,OF2061,NHS Staff survey - raising concerns sub-score,2025,score,2.33,,,,5.0
Q1 2026/27,South East,Ambulance trust,Ambulance,RYE,South Central Ambulance Service NHS Foundation Trust,Patient safety,Safe culture,OF2061,NHS Staff survey - raising concerns sub-score,2025,score,3.67,,,,9.0
Q1 2026/27,South West,Ambulance trust,Ambulance,RYF,South Western Ambulance Service NHS Foundation Trust,Patient safety,Safe culture,OF2061,NHS Staff survey - raising concerns sub-score,2025,score,3.33,,,,8.0
Q1 2026/27,London,Ambulance trust,Ambulance,RRU,London Ambulance Service NHS Trust,"Finance, productivity and innovation",Finance,OF2079,Planned surplus/deficit,2025/26 plan,score,1.0,,,,2.0
Q1 2026/27,North East and Yorkshire,Ambulance trust,Ambulance,RX6,North East Ambulance Service NHS Foundation Trust,"Finance, productivity and innovation",Finance,OF2079,Planned surplus/deficit,2025/26 plan,score,1.0,,,,2.0
Q1 2026/27,North West,Ambulance trust,Ambulance,RX7,North West Ambulance Service NHS Trust,"Finance, productivity and innovation",Finance,OF2079,Planned surplus/deficit,2025/26 plan,score,1.0,,,,2.0
Q1 2026/27,North East and Yorkshire,Ambulance trust,Ambulance,RX8,Yorkshire Ambulance Service NHS Trust,"Finance, productivity and innovation",Finance,OF2079,Planned surplus/deficit,2025/26 plan,score,1.0,,,,2.0
Q1 2026/27,Midlands,Ambulance trust,Ambulance,RX9,East Midlands Ambulance Service NHS Trust,"Finance, productivity and innovation",Finance,OF2079,Planned surplus/deficit,2025/26 plan,score,1.0,,,,2.0
Q1 2026/27,Midlands,Ambulance trust,Ambulance,RYA,West Midlands Ambulance Service University NHS Foundation Trust,"Finance, productivity and innovation",Finance,OF2079,Planned surplus/deficit,2025/26 plan,score,1.0,,,,2.0
Q1 2026/27,East,Ambulance trust,Ambulance,RYC,East of England Ambulance Service NHS Trust,"Finance, productivity and innovation",Finance,OF2079,Planned surplus/deficit,2025/26 plan,score,1.0,,,,1.0
Q1 2026/27,South East,Ambulance trust,Ambulance,RYD,South East Coast Ambulance Service NHS Foundation Trust,"Finance, productivity and innovation",Finance,OF2079,Planned surplus/deficit,2025/26 plan,score,1.0,,,,2.0
Q1 2026/27,South East,Ambulance trust,Ambulance,RYE,South Central Ambulance Service NHS Foundation Trust,"Finance, productivity and innovation",Finance,OF2079,Planned surplus/deficit,2025/26 plan,score,1.0,,,,2.0
Q1 2026/27,South West,Ambulance trust,Ambulance,RYF,South Western Ambulance Service NHS Foundation Trust,"Finance, productivity and innovation",Finance,OF2079,Planned surplus/deficit,2025/26 plan,score,1.0,,,,2.0
Q1 2026/27,London,Ambulance trust,Ambulance,RRU,London Ambulance Service NHS Trust,"Finance, productivity and innovation",Finance,OF2080,Combined finance,M3 26/27,score,1.0,,,,
Q1 2026/27,North East and Yorkshire,Ambulance trust,Ambulance,RX6,North East Ambulance Service NHS Foundation Trust,"Finance, productivity and innovation",Finance,OF2080,Combined finance,M3 26/27,score,1.0,,,,
Q1 2026/27,North West,Ambulance trust,Ambulance,RX7,North West Ambulance Service NHS Trust,"Finance, productivity and innovation",Finance,OF2080,Combined finance,M3 26/27,score,1.0,,,,
Q1 2026/27,North East and Yorkshire,Ambulance trust,Ambulance,RX8,Yorkshire Ambulance Service NHS Trust,"Finance, productivity and innovation",Finance,OF2080,Combined finance,M3 26/27,score,1.0,,,,
Q1 2026/27,Midlands,Ambulance trust,Ambulance,RX9,East Midlands Ambulance Service NHS Trust,"Finance, productivity and innovation",Finance,OF2080,Combined finance,M3 26/27,score,1.0,,,,
Q1 2026/27,Midlands,Ambulance trust,Ambulance,RYA,West Midlands Ambulance Service University NHS Foundation Trust,"Finance, productivity and innovation",Finance,OF2080,Combined finance,M3 26/27,score,1.0,,,,
Q1 2026/27,East,Ambulance trust,Ambulance,RYC,East of England Ambulance Service NHS Trust,"Finance, productivity and innovation",Finance,OF2080,Combined finance,M3 26/27,score,1.0,,,,
Q1 2026/27,South East,Ambulance trust,Ambulance,RYD,South East Coast Ambulance Service NHS Foundation Trust,"Finance, productivity and innovation",Finance,OF2080,Combined finance,M3 26/27,score,1.0,,,,
Q1 2026/27,South East,Ambulance trust,Ambulance,RYE,South Central Ambulance Service NHS Foundation Trust,"Finance, productivity and innovation",Finance,OF2080,Combined finance,M3 26/27,score,1.0,,,,
Q1 2026/27,South West,Ambulance trust,Ambulance,RYF,South Western Ambulance Service NHS Foundation Trust,"Finance, productivity and innovation",Finance,OF2080,Combined finance,M3 26/27,score,1.0,,,,
Q1 2026/27,London,Ambulance trust,Ambulance,RRU,London Ambulance Service NHS Trust,"Finance, productivity and innovation",Finance,OF2081,Variance to plan year-to-date,Jun-26,score,1.0,,,,1.0
Q1 2026/27,North East and Yorkshire,Ambulance trust,Ambulance,RX6,North East Ambulance Service NHS Foundation Trust,"Finance, productivity and innovation",Finance,OF2081,Variance to plan year-to-date,Jun-26,score,1.0,,,,7.0
Q1 2026/27,North West,Ambulance trust,Ambulance,RX7,North West Ambulance Service NHS Trust,"Finance, productivity and innovation",Finance,OF2081,Variance to plan year-to-date,Jun-26,score,1.0,,,,2.0
Q1 2026/27,North East and Yorkshire,Ambulance trust,Ambulance,RX8,Yorkshire Ambulance Service NHS Trust,"Finance, productivity and innovation",Finance,OF2081,Variance to plan year-to-date,Jun-26,score,1.0,,,,4.0
Q1 2026/27,Midlands,Ambulance trust,Ambulance,RX9,East Midlands Ambulance Service NHS Trust,"Finance, productivity and innovation",Finance,OF2081,Variance to plan year-to-date,Jun-26,score,1.0,,,,6.0
Q1 2026/27,Midlands,Ambulance trust,Ambulance,RYA,West Midlands Ambulance Service University NHS Foundation Trust,"Finance, productivity and innovation",Finance,OF2081,Variance to plan year-to-date,Jun-26,score,1.0,,,,5.0
Q1 2026/27,East,Ambulance trust,Ambulance,RYC,East of England Ambulance Service NHS Trust,"Finance, productivity and innovation",Finance,OF2081,Variance to plan year-to-date,Jun-26,score,1.0,,,,3.0
Q1 2026/27,South East,Ambulance trust,Ambulance,RYD,South East Coast Ambulance Service NHS Foundation Trust,"Finance, productivity and innovation",Finance,OF2081,Variance to plan year-to-date,Jun-26,score,1.0,,,,9.0
Q1 2026/27,South East,Ambulance trust,Ambulance,RYE,South Central Ambulance Service NHS Foundation Trust,"Finance, productivity and innovation",Finance,OF2081,Variance to plan year-to-date,Jun-26,score,1.0,,,,8.0
Q1 2026/27,South West,Ambulance trust,Ambulance,RYF,South Western Ambulance Service NHS Foundation Trust,"Finance, productivity and innovation",Finance,OF2081,Variance to plan year-to-date,Jun-26,score,1.0,,,,9.0
Q1 2026/27,London,Ambulance trust,Ambulance,RRU,London Ambulance Service NHS Trust,People,People and culture,OF2082,Sickness absence rate,Mar-26,score,3.69,,,,3.0
Q1 2026/27,North East and Yorkshire,Ambulance trust,Ambulance,RX6,North East Ambulance Service NHS Foundation Trust,People,People and culture,OF2082,Sickness absence rate,Mar-26,score,3.9,,,,6.0
Q1 2026/27,North West,Ambulance trust,Ambulance,RX7,North West Ambulance Service NHS Trust,People,People and culture,OF2082,Sickness absence rate,Mar-26,score,3.97,,,,8.0
Q1 2026/27,North East and Yorkshire,Ambulance trust,Ambulance,RX8,Yorkshire Ambulance Service NHS Trust,People,People and culture,OF2082,Sickness absence rate,Mar-26,score,4.0,,,,10.0
Q1 2026/27,Midlands,Ambulance trust,Ambulance,RX9,East Midlands Ambulance Service NHS Trust,People,People and culture,OF2082,Sickness absence rate,Mar-26,score,3.88,,,,5.0
Q1 2026/27,Midlands,Ambulance trust,Ambulance,RYA,West Midlands Ambulance Service University NHS Foundation Trust,People,People and culture,OF2082,Sickness absence rate,Mar-26,score,1.49,,,,1.0
Q1 2026/27,East,Ambulance trust,Ambulance,RYC,East of England Ambulance Service NHS Trust,People,People and culture,OF2082,Sickness absence rate,Mar-26,score,3.99,,,,9.0
Q1 2026/27,South East,Ambulance trust,Ambulance,RYD,South East Coast Ambulance Service NHS Foundation Trust,People,People and culture,OF2082,Sickness absence rate,Mar-26,score,3.91,,,,7.0
Q1 2026/27,South East,Ambulance trust,Ambulance,RYE,South Central Ambulance Service NHS Foundation Trust,People,People and culture,OF2082,Sickness absence rate,Mar-26,score,3.85,,,,4.0
Q1 2026/27,South West,Ambulance trust,Ambulance,RYF,South Western Ambulance Service NHS Foundation Trust,People,People and culture,OF2082,Sickness absence rate,Mar-26,score,2.81,,,,2.0
Q1 2026/27,London,Ambulance trust,Ambulance,RRU,London Ambulance Service NHS Trust,People,People and culture,OF2084,NHS staff survey engagement theme sub-score ,2025,score,2.33,,,,5.0
Q1 2026/27,North East and Yorkshire,Ambulance trust,Ambulance,RX6,North East Ambulance Service NHS Foundation Trust,People,People and culture,OF2084,NHS staff survey engagement theme sub-score ,2025,score,1.33,,,,2.0
Q1 2026/27,North West,Ambulance trust,Ambulance,RX7,North West Ambulance Service NHS Trust,People,People and culture,OF2084,NHS staff survey engagement theme sub-score ,2025,score,1.67,,,,3.0
Q1 2026/27,North East and Yorkshire,Ambulance trust,Ambulance,RX8,Yorkshire Ambulance Service NHS Trust,People,People and culture,OF2084,NHS staff survey engagement theme sub-score ,2025,score,1.0,,,,1.0
Q1 2026/27,Midlands,Ambulance trust,Ambulance,RX9,East Midlands Ambulance Service NHS Trust,People,People and culture,OF2084,NHS staff survey engagement theme sub-score ,2025,score,2.67,,,,6.0
Q1 2026/27,Midlands,Ambulance trust,Ambulance,RYA,West Midlands Ambulance Service University NHS Foundation Trust,People,People and culture,OF2084,NHS staff survey engagement theme sub-score ,2025,score,4.0,,,,10.0
Q1 2026/27,East,Ambulance trust,Ambulance,RYC,East of England Ambulance Service NHS Trust,People,People and culture,OF2084,NHS staff survey engagement theme sub-score ,2025,score,3.33,,,,8.0
Q1 2026/27,South East,Ambulance trust,Ambulance,RYD,South East Coast Ambulance Service NHS Foundation Trust,People,People and culture,OF2084,NHS staff survey engagement theme sub-score ,2025,score,2.0,,,,4.0
Q1 2026/27,South East,Ambulance trust,Ambulance,RYE,South Central Ambulance Service NHS Foundation Trust,People,People and culture,OF2084,NHS staff survey engagement theme sub-score ,2025,score,3.67,,,,9.0
Q1 2026/27,South West,Ambulance trust,Ambulance,RYF,South Western Ambulance Service NHS Foundation Trust,People,People and culture,OF2084,NHS staff survey engagement theme sub-score ,2025,score,3.0,,,,7.0
Q1 2026/27,London,Ambulance trust,Ambulance,RRU,London Ambulance Service NHS Trust,"Finance, productivity and innovation",Productivity,OF2086,Relative cost difference (National Cost Collection Index),2025,score,2.77,,,,8.0
Q1 2026/27,North East and Yorkshire,Ambulance trust,Ambulance,RX6,North East Ambulance Service NHS Foundation Trust,"Finance, productivity and innovation",Productivity,OF2086,Relative cost difference (National Cost Collection Index),2025,score,1.0,,,,1.0
Q1 2026/27,North West,Ambulance trust,Ambulance,RX7,North West Ambulance Service NHS Trust,"Finance, productivity and innovation",Productivity,OF2086,Relative cost difference (National Cost Collection Index),2025,score,1.0,,,,5.0
Q1 2026/27,North East and Yorkshire,Ambulance trust,Ambulance,RX8,Yorkshire Ambulance Service NHS Trust,"Finance, productivity and innovation",Productivity,OF2086,Relative cost difference (National Cost Collection Index),2025,score,1.0,,,,6.0
Q1 2026/27,Midlands,Ambulance trust,Ambulance,RX9,East Midlands Ambulance Service NHS Trust,"Finance, productivity and innovation",Productivity,OF2086,Relative cost difference (National Cost Collection Index),2025,score,1.0,,,,2.0
Q1 2026/27,Midlands,Ambulance trust,Ambulance,RYA,West Midlands Ambulance Service University NHS Foundation Trust,"Finance, productivity and innovation",Productivity,OF2086,Relative cost difference (National Cost Collection Index),2025,score,1.0,,,,3.0
Q1 2026/27,East,Ambulance trust,Ambulance,RYC,East of England Ambulance Service NHS Trust,"Finance, productivity and innovation",Productivity,OF2086,Relative cost difference (National Cost Collection Index),2025,score,3.64,,,,10.0
Q1 2026/27,South East,Ambulance trust,Ambulance,RYD,South East Coast Ambulance Service NHS Foundation Trust,"Finance, productivity and innovation",Productivity,OF2086,Relative cost difference (National Cost Collection Index),2025,score,2.26,,,,7.0
Q1 2026/27,South East,Ambulance trust,Ambulance,RYE,South Central Ambulance Service NHS Foundation Trust,"Finance, productivity and innovation",Productivity,OF2086,Relative cost difference (National Cost Collection Index),2025,score,1.0,,,,4.0
Q1 2026/27,South West,Ambulance trust,Ambulance,RYF,South Western Ambulance Service NHS Foundation Trust,"Finance, productivity and innovation",Productivity,OF2086,Relative cost difference (National Cost Collection Index),2025,score,3.5,,,,9.0
Q1 2026/27,London,Ambulance trust,Ambulance,RRU,London Ambulance Service NHS Trust,"Finance, productivity and innovation",Innovation,OF2094,Percentage of clinical trials set up within 90 days,Q1 26/27,score,1.0,,,,1.0
Q1 2026/27,North East and Yorkshire,Ambulance trust,Ambulance,RX8,Yorkshire Ambulance Service NHS Trust,"Finance, productivity and innovation",Innovation,OF2094,Percentage of clinical trials set up within 90 days,Q1 26/27,score,1.0,,,,1.0
Q1 2026/27,South West,Ambulance trust,Ambulance,RYF,South Western Ambulance Service NHS Foundation Trust,"Finance, productivity and innovation",Innovation,OF2096,Overall Data Quality Maturity Index,M1 26/27,score,3.92,,,,1.0
Q1 2026/27,London,Ambulance trust,Ambulance,RRU,London Ambulance Service NHS Trust,People,People and culture,OF2101,Percentage of frontline healthcare workers to receive a flu vaccination,M11 25/26,score,2.28,,,,5.0
Q1 2026/27,North East and Yorkshire,Ambulance trust,Ambulance,RX6,North East Ambulance Service NHS Foundation Trust,People,People and culture,OF2101,Percentage of frontline healthcare workers to receive a flu vaccination,M11 25/26,score,3.37,,,,9.0
Q1 2026/27,North West,Ambulance trust,Ambulance,RX7,North West Ambulance Service NHS Trust,People,People and culture,OF2101,Percentage of frontline healthcare workers to receive a flu vaccination,M11 25/26,score,3.42,,,,10.0
Q1 2026/27,North East and Yorkshire,Ambulance trust,Ambulance,RX8,Yorkshire Ambulance Service NHS Trust,People,People and culture,OF2101,Percentage of frontline healthcare workers to receive a flu vaccination,M11 25/26,score,2.87,,,,8.0
Q1 2026/27,Midlands,Ambulance trust,Ambulance,RX9,East Midlands Ambulance Service NHS Trust,People,People and culture,OF2101,Percentage of frontline healthcare workers to receive a flu vaccination,M11 25/26,score,1.18,,,,3.0
Q1 2026/27,Midlands,Ambulance trust,Ambulance,RYA,West Midlands Ambulance Service University NHS Foundation Trust,People,People and culture,OF2101,Percentage of frontline healthcare workers to receive a flu vaccination,M11 25/26,score,1.04,,,,1.0
Q1 2026/27,East,Ambulance trust,Ambulance,RYC,East of England Ambulance Service NHS Trust,People,People and culture,OF2101,Percentage of frontline healthcare workers to receive a flu vaccination,M11 25/26,score,2.51,,,,7.0
Q1 2026/27,South East,Ambulance trust,Ambulance,RYD,South East Coast Ambulance Service NHS Foundation Trust,People,People and culture,OF2101,Percentage of frontline healthcare workers to receive a flu vaccination,M11 25/26,score,1.13,,,,2.0
Q1 2026/27,South East,Ambulance trust,Ambulance,RYE,South Central Ambulance Service NHS Foundation Trust,People,People and culture,OF2101,Percentage of frontline healthcare workers to receive a flu vaccination,M11 25/26,score,2.33,,,,6.0
Q1 2026/27,South West,Ambulance trust,Ambulance,RYF,South Western Ambulance Service NHS Foundation Trust,People,People and culture,OF2101,Percentage of frontline healthcare workers to receive a flu vaccination,M11 25/26,score,1.9,,,,4.0
Q1 2026/27,London,Ambulance trust,Ambulance,RRU,London Ambulance Service NHS Trust,People,People and culture,OF2102,National Education and Training Survey overall experience sub-score,2025,score,1.21,,,,2.0
Q1 2026/27,North East and Yorkshire,Ambulance trust,Ambulance,RX6,North East Ambulance Service NHS Foundation Trust,People,People and culture,OF2102,National Education and Training Survey overall experience sub-score,2025,score,1.0,,,,1.0
Q1 2026/27,North West,Ambulance trust,Ambulance,RX7,North West Ambulance Service NHS Trust,People,People and culture,OF2102,National Education and Training Survey overall experience sub-score,2025,score,1.25,,,,3.0
Q1 2026/27,North East and Yorkshire,Ambulance trust,Ambulance,RX8,Yorkshire Ambulance Service NHS Trust,People,People and culture,OF2102,National Education and Training Survey overall experience sub-score,2025,score,1.42,,,,5.0
Q1 2026/27,Midlands,Ambulance trust,Ambulance,RX9,East Midlands Ambulance Service NHS Trust,People,People and culture,OF2102,National Education and Training Survey overall experience sub-score,2025,score,2.67,,,,6.0
Q1 2026/27,Midlands,Ambulance trust,Ambulance,RYA,West Midlands Ambulance Service University NHS Foundation Trust,People,People and culture,OF2102,National Education and Training Survey overall experience sub-score,2025,score,3.42,,,,10.0
Q1 2026/27,East,Ambulance trust,Ambulance,RYC,East of England Ambulance Service NHS Trust,People,People and culture,OF2102,National Education and Training Survey overall experience sub-score,2025,score,2.75,,,,7.0
Q1 2026/27,South East,Ambulance trust,Ambulance,RYD,South East Coast Ambulance Service NHS Foundation Trust,People,People and culture,OF2102,National Education and Training Survey overall experience sub-score,2025,score,3.19,,,,9.0
Q1 2026/27,South East,Ambulance trust,Ambulance,RYE,South Central Ambulance Service NHS Foundation Trust,People,People and culture,OF2102,National Education and Training Survey overall experience sub-score,2025,score,3.12,,,,8.0
Q1 2026/27,South West,Ambulance trust,Ambulance,RYF,South Western Ambulance Service NHS Foundation Trust,People,People and culture,OF2102,National Education and Training Survey overall experience sub-score,2025,score,1.36,,,,4.0
Q1 2026/27,London,Ambulance trust,Ambulance,RRU,London Ambulance Service NHS Trust,People,Workforce,OF2108,Temporary staffing cost relative band,Q1 26/27,score,3.0,,,,
Q1 2026/27,North East and Yorkshire,Ambulance trust,Ambulance,RX6,North East Ambulance Service NHS Foundation Trust,People,Workforce,OF2108,Temporary staffing cost relative band,Q1 26/27,score,3.0,,,,
Q1 2026/27,North West,Ambulance trust,Ambulance,RX7,North West Ambulance Service NHS Trust,People,Workforce,OF2108,Temporary staffing cost relative band,Q1 26/27,score,1.0,,,,
Q1 2026/27,North East and Yorkshire,Ambulance trust,Ambulance,RX8,Yorkshire Ambulance Service NHS Trust,People,Workforce,OF2108,Temporary staffing cost relative band,Q1 26/27,score,1.0,,,,
Q1 2026/27,Midlands,Ambulance trust,Ambulance,RX9,East Midlands Ambulance Service NHS Trust,People,Workforce,OF2108,Temporary staffing cost relative band,Q1 26/27,score,2.0,,,,
Q1 2026/27,Midlands,Ambulance trust,Ambulance,RYA,West Midlands Ambulance Service University NHS Foundation Trust,People,Workforce,OF2108,Temporary staffing cost relative band,Q1 26/27,score,1.0,,,,
Q1 2026/27,East,Ambulance trust,Ambulance,RYC,East of England Ambulance Service NHS Trust,People,Workforce,OF2108,Temporary staffing cost relative band,Q1 26/27,score,1.0,,,,
Q1 2026/27,South East,Ambulance trust,Ambulance,RYD,South East Coast Ambulance Service NHS Foundation Trust,People,Workforce,OF2108,Temporary staffing cost relative band,Q1 26/27,score,1.0,,,,
Q1 2026/27,South East,Ambulance trust,Ambulance,RYE,South Central Ambulance Service NHS Foundation Trust,People,Workforce,OF2108,Temporary staffing cost relative band,Q1 26/27,score,1.0,,,,
Q1 2026/27,South West,Ambulance trust,Ambulance,RYF,South Western Ambulance Service NHS Foundation Trust,People,Workforce,OF2108,Temporary staffing cost relative band,Q1 26/27,score,1.0,,,,
Q1 2026/27,London,Ambulance trust,Ambulance,RRU,London Ambulance Service NHS Trust,People,People and culture,OF2120,NHS staff standards sub-score,2025,score,2.33,,,,5.0
Q1 2026/27,North East and Yorkshire,Ambulance trust,Ambulance,RX6,North East Ambulance Service NHS Foundation Trust,People,People and culture,OF2120,NHS staff standards sub-score,2025,score,1.33,,,,2.0
Q1 2026/27,North West,Ambulance trust,Ambulance,RX7,North West Ambulance Service NHS Trust,People,People and culture,OF2120,NHS staff standards sub-score,2025,score,1.67,,,,3.0
Q1 2026/27,North East and Yorkshire,Ambulance trust,Ambulance,RX8,Yorkshire Ambulance Service NHS Trust,People,People and culture,OF2120,NHS staff standards sub-score,2025,score,1.0,,,,1.0
Q1 2026/27,Midlands,Ambulance trust,Ambulance,RX9,East Midlands Ambulance Service NHS Trust,People,People and culture,OF2120,NHS staff standards sub-score,2025,score,2.67,,,,6.0
Q1 2026/27,Midlands,Ambulance trust,Ambulance,RYA,West Midlands Ambulance Service University NHS Foundation Trust,People,People and culture,OF2120,NHS staff standards sub-score,2025,score,4.0,,,,10.0
Q1 2026/27,East,Ambulance trust,Ambulance,RYC,East of England Ambulance Service NHS Trust,People,People and culture,OF2120,NHS staff standards sub-score,2025,score,3.0,,,,7.0
Q1 2026/27,South East,Ambulance trust,Ambulance,RYD,South East Coast Ambulance Service NHS Foundation Trust,People,People and culture,OF2120,NHS staff standards sub-score,2025,score,2.0,,,,4.0
Q1 2026/27,South East,Ambulance trust,Ambulance,RYE,South Central Ambulance Service NHS Foundation Trust,People,People and culture,OF2120,NHS staff standards sub-score,2025,score,3.67,,,,9.0
Q1 2026/27,South West,Ambulance trust,Ambulance,RYF,South Western Ambulance Service NHS Foundation Trust,People,People and culture,OF2120,NHS staff standards sub-score,2025,score,3.33,,,,8.0
Q1 2026/27,London,Ambulance trust,Ambulance,RRU,London Ambulance Service NHS Trust,People,Workforce,OF2207,Temporary staffing bank,Q1 26/27,score,1.0,,,,
Q1 2026/27,North East and Yorkshire,Ambulance trust,Ambulance,RX6,North East Ambulance Service NHS Foundation Trust,People,Workforce,OF2207,Temporary staffing bank,Q1 26/27,score,3.0,,,,
Q1 2026/27,North West,Ambulance trust,Ambulance,RX7,North West Ambulance Service NHS Trust,People,Workforce,OF2207,Temporary staffing bank,Q1 26/27,score,1.0,,,,
Q1 2026/27,North East and Yorkshire,Ambulance trust,Ambulance,RX8,Yorkshire Ambulance Service NHS Trust,People,Workforce,OF2207,Temporary staffing bank,Q1 26/27,score,1.0,,,,
Q1 2026/27,Midlands,Ambulance trust,Ambulance,RX9,East Midlands Ambulance Service NHS Trust,People,Workforce,OF2207,Temporary staffing bank,Q1 26/27,score,3.0,,,,
Q1 2026/27,Midlands,Ambulance trust,Ambulance,RYA,West Midlands Ambulance Service University NHS Foundation Trust,People,Workforce,OF2207,Temporary staffing bank,Q1 26/27,score,1.0,,,,
Q1 2026/27,East,Ambulance trust,Ambulance,RYC,East of England Ambulance Service NHS Trust,People,Workforce,OF2207,Temporary staffing bank,Q1 26/27,score,1.0,,,,
Q1 2026/27,South East,Ambulance trust,Ambulance,RYD,South East Coast Ambulance Service NHS Foundation Trust,People,Workforce,OF2207,Temporary staffing bank,Q1 26/27,score,1.0,,,,
Q1 2026/27,South East,Ambulance trust,Ambulance,RYE,South Central Ambulance Service NHS Foundation Trust,People,Workforce,OF2207,Temporary staffing bank,Q1 26/27,score,1.0,,,,
Q1 2026/27,South West,Ambulance trust,Ambulance,RYF,South Western Ambulance Service NHS Foundation Trust,People,Workforce,OF2207,Temporary staffing bank,Q1 26/27,score,1.0,,,,
Q1 2026/27,London,Ambulance trust,Ambulance,RRU,London Ambulance Service NHS Trust,People,Workforce,OF2208,Temporary staffing agency,Q1 26/27,score,4.0,,,,
Q1 2026/27,North East and Yorkshire,Ambulance trust,Ambulance,RX6,North East Ambulance Service NHS Foundation Trust,People,Workforce,OF2208,Temporary staffing agency,Q1 26/27,score,3.0,,,,
Q1 2026/27,North West,Ambulance trust,Ambulance,RX7,North West Ambulance Service NHS Trust,People,Workforce,OF2208,Temporary staffing agency,Q1 26/27,score,1.0,,,,
Q1 2026/27,North East and Yorkshire,Ambulance trust,Ambulance,RX8,Yorkshire Ambulance Service NHS Trust,People,Workforce,OF2208,Temporary staffing agency,Q1 26/27,score,1.0,,,,
Q1 2026/27,Midlands,Ambulance trust,Ambulance,RX9,East Midlands Ambulance Service NHS Trust,People,Workforce,OF2208,Temporary staffing agency,Q1 26/27,score,1.0,,,,
Q1 2026/27,Midlands,Ambulance trust,Ambulance,RYA,West Midlands Ambulance Service University NHS Foundation Trust,People,Workforce,OF2208,Temporary staffing agency,Q1 26/27,score,1.0,,,,
Q1 2026/27,East,Ambulance trust,Ambulance,RYC,East of England Ambulance Service NHS Trust,People,Workforce,OF2208,Temporary staffing agency,Q1 26/27,score,1.0,,,,
Q1 2026/27,South East,Ambulance trust,Ambulance,RYD,South East Coast Ambulance Service NHS Foundation Trust,People,Workforce,OF2208,Temporary staffing agency,Q1 26/27,score,1.0,,,,
Q1 2026/27,South East,Ambulance trust,Ambulance,RYE,South Central Ambulance Service NHS Foundation Trust,People,Workforce,OF2208,Temporary staffing agency,Q1 26/27,score,2.0,,,,
Q1 2026/27,South West,Ambulance trust,Ambulance,RYF,South Western Ambulance Service NHS Foundation Trust,People,Workforce,OF2208,Temporary staffing agency,Q1 26/27,score,1.0,,,,
Q1 2026/27,London,Ambulance trust,Ambulance,RRU,London Ambulance Service NHS Trust,Access to services,Access to services domain score,OF4200,Access to services domain score,Q1 26/27,score,2.68,,,,8.0
Q1 2026/27,North East and Yorkshire,Ambulance trust,Ambulance,RX6,North East Ambulance Service NHS Foundation Trust,Access to services,Access to services domain score,OF4200,Access to services domain score,Q1 26/27,score,1.0,,,,1.0
Q1 2026/27,North West,Ambulance trust,Ambulance,RX7,North West Ambulance Service NHS Trust,Access to services,Access to services domain score,OF4200,Access to services domain score,Q1 26/27,score,2.0,,,,3.0
Q1 2026/27,North East and Yorkshire,Ambulance trust,Ambulance,RX8,Yorkshire Ambulance Service NHS Trust,Access to services,Access to services domain score,OF4200,Access to services domain score,Q1 26/27,score,2.5,,,,5.0
Q1 2026/27,Midlands,Ambulance trust,Ambulance,RX9,East Midlands Ambulance Service NHS Trust,Access to services,Access to services domain score,OF4200,Access to services domain score,Q1 26/27,score,2.86,,,,9.0
Q1 2026/27,Midlands,Ambulance trust,Ambulance,RYA,West Midlands Ambulance Service University NHS Foundation Trust,Access to services,Access to services domain score,OF4200,Access to services domain score,Q1 26/27,score,1.13,,,,2.0
Q1 2026/27,East,Ambulance trust,Ambulance,RYC,East of England Ambulance Service NHS Trust,Access to services,Access to services domain score,OF4200,Access to services domain score,Q1 26/27,score,2.2,,,,4.0
Q1 2026/27,South East,Ambulance trust,Ambulance,RYD,South East Coast Ambulance Service NHS Foundation Trust,Access to services,Access to services domain score,OF4200,Access to services domain score,Q1 26/27,score,2.52,,,,6.0
Q1 2026/27,South East,Ambulance trust,Ambulance,RYE,South Central Ambulance Service NHS Foundation Trust,Access to services,Access to services domain score,OF4200,Access to services domain score,Q1 26/27,score,3.71,,,,10.0
Q1 2026/27,South West,Ambulance trust,Ambulance,RYF,South Western Ambulance Service NHS Foundation Trust,Access to services,Access to services domain score,OF4200,Access to services domain score,Q1 26/27,score,2.63,,,,7.0
Q1 2026/27,London,Ambulance trust,Ambulance,RRU,London Ambulance Service NHS Trust,Patient safety,Patient safety domain score,OF4202,Patient safety domain score,Q1 26/27,score,2.0,,,,4.0
Q1 2026/27,North East and Yorkshire,Ambulance trust,Ambulance,RX6,North East Ambulance Service NHS Foundation Trust,Patient safety,Patient safety domain score,OF4202,Patient safety domain score,Q1 26/27,score,1.67,,,,3.0
Q1 2026/27,North West,Ambulance trust,Ambulance,RX7,North West Ambulance Service NHS Trust,Patient safety,Patient safety domain score,OF4202,Patient safety domain score,Q1 26/27,score,1.33,,,,2.0
Q1 2026/27,North East and Yorkshire,Ambulance trust,Ambulance,RX8,Yorkshire Ambulance Service NHS Trust,Patient safety,Patient safety domain score,OF4202,Patient safety domain score,Q1 26/27,score,1.0,,,,1.0
Q1 2026/27,Midlands,Ambulance trust,Ambulance,RX9,East Midlands Ambulance Service NHS Trust,Patient safety,Patient safety domain score,OF4202,Patient safety domain score,Q1 26/27,score,2.67,,,,6.0
Q1 2026/27,Midlands,Ambulance trust,Ambulance,RYA,West Midlands Ambulance Service University NHS Foundation Trust,Patient safety,Patient safety domain score,OF4202,Patient safety domain score,Q1 26/27,score,3.0,,,,7.0
Q1 2026/27,East,Ambulance trust,Ambulance,RYC,East of England Ambulance Service NHS Trust,Patient safety,Patient safety domain score,OF4202,Patient safety domain score,Q1 26/27,score,4.0,,,,10.0
Q1 2026/27,South East,Ambulance trust,Ambulance,RYD,South East Coast Ambulance Service NHS Foundation Trust,Patient safety,Patient safety domain score,OF4202,Patient safety domain score,Q1 26/27,score,2.33,,,,5.0
Q1 2026/27,South East,Ambulance trust,Ambulance,RYE,South Central Ambulance Service NHS Foundation Trust,Patient safety,Patient safety domain score,OF4202,Patient safety domain score,Q1 26/27,score,3.67,,,,9.0
Q1 2026/27,South West,Ambulance trust,Ambulance,RYF,South Western Ambulance Service NHS Foundation Trust,Patient safety,Patient safety domain score,OF4202,Patient safety domain score,Q1 26/27,score,3.33,,,,8.0
Q1 2026/27,London,Ambulance trust,Ambulance,RRU,London Ambulance Service NHS Trust,"Finance, productivity and innovation","Finance, productivity and innovation domain score",OF4203,"Finance, productivity and innovation domain score",Q1 26/27,score,1.59,,,,7.0
Q1 2026/27,North East and Yorkshire,Ambulance trust,Ambulance,RX6,North East Ambulance Service NHS Foundation Trust,"Finance, productivity and innovation","Finance, productivity and innovation domain score",OF4203,"Finance, productivity and innovation domain score",Q1 26/27,score,1.0,,,,1.0
Q1 2026/27,North West,Ambulance trust,Ambulance,RX7,North West Ambulance Service NHS Trust,"Finance, productivity and innovation","Finance, productivity and innovation domain score",OF4203,"Finance, productivity and innovation domain score",Q1 26/27,score,1.0,,,,1.0
Q1 2026/27,North East and Yorkshire,Ambulance trust,Ambulance,RX8,Yorkshire Ambulance Service NHS Trust,"Finance, productivity and innovation","Finance, productivity and innovation domain score",OF4203,"Finance, productivity and innovation domain score",Q1 26/27,score,1.0,,,,1.0
Q1 2026/27,Midlands,Ambulance trust,Ambulance,RX9,East Midlands Ambulance Service NHS Trust,"Finance, productivity and innovation","Finance, productivity and innovation domain score",OF4203,"Finance, productivity and innovation domain score",Q1 26/27,score,1.0,,,,1.0
Q1 2026/27,Midlands,Ambulance trust,Ambulance,RYA,West Midlands Ambulance Service University NHS Foundation Trust,"Finance, productivity and innovation","Finance, productivity and innovation domain score",OF4203,"Finance, productivity and innovation domain score",Q1 26/27,score,1.0,,,,1.0
Q1 2026/27,East,Ambulance trust,Ambulance,RYC,East of England Ambulance Service NHS Trust,"Finance, productivity and innovation","Finance, productivity and innovation domain score",OF4203,"Finance, productivity and innovation domain score",Q1 26/27,score,2.32,,,,9.0
Q1 2026/27,South East,Ambulance trust,Ambulance,RYD,South East Coast Ambulance Service NHS Foundation Trust,"Finance, productivity and innovation","Finance, productivity and innovation domain score",OF4203,"Finance, productivity and innovation domain score",Q1 26/27,score,1.63,,,,8.0
Q1 2026/27,South East,Ambulance trust,Ambulance,RYE,South Central Ambulance Service NHS Foundation Trust,"Finance, productivity and innovation","Finance, productivity and innovation domain score",OF4203,"Finance, productivity and innovation domain score",Q1 26/27,score,1.0,,,,1.0
Q1 2026/27,South West,Ambulance trust,Ambulance,RYF,South Western Ambulance Service NHS Foundation Trust,"Finance, productivity and innovation","Finance, productivity and innovation domain score",OF4203,"Finance, productivity and innovation domain score",Q1 26/27,score,2.81,,,,10.0
Q1 2026/27,London,Ambulance trust,Ambulance,RRU,London Ambulance Service NHS Trust,People,People domain score,OF4204,People domain score,Q1 26/27,score,2.47,,,,6.0
Q1 2026/27,North East and Yorkshire,Ambulance trust,Ambulance,RX6,North East Ambulance Service NHS Foundation Trust,People,People domain score,OF4204,People domain score,Q1 26/27,score,2.32,,,,5.0
Q1 2026/27,North West,Ambulance trust,Ambulance,RX7,North West Ambulance Service NHS Trust,People,People domain score,OF4204,People domain score,Q1 26/27,score,2.16,,,,2.0
Q1 2026/27,North East and Yorkshire,Ambulance trust,Ambulance,RX8,Yorkshire Ambulance Service NHS Trust,People,People domain score,OF4204,People domain score,Q1 26/27,score,1.88,,,,1.0
Q1 2026/27,Midlands,Ambulance trust,Ambulance,RX9,East Midlands Ambulance Service NHS Trust,People,People domain score,OF4204,People domain score,Q1 26/27,score,2.51,,,,8.0
Q1 2026/27,Midlands,Ambulance trust,Ambulance,RYA,West Midlands Ambulance Service University NHS Foundation Trust,People,People domain score,OF4204,People domain score,Q1 26/27,score,2.49,,,,7.0
Q1 2026/27,East,Ambulance trust,Ambulance,RYC,East of England Ambulance Service NHS Trust,People,People domain score,OF4204,People domain score,Q1 26/27,score,2.76,,,,9.0
Q1 2026/27,South East,Ambulance trust,Ambulance,RYD,South East Coast Ambulance Service NHS Foundation Trust,People,People domain score,OF4204,People domain score,Q1 26/27,score,2.21,,,,3.0
Q1 2026/27,South East,Ambulance trust,Ambulance,RYE,South Central Ambulance Service NHS Foundation Trust,People,People domain score,OF4204,People domain score,Q1 26/27,score,2.94,,,,10.0
Q1 2026/27,South West,Ambulance trust,Ambulance,RYF,South Western Ambulance Service NHS Foundation Trust,People,People domain score,OF4204,People domain score,Q1 26/27,score,2.23,,,,4.0
Q1 2026/27,London,Ambulance trust,Ambulance,RRU,London Ambulance Service NHS Trust,Experience of care,Experience of care domain score,OF4205,Experience of care domain score,Q1 26/27,segment,2.33,,,,5.0
Q1 2026/27,North East and Yorkshire,Ambulance trust,Ambulance,RX6,North East Ambulance Service NHS Foundation Trust,Experience of care,Experience of care domain score,OF4205,Experience of care domain score,Q1 26/27,segment,1.33,,,,2.0
Q1 2026/27,North West,Ambulance trust,Ambulance,RX7,North West Ambulance Service NHS Trust,Experience of care,Experience of care domain score,OF4205,Experience of care domain score,Q1 26/27,segment,1.67,,,,3.0
Q1 2026/27,North East and Yorkshire,Ambulance trust,Ambulance,RX8,Yorkshire Ambulance Service NHS Trust,Experience of care,Experience of care domain score,OF4205,Experience of care domain score,Q1 26/27,segment,1.0,,,,1.0
Q1 2026/27,Midlands,Ambulance trust,Ambulance,RX9,East Midlands Ambulance Service NHS Trust,Experience of care,Experience of care domain score,OF4205,Experience of care domain score,Q1 26/27,segment,2.67,,,,6.0
Q1 2026/27,Midlands,Ambulance trust,Ambulance,RYA,West Midlands Ambulance Service University NHS Foundation Trust,Experience of care,Experience of care domain score,OF4205,Experience of care domain score,Q1 26/27,segment,3.33,,,,8.0
Q1 2026/27,East,Ambulance trust,Ambulance,RYC,East of England Ambulance Service NHS Trust,Experience of care,Experience of care domain score,OF4205,Experience of care domain score,Q1 26/27,segment,3.67,,,,9.0
Q1 2026/27,South East,Ambulance trust,Ambulance,RYD,South East Coast Ambulance Service NHS Foundation Trust,Experience of care,Experience of care domain score,OF4205,Experience of care domain score,Q1 26/27,segment,2.0,,,,4.0
Q1 2026/27,South East,Ambulance trust,Ambulance,RYE,South Central Ambulance Service NHS Foundation Trust,Experience of care,Experience of care domain score,OF4205,Experience of care domain score,Q1 26/27,segment,4.0,,,,10.0
Q1 2026/27,South West,Ambulance trust,Ambulance,RYF,South Western Ambulance Service NHS Foundation Trust,Experience of care,Experience of care domain score,OF4205,Experience of care domain score,Q1 26/27,segment,3.0,,,,7.0
Q1 2026/27,London,Ambulance trust,Ambulance,RRU,London Ambulance Service NHS Trust,Effectiveness of care and population health,Effectiveness of care and population health domain score,OF4209,Effectiveness of care and population health domain score,Q1 26/27,score,1.6,,,,3.0
Q1 2026/27,North East and Yorkshire,Ambulance trust,Ambulance,RX6,North East Ambulance Service NHS Foundation Trust,Effectiveness of care and population health,Effectiveness of care and population health domain score,OF4209,Effectiveness of care and population health domain score,Q1 26/27,score,3.7,,,,9.0
Q1 2026/27,North West,Ambulance trust,Ambulance,RX7,North West Ambulance Service NHS Trust,Effectiveness of care and population health,Effectiveness of care and population health domain score,OF4209,Effectiveness of care and population health domain score,Q1 26/27,score,3.4,,,,8.0
Q1 2026/27,North East and Yorkshire,Ambulance trust,Ambulance,RX8,Yorkshire Ambulance Service NHS Trust,Effectiveness of care and population health,Effectiveness of care and population health domain score,OF4209,Effectiveness of care and population health domain score,Q1 26/27,score,4.0,,,,10.0
Q1 2026/27,Midlands,Ambulance trust,Ambulance,RX9,East Midlands Ambulance Service NHS Trust,Effectiveness of care and population health,Effectiveness of care and population health domain score,OF4209,Effectiveness of care and population health domain score,Q1 26/27,score,2.5,,,,6.0
Q1 2026/27,Midlands,Ambulance trust,Ambulance,RYA,West Midlands Ambulance Service University NHS Foundation Trust,Effectiveness of care and population health,Effectiveness of care and population health domain score,OF4209,Effectiveness of care and population health domain score,Q1 26/27,score,2.2,,,,5.0
Q1 2026/27,East,Ambulance trust,Ambulance,RYC,East of England Ambulance Service NHS Trust,Effectiveness of care and population health,Effectiveness of care and population health domain score,OF4209,Effectiveness of care and population health domain score,Q1 26/27,score,1.3,,,,2.0
Q1 2026/27,South East,Ambulance trust,Ambulance,RYD,South East Coast Ambulance Service NHS Foundation Trust,Effectiveness of care and population health,Effectiveness of care and population health domain score,OF4209,Effectiveness of care and population health domain score,Q1 26/27,score,2.8,,,,7.0
Q1 2026/27,South East,Ambulance trust,Ambulance,RYE,South Central Ambulance Service NHS Foundation Trust,Effectiveness of care and population health,Effectiveness of care and population health domain score,OF4209,Effectiveness of care and population health domain score,Q1 26/27,score,1.9,,,,4.0
Q1 2026/27,South West,Ambulance trust,Ambulance,RYF,South Western Ambulance Service NHS Foundation Trust,Effectiveness of care and population health,Effectiveness of care and population health domain score,OF4209,Effectiveness of care and population health domain score,Q1 26/27,score,1.0,,,,1.0
Q1 2026/27,London,Ambulance trust,Ambulance,RRU,London Ambulance Service NHS Trust,Access to services,Access to services domain segment,OF4300,Access to services domain segment,Q1 26/27,segment,3.0,,,,
Q1 2026/27,North East and Yorkshire,Ambulance trust,Ambulance,RX6,North East Ambulance Service NHS Foundation Trust,Access to services,Access to services domain segment,OF4300,Access to services domain segment,Q1 26/27,segment,1.0,,,,
Q1 2026/27,North West,Ambulance trust,Ambulance,RX7,North West Ambulance Service NHS Trust,Access to services,Access to services domain segment,OF4300,Access to services domain segment,Q1 26/27,segment,1.0,,,,
Q1 2026/27,North East and Yorkshire,Ambulance trust,Ambulance,RX8,Yorkshire Ambulance Service NHS Trust,Access to services,Access to services domain segment,OF4300,Access to services domain segment,Q1 26/27,segment,2.0,,,,
Q1 2026/27,Midlands,Ambulance trust,Ambulance,RX9,East Midlands Ambulance Service NHS Trust,Access to services,Access to services domain segment,OF4300,Access to services domain segment,Q1 26/27,segment,3.0,,,,
Q1 2026/27,Midlands,Ambulance trust,Ambulance,RYA,West Midlands Ambulance Service University NHS Foundation Trust,Access to services,Access to services domain segment,OF4300,Access to services domain segment,Q1 26/27,segment,1.0,,,,
Q1 2026/27,East,Ambulance trust,Ambulance,RYC,East of England Ambulance Service NHS Trust,Access to services,Access to services domain segment,OF4300,Access to services domain segment,Q1 26/27,segment,2.0,,,,
Q1 2026/27,South East,Ambulance trust,Ambulance,RYD,South East Coast Ambulance Service NHS Foundation Trust,Access to services,Access to services domain segment,OF4300,Access to services domain segment,Q1 26/27,segment,2.0,,,,
Q1 2026/27,South East,Ambulance trust,Ambulance,RYE,South Central Ambulance Service NHS Foundation Trust,Access to services,Access to services domain segment,OF4300,Access to services domain segment,Q1 26/27,segment,4.0,,,,
Q1 2026/27,South West,Ambulance trust,Ambulance,RYF,South Western Ambulance Service NHS Foundation Trust,Access to services,Access to services domain segment,OF4300,Access to services domain segment,Q1 26/27,segment,3.0,,,,
Q1 2026/27,London,Ambulance trust,Ambulance,RRU,London Ambulance Service NHS Trust,Patient safety,Patient safety domain segment,OF4302,Patient safety domain segment,Q1 26/27,segment,2.0,,,,
Q1 2026/27,North East and Yorkshire,Ambulance trust,Ambulance,RX6,North East Ambulance Service NHS Foundation Trust,Patient safety,Patient safety domain segment,OF4302,Patient safety domain segment,Q1 26/27,segment,1.0,,,,
Q1 2026/27,North West,Ambulance trust,Ambulance,RX7,North West Ambulance Service NHS Trust,Patient safety,Patient safety domain segment,OF4302,Patient safety domain segment,Q1 26/27,segment,1.0,,,,
Q1 2026/27,North East and Yorkshire,Ambulance trust,Ambulance,RX8,Yorkshire Ambulance Service NHS Trust,Patient safety,Patient safety domain segment,OF4302,Patient safety domain segment,Q1 26/27,segment,1.0,,,,
Q1 2026/27,Midlands,Ambulance trust,Ambulance,RX9,East Midlands Ambulance Service NHS Trust,Patient safety,Patient safety domain segment,OF4302,Patient safety domain segment,Q1 26/27,segment,3.0,,,,
Q1 2026/27,Midlands,Ambulance trust,Ambulance,RYA,West Midlands Ambulance Service University NHS Foundation Trust,Patient safety,Patient safety domain segment,OF4302,Patient safety domain segment,Q1 26/27,segment,4.0,,,,
Q1 2026/27,East,Ambulance trust,Ambulance,RYC,East of England Ambulance Service NHS Trust,Patient safety,Patient safety domain segment,OF4302,Patient safety domain segment,Q1 26/27,segment,4.0,,,,
Q1 2026/27,South East,Ambulance trust,Ambulance,RYD,South East Coast Ambulance Service NHS Foundation Trust,Patient safety,Patient safety domain segment,OF4302,Patient safety domain segment,Q1 26/27,segment,3.0,,,,
Q1 2026/27,South East,Ambulance trust,Ambulance,RYE,South Central Ambulance Service NHS Foundation Trust,Patient safety,Patient safety domain segment,OF4302,Patient safety domain segment,Q1 26/27,segment,4.0,,,,
Q1 2026/27,South West,Ambulance trust,Ambulance,RYF,South Western Ambulance Service NHS Foundation Trust,Patient safety,Patient safety domain segment,OF4302,Patient safety domain segment,Q1 26/27,segment,4.0,,,,
Q1 2026/27,London,Ambulance trust,Ambulance,RRU,London Ambulance Service NHS Trust,"Finance, productivity and innovation","Finance, productivity and innovation domain segment",OF4303,"Finance, productivity and innovation domain segment",Q1 26/27,segment,1.0,,,,
Q1 2026/27,North East and Yorkshire,Ambulance trust,Ambulance,RX6,North East Ambulance Service NHS Foundation Trust,"Finance, productivity and innovation","Finance, productivity and innovation domain segment",OF4303,"Finance, productivity and innovation domain segment",Q1 26/27,segment,1.0,,,,
Q1 2026/27,North West,Ambulance trust,Ambulance,RX7,North West Ambulance Service NHS Trust,"Finance, productivity and innovation","Finance, productivity and innovation domain segment",OF4303,"Finance, productivity and innovation domain segment",Q1 26/27,segment,1.0,,,,
Q1 2026/27,North East and Yorkshire,Ambulance trust,Ambulance,RX8,Yorkshire Ambulance Service NHS Trust,"Finance, productivity and innovation","Finance, productivity and innovation domain segment",OF4303,"Finance, productivity and innovation domain segment",Q1 26/27,segment,1.0,,,,
Q1 2026/27,Midlands,Ambulance trust,Ambulance,RX9,East Midlands Ambulance Service NHS Trust,"Finance, productivity and innovation","Finance, productivity and innovation domain segment",OF4303,"Finance, productivity and innovation domain segment",Q1 26/27,segment,1.0,,,,
Q1 2026/27,Midlands,Ambulance trust,Ambulance,RYA,West Midlands Ambulance Service University NHS Foundation Trust,"Finance, productivity and innovation","Finance, productivity and innovation domain segment",OF4303,"Finance, productivity and innovation domain segment",Q1 26/27,segment,1.0,,,,
Q1 2026/27,East,Ambulance trust,Ambulance,RYC,East of England Ambulance Service NHS Trust,"Finance, productivity and innovation","Finance, productivity and innovation domain segment",OF4303,"Finance, productivity and innovation domain segment",Q1 26/27,segment,2.0,,,,
Q1 2026/27,South East,Ambulance trust,Ambulance,RYD,South East Coast Ambulance Service NHS Foundation Trust,"Finance, productivity and innovation","Finance, productivity and innovation domain segment",OF4303,"Finance, productivity and innovation domain segment",Q1 26/27,segment,1.0,,,,
Q1 2026/27,South East,Ambulance trust,Ambulance,RYE,South Central Ambulance Service NHS Foundation Trust,"Finance, productivity and innovation","Finance, productivity and innovation domain segment",OF4303,"Finance, productivity and innovation domain segment",Q1 26/27,segment,1.0,,,,
Q1 2026/27,South West,Ambulance trust,Ambulance,RYF,South Western Ambulance Service NHS Foundation Trust,"Finance, productivity and innovation","Finance, productivity and innovation domain segment",OF4303,"Finance, productivity and innovation domain segment",Q1 26/27,segment,4.0,,,,
Q1 2026/27,London,Ambulance trust,Ambulance,RRU,London Ambulance Service NHS Trust,People,People domain segment,OF4304,People domain segment,Q1 26/27,segment,3.0,,,,
Q1 2026/27,North East and Yorkshire,Ambulance trust,Ambulance,RX6,North East Ambulance Service NHS Foundation Trust,People,People domain segment,OF4304,People domain segment,Q1 26/27,segment,2.0,,,,
Q1 2026/27,North West,Ambulance trust,Ambulance,RX7,North West Ambulance Service NHS Trust,People,People domain segment,OF4304,People domain segment,Q1 26/27,segment,2.0,,,,
Q1 2026/27,North East and Yorkshire,Ambulance trust,Ambulance,RX8,Yorkshire Ambulance Service NHS Trust,People,People domain segment,OF4304,People domain segment,Q1 26/27,segment,1.0,,,,
Q1 2026/27,Midlands,Ambulance trust,Ambulance,RX9,East Midlands Ambulance Service NHS Trust,People,People domain segment,OF4304,People domain segment,Q1 26/27,segment,3.0,,,,
Q1 2026/27,Midlands,Ambulance trust,Ambulance,RYA,West Midlands Ambulance Service University NHS Foundation Trust,People,People domain segment,OF4304,People domain segment,Q1 26/27,segment,3.0,,,,
Q1 2026/27,East,Ambulance trust,Ambulance,RYC,East of England Ambulance Service NHS Trust,People,People domain segment,OF4304,People domain segment,Q1 26/27,segment,3.0,,,,
Q1 2026/27,South East,Ambulance trust,Ambulance,RYD,South East Coast Ambulance Service NHS Foundation Trust,People,People domain segment,OF4304,People domain segment,Q1 26/27,segment,2.0,,,,
Q1 2026/27,South East,Ambulance trust,Ambulance,RYE,South Central Ambulance Service NHS Foundation Trust,People,People domain segment,OF4304,People domain segment,Q1 26/27,segment,4.0,,,,
Q1 2026/27,South West,Ambulance trust,Ambulance,RYF,South Western Ambulance Service NHS Foundation Trust,People,People domain segment,OF4304,People domain segment,Q1 26/27,segment,2.0,,,,
Q1 2026/27,London,Ambulance trust,Ambulance,RRU,London Ambulance Service NHS Trust,Experience of care,Experience of care domain segment,OF4305,Experience of care domain segment,Q1 26/27,segment,2.0,,,,
Q1 2026/27,North East and Yorkshire,Ambulance trust,Ambulance,RX6,North East Ambulance Service NHS Foundation Trust,Experience of care,Experience of care domain segment,OF4305,Experience of care domain segment,Q1 26/27,segment,1.0,,,,
Q1 2026/27,North West,Ambulance trust,Ambulance,RX7,North West Ambulance Service NHS Trust,Experience of care,Experience of care domain segment,OF4305,Experience of care domain segment,Q1 26/27,segment,1.0,,,,
Q1 2026/27,North East and Yorkshire,Ambulance trust,Ambulance,RX8,Yorkshire Ambulance Service NHS Trust,Experience of care,Experience of care domain segment,OF4305,Experience of care domain segment,Q1 26/27,segment,1.0,,,,
Q1 2026/27,Midlands,Ambulance trust,Ambulance,RX9,East Midlands Ambulance Service NHS Trust,Experience of care,Experience of care domain segment,OF4305,Experience of care domain segment,Q1 26/27,segment,3.0,,,,
Q1 2026/27,Midlands,Ambulance trust,Ambulance,RYA,West Midlands Ambulance Service University NHS Foundation Trust,Experience of care,Experience of care domain segment,OF4305,Experience of care domain segment,Q1 26/27,segment,4.0,,,,
Q1 2026/27,East,Ambulance trust,Ambulance,RYC,East of England Ambulance Service NHS Trust,Experience of care,Experience of care domain segment,OF4305,Experience of care domain segment,Q1 26/27,segment,4.0,,,,
Q1 2026/27,South East,Ambulance trust,Ambulance,RYD,South East Coast Ambulance Service NHS Foundation Trust,Experience of care,Experience of care domain segment,OF4305,Experience of care domain segment,Q1 26/27,segment,2.0,,,,
Q1 2026/27,South East,Ambulance trust,Ambulance,RYE,South Central Ambulance Service NHS Foundation Trust,Experience of care,Experience of care domain segment,OF4305,Experience of care domain segment,Q1 26/27,segment,4.0,,,,
Q1 2026/27,South West,Ambulance trust,Ambulance,RYF,South Western Ambulance Service NHS Foundation Trust,Experience of care,Experience of care domain segment,OF4305,Experience of care domain segment,Q1 26/27,segment,4.0,,,,
Q1 2026/27,London,Ambulance trust,Ambulance,RRU,London Ambulance Service NHS Trust,Effectiveness of care and population health,Effectiveness of care and population health domain segment,OF4309,Effectiveness of care and population health domain segment,Q1 26/27,segment,1.0,,,,
Q1 2026/27,North East and Yorkshire,Ambulance trust,Ambulance,RX6,North East Ambulance Service NHS Foundation Trust,Effectiveness of care and population health,Effectiveness of care and population health domain segment,OF4309,Effectiveness of care and population health domain segment,Q1 26/27,segment,4.0,,,,
Q1 2026/27,North West,Ambulance trust,Ambulance,RX7,North West Ambulance Service NHS Trust,Effectiveness of care and population health,Effectiveness of care and population health domain segment,OF4309,Effectiveness of care and population health domain segment,Q1 26/27,segment,4.0,,,,
Q1 2026/27,North East and Yorkshire,Ambulance trust,Ambulance,RX8,Yorkshire Ambulance Service NHS Trust,Effectiveness of care and population health,Effectiveness of care and population health domain segment,OF4309,Effectiveness of care and population health domain segment,Q1 26/27,segment,4.0,,,,
Q1 2026/27,Midlands,Ambulance trust,Ambulance,RX9,East Midlands Ambulance Service NHS Trust,Effectiveness of care and population health,Effectiveness of care and population health domain segment,OF4309,Effectiveness of care and population health domain segment,Q1 26/27,segment,3.0,,,,
Q1 2026/27,Midlands,Ambulance trust,Ambulance,RYA,West Midlands Ambulance Service University NHS Foundation Trust,Effectiveness of care and population health,Effectiveness of care and population health domain segment,OF4309,Effectiveness of care and population health domain segment,Q1 26/27,segment,2.0,,,,
Q1 2026/27,East,Ambulance trust,Ambulance,RYC,East of England Ambulance Service NHS Trust,Effectiveness of care and population health,Effectiveness of care and population health domain segment,OF4309,Effectiveness of care and population health domain segment,Q1 26/27,segment,1.0,,,,
Q1 2026/27,South East,Ambulance trust,Ambulance,RYD,South East Coast Ambulance Service NHS Foundation Trust,Effectiveness of care and population health,Effectiveness of care and population health domain segment,OF4309,Effectiveness of care and population health domain segment,Q1 26/27,segment,4.0,,,,
Q1 2026/27,South East,Ambulance trust,Ambulance,RYE,South Central Ambulance Service NHS Foundation Trust,Effectiveness of care and population health,Effectiveness of care and population health domain segment,OF4309,Effectiveness of care and population health domain segment,Q1 26/27,segment,2.0,,,,
Q1 2026/27,South West,Ambulance trust,Ambulance,RYF,South Western Ambulance Service NHS Foundation Trust,Effectiveness of care and population health,Effectiveness of care and population health domain segment,OF4309,Effectiveness of care and population health domain segment,Q1 26/27,segment,1.0,,,,
Q1 2026/27,London,Ambulance trust,Ambulance,RRU,London Ambulance Service NHS Trust,Summary,Summary,OF5200,Adjusted segment,Q1 26/27,segment,2.0,,,,5.0
Q1 2026/27,North East and Yorkshire,Ambulance trust,Ambulance,RX6,North East Ambulance Service NHS Foundation Trust,Summary,Summary,OF5200,Adjusted segment,Q1 26/27,segment,1.0,,,,2.0
Q1 2026/27,North West,Ambulance trust,Ambulance,RX7,North West Ambulance Service NHS Trust,Summary,Summary,OF5200,Adjusted segment,Q1 26/27,segment,2.0,,,,3.0
Q1 2026/27,North East and Yorkshire,Ambulance trust,Ambulance,RX8,Yorkshire Ambulance Service NHS Trust,Summary,Summary,OF5200,Adjusted segment,Q1 26/27,segment,1.0,,,,1.0
Q1 2026/27,Midlands,Ambulance trust,Ambulance,RX9,East Midlands Ambulance Service NHS Trust,Summary,Summary,OF5200,Adjusted segment,Q1 26/27,segment,3.0,,,,7.0
Q1 2026/27,Midlands,Ambulance trust,Ambulance,RYA,West Midlands Ambulance Service University NHS Foundation Trust,Summary,Summary,OF5200,Adjusted segment,Q1 26/27,segment,2.0,,,,4.0
Q1 2026/27,East,Ambulance trust,Ambulance,RYC,East of England Ambulance Service NHS Trust,Summary,Summary,OF5200,Adjusted segment,Q1 26/27,segment,3.0,,,,9.0
Q1 2026/27,South East,Ambulance trust,Ambulance,RYD,South East Coast Ambulance Service NHS Foundation Trust,Summary,Summary,OF5200,Adjusted segment,Q1 26/27,segment,2.0,,,,5.0
Q1 2026/27,South East,Ambulance trust,Ambulance,RYE,South Central Ambulance Service NHS Foundation Trust,Summary,Summary,OF5200,Adjusted segment,Q1 26/27,segment,4.0,,,,10.0
Q1 2026/27,South West,Ambulance trust,Ambulance,RYF,South Western Ambulance Service NHS Foundation Trust,Summary,Summary,OF5200,Adjusted segment,Q1 26/27,segment,3.0,,,,8.0
Q1 2026/27,London,Ambulance trust,Ambulance,RRU,London Ambulance Service NHS Trust,Summary,Summary,OF5202,Average metric score,Q1 26/27,segment,2.21,,,,5.0
Q1 2026/27,North East and Yorkshire,Ambulance trust,Ambulance,RX6,North East Ambulance Service NHS Foundation Trust,Summary,Summary,OF5202,Average metric score,Q1 26/27,segment,1.9,,,,2.0
Q1 2026/27,North West,Ambulance trust,Ambulance,RX7,North West Ambulance Service NHS Trust,Summary,Summary,OF5202,Average metric score,Q1 26/27,segment,1.95,,,,3.0
Q1 2026/27,North East and Yorkshire,Ambulance trust,Ambulance,RX8,Yorkshire Ambulance Service NHS Trust,Summary,Summary,OF5202,Average metric score,Q1 26/27,segment,1.81,,,,1.0
Q1 2026/27,Midlands,Ambulance trust,Ambulance,RX9,East Midlands Ambulance Service NHS Trust,Summary,Summary,OF5202,Average metric score,Q1 26/27,segment,2.35,,,,7.0
Q1 2026/27,Midlands,Ambulance trust,Ambulance,RYA,West Midlands Ambulance Service University NHS Foundation Trust,Summary,Summary,OF5202,Average metric score,Q1 26/27,segment,2.13,,,,4.0
Q1 2026/27,East,Ambulance trust,Ambulance,RYC,East of England Ambulance Service NHS Trust,Summary,Summary,OF5202,Average metric score,Q1 26/27,segment,2.66,,,,9.0
Q1 2026/27,South East,Ambulance trust,Ambulance,RYD,South East Coast Ambulance Service NHS Foundation Trust,Summary,Summary,OF5202,Average metric score,Q1 26/27,segment,2.21,,,,5.0
Q1 2026/27,South East,Ambulance trust,Ambulance,RYE,South Central Ambulance Service NHS Foundation Trust,Summary,Summary,OF5202,Average metric score,Q1 26/27,segment,2.82,,,,10.0
Q1 2026/27,South West,Ambulance trust,Ambulance,RYF,South Western Ambulance Service NHS Foundation Trust,Summary,Summary,OF5202,Average metric score,Q1 26/27,segment,2.46,,,,8.0
Q1 2026/27,London,Ambulance trust,Ambulance,RRU,London Ambulance Service NHS Trust,Summary,Summary,OF5203,Unadjusted segment,Q1 26/27,flag,2.0,,,,
Q1 2026/27,North East and Yorkshire,Ambulance trust,Ambulance,RX6,North East Ambulance Service NHS Foundation Trust,Summary,Summary,OF5203,Unadjusted segment,Q1 26/27,flag,1.0,,,,
Q1 2026/27,North West,Ambulance trust,Ambulance,RX7,North West Ambulance Service NHS Trust,Summary,Summary,OF5203,Unadjusted segment,Q1 26/27,flag,2.0,,,,
Q1 2026/27,North East and Yorkshire,Ambulance trust,Ambulance,RX8,Yorkshire Ambulance Service NHS Trust,Summary,Summary,OF5203,Unadjusted segment,Q1 26/27,flag,1.0,,,,
Q1 2026/27,Midlands,Ambulance trust,Ambulance,RX9,East Midlands Ambulance Service NHS Trust,Summary,Summary,OF5203,Unadjusted segment,Q1 26/27,flag,3.0,,,,
Q1 2026/27,Midlands,Ambulance trust,Ambulance,RYA,West Midlands Ambulance Service University NHS Foundation Trust,Summary,Summary,OF5203,Unadjusted segment,Q1 26/27,flag,2.0,,,,
Q1 2026/27,East,Ambulance trust,Ambulance,RYC,East of England Ambulance Service NHS Trust,Summary,Summary,OF5203,Unadjusted segment,Q1 26/27,flag,3.0,,,,
Q1 2026/27,South East,Ambulance trust,Ambulance,RYD,South East Coast Ambulance Service NHS Foundation Trust,Summary,Summary,OF5203,Unadjusted segment,Q1 26/27,flag,2.0,,,,
Q1 2026/27,South East,Ambulance trust,Ambulance,RYE,South Central Ambulance Service NHS Foundation Trust,Summary,Summary,OF5203,Unadjusted segment,Q1 26/27,flag,4.0,,,,
Q1 2026/27,South West,Ambulance trust,Ambulance,RYF,South Western Ambulance Service NHS Foundation Trust,Summary,Summary,OF5203,Unadjusted segment,Q1 26/27,flag,3.0,,,,
Q1 2026/27,London,Ambulance trust,Ambulance,RRU,London Ambulance Service NHS Trust,Summary,Summary,OF5204,Financial override,Q1 26/27,segment,0.0,,,,
Q1 2026/27,North East and Yorkshire,Ambulance trust,Ambulance,RX6,North East Ambulance Service NHS Foundation Trust,Summary,Summary,OF5204,Financial override,Q1 26/27,segment,0.0,,,,
Q1 2026/27,North West,Ambulance trust,Ambulance,RX7,North West Ambulance Service NHS Trust,Summary,Summary,OF5204,Financial override,Q1 26/27,segment,0.0,,,,
Q1 2026/27,North East and Yorkshire,Ambulance trust,Ambulance,RX8,Yorkshire Ambulance Service NHS Trust,Summary,Summary,OF5204,Financial override,Q1 26/27,segment,0.0,,,,
Q1 2026/27,Midlands,Ambulance trust,Ambulance,RX9,East Midlands Ambulance Service NHS Trust,Summary,Summary,OF5204,Financial override,Q1 26/27,segment,0.0,,,,
Q1 2026/27,Midlands,Ambulance trust,Ambulance,RYA,West Midlands Ambulance Service University NHS Foundation Trust,Summary,Summary,OF5204,Financial override,Q1 26/27,segment,0.0,,,,
Q1 2026/27,East,Ambulance trust,Ambulance,RYC,East of England Ambulance Service NHS Trust,Summary,Summary,OF5204,Financial override,Q1 26/27,segment,0.0,,,,
Q1 2026/27,South East,Ambulance trust,Ambulance,RYD,South East Coast Ambulance Service NHS Foundation Trust,Summary,Summary,OF5204,Financial override,Q1 26/27,segment,0.0,,,,
Q1 2026/27,South East,Ambulance trust,Ambulance,RYE,South Central Ambulance Service NHS Foundation Trust,Summary,Summary,OF5204,Financial override,Q1 26/27,segment,0.0,,,,
Q1 2026/27,South West,Ambulance trust,Ambulance,RYF,South Western Ambulance Service NHS Foundation Trust,Summary,Summary,OF5204,Financial override,Q1 26/27,segment,0.0,,,,
